timestamp, utilization.gpu [%], memory.used [MiB], memory.total [MiB], clocks.current.sm [MHz], power.draw [W]
2026/10/04 00:42:25.255, 0 %, 5 MiB, 4096 MiB, 300 MHz, 1.44 W
2026/10/04 00:42:27.257, 1 %, 102 MiB, 4096 MiB, 855 MHz, 13.12 W
2026/10/04 00:42:29.259, 0 %, 1458 MiB, 4096 MiB, 1380 MHz, 32.16 W
2026/10/04 00:42:31.261, 40 %, 1439 MiB, 4096 MiB, 1620 MHz, 35.83 W
2026/10/04 00:42:33.263, 85 %, 1435 MiB, 4096 MiB, 1410 MHz, 35.75 W
2026/10/04 00:42:35.265, 81 %, 1435 MiB, 4096 MiB, 1440 MHz, 35.69 W
2026/10/04 00:42:37.272, 77 %, 1435 MiB, 4096 MiB, 1380 MHz, 34.39 W
2026/10/04 00:42:39.275, 29 %, 215 MiB, 4096 MiB, 1800 MHz, 18.24 W
2026/10/04 00:42:41.277, 77 %, 1460 MiB, 4096 MiB, 1410 MHz, 34.68 W
2026/10/04 00:42:43.284, 77 %, 1460 MiB, 4096 MiB, 1380 MHz, 36.78 W
2026/10/04 00:42:45.286, 76 %, 1460 MiB, 4096 MiB, 1365 MHz, 35.64 W
2026/10/04 00:42:47.292, 78 %, 1460 MiB, 4096 MiB, 1800 MHz, 17.73 W
2026/10/04 00:42:49.293, 61 %, 1396 MiB, 4096 MiB, 1380 MHz, 35.05 W
2026/10/04 00:42:51.296, 84 %, 1396 MiB, 4096 MiB, 1350 MHz, 35.35 W
2026/10/04 00:42:53.298, 84 %, 1396 MiB, 4096 MiB, 1365 MHz, 41.90 W
2026/10/04 00:42:55.304, 84 %, 1396 MiB, 4096 MiB, 1410 MHz, 38.05 W
2026/10/04 00:42:57.305, 83 %, 1395 MiB, 4096 MiB, 1800 MHz, 17.99 W
2026/10/04 00:42:59.307, 83 %, 1435 MiB, 4096 MiB, 1365 MHz, 35.47 W
2026/10/04 00:43:01.309, 79 %, 1435 MiB, 4096 MiB, 1380 MHz, 33.62 W
2026/10/04 00:43:03.320, 81 %, 1435 MiB, 4096 MiB, 1350 MHz, 35.58 W
2026/10/04 00:43:05.322, 80 %, 1435 MiB, 4096 MiB, 1350 MHz, 35.33 W
2026/10/04 00:43:07.329, 45 %, 1459 MiB, 4096 MiB, 1365 MHz, 33.63 W
2026/10/04 00:43:09.332, 80 %, 1459 MiB, 4096 MiB, 1365 MHz, 34.00 W
2026/10/04 00:43:11.335, 80 %, 1459 MiB, 4096 MiB, 1380 MHz, 31.17 W
2026/10/04 00:43:13.337, 79 %, 1459 MiB, 4096 MiB, 1800 MHz, 17.62 W
2026/10/04 00:43:15.339, 80 %, 1459 MiB, 4096 MiB, 1785 MHz, 30.95 W
2026/10/04 00:43:17.344, 0 %, 828 MiB, 4096 MiB, 345 MHz, 6.99 W
2026/10/04 00:43:19.348, 94 %, 1446 MiB, 4096 MiB, 1365 MHz, 36.11 W
2026/10/04 00:43:21.350, 81 %, 1437 MiB, 4096 MiB, 1380 MHz, 34.06 W
2026/10/04 00:43:23.352, 81 %, 1437 MiB, 4096 MiB, 1350 MHz, 35.26 W
2026/10/04 00:43:25.356, 79 %, 1437 MiB, 4096 MiB, 1350 MHz, 17.16 W
2026/10/04 00:43:27.357, 81 %, 1429 MiB, 4096 MiB, 1785 MHz, 19.58 W
2026/10/04 00:43:29.360, 81 %, 1429 MiB, 4096 MiB, 1740 MHz, 35.80 W
2026/10/04 00:43:31.361, 81 %, 1429 MiB, 4096 MiB, 1395 MHz, 35.49 W
2026/10/04 00:43:33.363, 82 %, 1429 MiB, 4096 MiB, 1395 MHz, 35.70 W
2026/10/04 00:43:35.365, 83 %, 1429 MiB, 4096 MiB, 1395 MHz, 35.08 W
2026/10/04 00:43:37.367, 80 %, 1429 MiB, 4096 MiB, 1785 MHz, 18.10 W
2026/10/04 00:43:39.369, 84 %, 1445 MiB, 4096 MiB, 1365 MHz, 35.80 W
2026/10/04 00:43:41.371, 86 %, 1445 MiB, 4096 MiB, 1455 MHz, 32.67 W
2026/10/04 00:43:43.378, 81 %, 1445 MiB, 4096 MiB, 1365 MHz, 35.07 W
2026/10/04 00:43:45.380, 81 %, 1445 MiB, 4096 MiB, 1335 MHz, 18.08 W
2026/10/04 00:43:47.383, 80 %, 1445 MiB, 4096 MiB, 1785 MHz, 21.92 W
2026/10/04 00:43:49.385, 80 %, 1445 MiB, 4096 MiB, 1680 MHz, 35.67 W
2026/10/04 00:43:51.392, 81 %, 1445 MiB, 4096 MiB, 1395 MHz, 35.57 W
2026/10/04 00:43:53.394, 81 %, 1445 MiB, 4096 MiB, 1395 MHz, 36.23 W
2026/10/04 00:43:55.396, 80 %, 1445 MiB, 4096 MiB, 1410 MHz, 34.83 W
2026/10/04 00:43:57.398, 78 %, 1443 MiB, 4096 MiB, 1785 MHz, 18.11 W
2026/10/04 00:43:59.401, 85 %, 1379 MiB, 4096 MiB, 1425 MHz, 34.61 W
2026/10/04 00:44:01.403, 84 %, 1379 MiB, 4096 MiB, 1365 MHz, 35.59 W
2026/10/04 00:44:03.405, 86 %, 1379 MiB, 4096 MiB, 1365 MHz, 35.50 W
2026/10/04 00:44:05.407, 85 %, 1379 MiB, 4096 MiB, 1365 MHz, 36.06 W
2026/10/04 00:44:07.409, 86 %, 1379 MiB, 4096 MiB, 1365 MHz, 36.16 W
2026/10/04 00:44:09.413, 85 %, 1379 MiB, 4096 MiB, 1365 MHz, 35.67 W
2026/10/04 00:44:11.415, 86 %, 1379 MiB, 4096 MiB, 1365 MHz, 35.75 W
2026/10/04 00:44:13.418, 86 %, 1379 MiB, 4096 MiB, 1365 MHz, 35.56 W
2026/10/04 00:44:15.420, 86 %, 1379 MiB, 4096 MiB, 1365 MHz, 35.67 W
2026/10/04 00:44:17.422, 47 %, 1419 MiB, 4096 MiB, 1395 MHz, 35.44 W
2026/10/04 00:44:19.426, 81 %, 1419 MiB, 4096 MiB, 1410 MHz, 36.26 W
2026/10/04 00:44:21.428, 82 %, 1419 MiB, 4096 MiB, 1425 MHz, 35.58 W
2026/10/04 00:44:23.430, 83 %, 1419 MiB, 4096 MiB, 1365 MHz, 37.08 W
2026/10/04 00:44:25.431, 82 %, 1419 MiB, 4096 MiB, 1365 MHz, 34.10 W
2026/10/04 00:44:27.433, 82 %, 1419 MiB, 4096 MiB, 1395 MHz, 35.47 W
2026/10/04 00:44:29.441, 84 %, 1419 MiB, 4096 MiB, 1350 MHz, 34.69 W
2026/10/04 00:44:31.443, 86 %, 1419 MiB, 4096 MiB, 1395 MHz, 36.66 W
2026/10/04 00:44:33.449, 85 %, 1419 MiB, 4096 MiB, 1320 MHz, 27.45 W
2026/10/04 00:44:35.452, 83 %, 1419 MiB, 4096 MiB, 1785 MHz, 18.12 W
2026/10/04 00:44:37.454, 87 %, 1443 MiB, 4096 MiB, 1320 MHz, 33.50 W
2026/10/04 00:44:39.456, 80 %, 1443 MiB, 4096 MiB, 1785 MHz, 17.78 W
2026/10/04 00:44:41.458, 82 %, 1443 MiB, 4096 MiB, 1410 MHz, 35.69 W
2026/10/04 00:44:43.460, 82 %, 1443 MiB, 4096 MiB, 1395 MHz, 35.93 W
2026/10/04 00:44:45.464, 81 %, 1443 MiB, 4096 MiB, 1410 MHz, 34.64 W
2026/10/04 00:44:47.466, 80 %, 1443 MiB, 4096 MiB, 1425 MHz, 35.87 W
2026/10/04 00:44:49.468, 80 %, 1443 MiB, 4096 MiB, 1365 MHz, 37.25 W
2026/10/04 00:44:51.470, 82 %, 1443 MiB, 4096 MiB, 1500 MHz, 33.77 W
2026/10/04 00:44:53.472, 80 %, 1443 MiB, 4096 MiB, 1350 MHz, 34.68 W
2026/10/04 00:44:55.480, 85 %, 1443 MiB, 4096 MiB, 1785 MHz, 18.11 W
2026/10/04 00:44:57.482, 0 %, 1466 MiB, 4096 MiB, 375 MHz, 7.94 W
2026/10/04 00:44:59.485, 98 %, 1437 MiB, 4096 MiB, 1485 MHz, 35.61 W
2026/10/04 00:45:01.495, 79 %, 1429 MiB, 4096 MiB, 1395 MHz, 35.69 W
2026/10/04 00:45:03.497, 80 %, 1429 MiB, 4096 MiB, 1395 MHz, 35.77 W
2026/10/04 00:45:05.499, 79 %, 1429 MiB, 4096 MiB, 1365 MHz, 34.90 W
2026/10/04 00:45:07.501, 59 %, 1429 MiB, 4096 MiB, 1785 MHz, 18.06 W
2026/10/04 00:45:09.503, 74 %, 1445 MiB, 4096 MiB, 1365 MHz, 33.31 W
2026/10/04 00:45:11.505, 77 %, 1445 MiB, 4096 MiB, 1395 MHz, 41.14 W
2026/10/04 00:45:13.506, 82 %, 1445 MiB, 4096 MiB, 1785 MHz, 18.14 W
2026/10/04 00:45:15.508, 86 %, 1445 MiB, 4096 MiB, 1710 MHz, 30.90 W
2026/10/04 00:45:17.510, 11 %, 1381 MiB, 4096 MiB, 1785 MHz, 18.40 W
2026/10/04 00:45:19.512, 86 %, 1381 MiB, 4096 MiB, 1785 MHz, 17.30 W
2026/10/04 00:45:21.514, 85 %, 1381 MiB, 4096 MiB, 1785 MHz, 35.72 W
2026/10/04 00:45:23.515, 85 %, 1381 MiB, 4096 MiB, 1725 MHz, 35.74 W
2026/10/04 00:45:25.521, 85 %, 1381 MiB, 4096 MiB, 1380 MHz, 35.72 W
2026/10/04 00:45:27.523, 29 %, 1421 MiB, 4096 MiB, 1395 MHz, 34.18 W
2026/10/04 00:45:29.530, 79 %, 1420 MiB, 4096 MiB, 1785 MHz, 18.02 W
2026/10/04 00:45:31.531, 81 %, 1420 MiB, 4096 MiB, 1785 MHz, 27.84 W
2026/10/04 00:45:33.535, 86 %, 1420 MiB, 4096 MiB, 1395 MHz, 35.57 W
2026/10/04 00:45:35.537, 83 %, 1444 MiB, 4096 MiB, 1785 MHz, 18.45 W
2026/10/04 00:45:37.540, 79 %, 1444 MiB, 4096 MiB, 1695 MHz, 28.46 W
2026/10/04 00:45:39.541, 86 %, 1444 MiB, 4096 MiB, 1395 MHz, 35.57 W
2026/10/04 00:45:41.544, 79 %, 1444 MiB, 4096 MiB, 1395 MHz, 35.53 W
2026/10/04 00:45:43.548, 78 %, 1444 MiB, 4096 MiB, 1365 MHz, 33.61 W
2026/10/04 00:45:45.550, 36 %, 1466 MiB, 4096 MiB, 1785 MHz, 18.04 W
2026/10/04 00:45:47.552, 58 %, 1449 MiB, 4096 MiB, 1335 MHz, 18.11 W
2026/10/04 00:45:49.557, 79 %, 1429 MiB, 4096 MiB, 1785 MHz, 19.85 W
2026/10/04 00:45:51.559, 81 %, 1429 MiB, 4096 MiB, 1395 MHz, 35.76 W
2026/10/04 00:45:53.562, 86 %, 1429 MiB, 4096 MiB, 1395 MHz, 35.76 W
2026/10/04 00:45:55.563, 78 %, 1429 MiB, 4096 MiB, 1425 MHz, 35.20 W
2026/10/04 00:45:57.565, 20 %, 1445 MiB, 4096 MiB, 1395 MHz, 35.53 W
2026/10/04 00:45:59.567, 76 %, 1445 MiB, 4096 MiB, 1365 MHz, 35.65 W
2026/10/04 00:46:01.569, 76 %, 1445 MiB, 4096 MiB, 1560 MHz, 34.93 W
2026/10/04 00:46:03.579, 78 %, 1445 MiB, 4096 MiB, 1380 MHz, 20.84 W
2026/10/04 00:46:05.581, 77 %, 1445 MiB, 4096 MiB, 1785 MHz, 19.15 W
2026/10/04 00:46:07.583, 74 %, 1381 MiB, 4096 MiB, 1320 MHz, 18.43 W
2026/10/04 00:46:09.585, 82 %, 1381 MiB, 4096 MiB, 1785 MHz, 17.60 W
2026/10/04 00:46:11.587, 83 %, 1381 MiB, 4096 MiB, 1785 MHz, 22.59 W
2026/10/04 00:46:13.589, 84 %, 1381 MiB, 4096 MiB, 1725 MHz, 29.74 W
2026/10/04 00:46:15.591, 85 %, 1381 MiB, 4096 MiB, 1530 MHz, 34.24 W
2026/10/04 00:46:17.598, 72 %, 1421 MiB, 4096 MiB, 1365 MHz, 35.06 W
2026/10/04 00:46:19.607, 80 %, 1421 MiB, 4096 MiB, 1620 MHz, 18.86 W
2026/10/04 00:46:21.609, 79 %, 1421 MiB, 4096 MiB, 1785 MHz, 35.23 W
2026/10/04 00:46:23.612, 80 %, 1421 MiB, 4096 MiB, 1380 MHz, 35.51 W
2026/10/04 00:46:25.614, 80 %, 1421 MiB, 4096 MiB, 1395 MHz, 36.11 W
2026/10/04 00:46:27.616, 85 %, 201 MiB, 4096 MiB, 1620 MHz, 17.76 W
2026/10/04 00:46:29.618, 72 %, 1443 MiB, 4096 MiB, 1410 MHz, 35.63 W
2026/10/04 00:46:31.620, 86 %, 1443 MiB, 4096 MiB, 1425 MHz, 35.54 W
2026/10/04 00:46:33.627, 81 %, 1443 MiB, 4096 MiB, 1365 MHz, 34.68 W
2026/10/04 00:46:35.629, 78 %, 1443 MiB, 4096 MiB, 1365 MHz, 34.75 W
2026/10/04 00:46:37.631, 79 %, 1443 MiB, 4096 MiB, 1785 MHz, 18.12 W
2026/10/04 00:46:39.632, 0 %, 1451 MiB, 4096 MiB, 600 MHz, 8.14 W
2026/10/04 00:46:41.635, 77 %, 1437 MiB, 4096 MiB, 1395 MHz, 36.09 W
2026/10/04 00:46:43.637, 81 %, 1429 MiB, 4096 MiB, 1395 MHz, 35.93 W
2026/10/04 00:46:45.638, 86 %, 1429 MiB, 4096 MiB, 1365 MHz, 34.35 W
2026/10/04 00:46:47.640, 76 %, 1429 MiB, 4096 MiB, 1350 MHz, 36.08 W
2026/10/04 00:46:49.642, 79 %, 1429 MiB, 4096 MiB, 1305 MHz, 18.14 W
2026/10/04 00:46:51.644, 80 %, 1429 MiB, 4096 MiB, 1785 MHz, 17.30 W
2026/10/04 00:46:53.646, 80 %, 1429 MiB, 4096 MiB, 1275 MHz, 35.77 W
2026/10/04 00:46:55.654, 80 %, 1429 MiB, 4096 MiB, 1395 MHz, 35.76 W
2026/10/04 00:46:57.656, 80 %, 1429 MiB, 4096 MiB, 1395 MHz, 35.00 W
2026/10/04 00:46:59.658, 86 %, 1429 MiB, 4096 MiB, 1785 MHz, 18.17 W
2026/10/04 00:47:01.660, 82 %, 1445 MiB, 4096 MiB, 1365 MHz, 34.89 W
2026/10/04 00:47:03.662, 84 %, 1445 MiB, 4096 MiB, 1350 MHz, 34.38 W
2026/10/04 00:47:05.664, 78 %, 1445 MiB, 4096 MiB, 1290 MHz, 18.11 W
2026/10/04 00:47:07.673, 78 %, 1445 MiB, 4096 MiB, 1785 MHz, 24.65 W
2026/10/04 00:47:09.675, 78 %, 1444 MiB, 4096 MiB, 1395 MHz, 35.46 W
2026/10/04 00:47:11.677, 79 %, 1444 MiB, 4096 MiB, 1395 MHz, 34.82 W
2026/10/04 00:47:13.679, 79 %, 1444 MiB, 4096 MiB, 1365 MHz, 35.66 W
2026/10/04 00:47:15.681, 86 %, 1444 MiB, 4096 MiB, 1455 MHz, 32.11 W
2026/10/04 00:47:17.685, 77 %, 1444 MiB, 4096 MiB, 1365 MHz, 33.43 W
2026/10/04 00:47:19.687, 77 %, 1444 MiB, 4096 MiB, 1575 MHz, 26.67 W
2026/10/04 00:47:21.695, 69 %, 1380 MiB, 4096 MiB, 1785 MHz, 18.42 W
2026/10/04 00:47:23.700, 84 %, 1380 MiB, 4096 MiB, 1785 MHz, 21.92 W
2026/10/04 00:47:25.702, 84 %, 1380 MiB, 4096 MiB, 1785 MHz, 27.36 W
2026/10/04 00:47:27.708, 84 %, 1380 MiB, 4096 MiB, 1785 MHz, 34.08 W
2026/10/04 00:47:29.710, 84 %, 1380 MiB, 4096 MiB, 1500 MHz, 35.89 W
2026/10/04 00:47:31.712, 84 %, 1380 MiB, 4096 MiB, 1260 MHz, 35.67 W
2026/10/04 00:47:33.715, 84 %, 1380 MiB, 4096 MiB, 1395 MHz, 35.75 W
2026/10/04 00:47:35.717, 84 %, 1380 MiB, 4096 MiB, 1395 MHz, 35.59 W
2026/10/04 00:47:37.720, 83 %, 1380 MiB, 4096 MiB, 1395 MHz, 35.69 W
2026/10/04 00:47:39.722, 50 %, 199 MiB, 4096 MiB, 1785 MHz, 18.64 W
2026/10/04 00:47:41.725, 79 %, 1419 MiB, 4096 MiB, 1395 MHz, 35.53 W
2026/10/04 00:47:43.726, 80 %, 1419 MiB, 4096 MiB, 1395 MHz, 36.08 W
2026/10/04 00:47:45.728, 80 %, 1419 MiB, 4096 MiB, 1395 MHz, 35.60 W
2026/10/04 00:47:47.733, 81 %, 1419 MiB, 4096 MiB, 1365 MHz, 36.46 W
2026/10/04 00:47:49.735, 80 %, 1419 MiB, 4096 MiB, 1365 MHz, 33.34 W
2026/10/04 00:47:51.742, 86 %, 1419 MiB, 4096 MiB, 1350 MHz, 34.64 W
2026/10/04 00:47:53.744, 86 %, 1419 MiB, 4096 MiB, 1290 MHz, 29.10 W
2026/10/04 00:47:55.752, 81 %, 1419 MiB, 4096 MiB, 1785 MHz, 17.71 W
2026/10/04 00:47:57.754, 80 %, 1419 MiB, 4096 MiB, 1665 MHz, 29.43 W
2026/10/04 00:47:59.757, 25 %, 1443 MiB, 4096 MiB, 1785 MHz, 18.67 W
2026/10/04 00:48:01.785, 77 %, 1443 MiB, 4096 MiB, 1350 MHz, 34.25 W
2026/10/04 00:48:03.788, 77 %, 1443 MiB, 4096 MiB, 1395 MHz, 35.88 W
2026/10/04 00:48:05.791, 78 %, 1443 MiB, 4096 MiB, 1410 MHz, 35.46 W
2026/10/04 00:48:07.793, 77 %, 1443 MiB, 4096 MiB, 1410 MHz, 35.55 W
2026/10/04 00:48:09.795, 82 %, 1443 MiB, 4096 MiB, 1350 MHz, 36.00 W
2026/10/04 00:48:11.801, 86 %, 1443 MiB, 4096 MiB, 1785 MHz, 18.02 W
2026/10/04 00:48:13.803, 78 %, 1443 MiB, 4096 MiB, 1725 MHz, 35.45 W
2026/10/04 00:48:15.806, 79 %, 1443 MiB, 4096 MiB, 1395 MHz, 35.76 W
2026/10/04 00:48:17.808, 79 %, 1443 MiB, 4096 MiB, 1395 MHz, 34.23 W
2026/10/04 00:48:19.815, 55 %, 1443 MiB, 4096 MiB, 1785 MHz, 18.14 W
2026/10/04 00:48:21.818, 13 %, 1451 MiB, 4096 MiB, 465 MHz, 12.87 W
2026/10/04 00:48:23.820, 79 %, 1437 MiB, 4096 MiB, 1545 MHz, 33.88 W
2026/10/04 00:48:25.833, 78 %, 1429 MiB, 4096 MiB, 1395 MHz, 35.83 W
2026/10/04 00:48:27.835, 81 %, 1429 MiB, 4096 MiB, 1365 MHz, 35.95 W
2026/10/04 00:48:29.837, 82 %, 1429 MiB, 4096 MiB, 1365 MHz, 33.69 W
2026/10/04 00:48:31.839, 81 %, 1429 MiB, 4096 MiB, 1530 MHz, 35.54 W
2026/10/04 00:48:33.843, 82 %, 1429 MiB, 4096 MiB, 1350 MHz, 40.77 W
2026/10/04 00:48:35.845, 82 %, 1429 MiB, 4096 MiB, 1320 MHz, 23.99 W
2026/10/04 00:48:37.851, 86 %, 1429 MiB, 4096 MiB, 1785 MHz, 17.51 W
2026/10/04 00:48:39.853, 86 %, 1429 MiB, 4096 MiB, 1785 MHz, 27.78 W
2026/10/04 00:48:41.856, 12 %, 1445 MiB, 4096 MiB, 1350 MHz, 35.36 W
2026/10/04 00:48:43.858, 86 %, 1445 MiB, 4096 MiB, 1785 MHz, 17.52 W
2026/10/04 00:48:45.860, 83 %, 1445 MiB, 4096 MiB, 1320 MHz, 33.64 W
2026/10/04 00:48:47.863, 80 %, 1445 MiB, 4096 MiB, 1395 MHz, 35.87 W
2026/10/04 00:48:49.865, 81 %, 1445 MiB, 4096 MiB, 1395 MHz, 34.71 W
2026/10/04 00:48:51.866, 81 %, 1444 MiB, 4096 MiB, 1350 MHz, 35.69 W
2026/10/04 00:48:53.869, 81 %, 1444 MiB, 4096 MiB, 1365 MHz, 34.25 W
2026/10/04 00:48:55.873, 81 %, 1444 MiB, 4096 MiB, 1365 MHz, 34.90 W
2026/10/04 00:48:57.875, 80 %, 1444 MiB, 4096 MiB, 1410 MHz, 36.67 W
2026/10/04 00:48:59.883, 81 %, 1444 MiB, 4096 MiB, 1785 MHz, 18.15 W
2026/10/04 00:49:01.886, 83 %, 1380 MiB, 4096 MiB, 1365 MHz, 35.01 W
2026/10/04 00:49:03.888, 84 %, 1380 MiB, 4096 MiB, 1380 MHz, 37.10 W
2026/10/04 00:49:05.890, 84 %, 1380 MiB, 4096 MiB, 1380 MHz, 38.15 W
2026/10/04 00:49:07.899, 86 %, 1380 MiB, 4096 MiB, 1395 MHz, 23.49 W
2026/10/04 00:49:09.901, 86 %, 1380 MiB, 4096 MiB, 1395 MHz, 26.76 W
2026/10/04 00:49:11.909, 85 %, 1380 MiB, 4096 MiB, 1365 MHz, 24.60 W
2026/10/04 00:49:13.911, 85 %, 1380 MiB, 4096 MiB, 1350 MHz, 23.15 W
2026/10/04 00:49:15.918, 85 %, 1380 MiB, 4096 MiB, 1275 MHz, 19.76 W
2026/10/04 00:49:17.920, 84 %, 1380 MiB, 4096 MiB, 1395 MHz, 17.76 W
2026/10/04 00:49:19.928, 85 %, 1380 MiB, 4096 MiB, 1680 MHz, 17.82 W
2026/10/04 00:49:21.930, 54 %, 1419 MiB, 4096 MiB, 1425 MHz, 32.14 W
2026/10/04 00:49:23.934, 82 %, 1419 MiB, 4096 MiB, 1350 MHz, 35.39 W
2026/10/04 00:49:25.936, 83 %, 1419 MiB, 4096 MiB, 1365 MHz, 42.43 W
2026/10/04 00:49:27.942, 82 %, 1419 MiB, 4096 MiB, 1455 MHz, 29.58 W
2026/10/04 00:49:29.943, 83 %, 1419 MiB, 4096 MiB, 1785 MHz, 23.25 W
2026/10/04 00:49:31.945, 82 %, 1419 MiB, 4096 MiB, 1785 MHz, 35.33 W
2026/10/04 00:49:33.947, 83 %, 1419 MiB, 4096 MiB, 1320 MHz, 35.72 W
2026/10/04 00:49:35.959, 85 %, 1419 MiB, 4096 MiB, 1395 MHz, 35.82 W
2026/10/04 00:49:37.961, 86 %, 1419 MiB, 4096 MiB, 1395 MHz, 35.66 W
2026/10/04 00:49:39.963, 86 %, 199 MiB, 4096 MiB, 1785 MHz, 19.93 W
2026/10/04 00:49:41.967, 81 %, 1443 MiB, 4096 MiB, 1395 MHz, 35.67 W
2026/10/04 00:49:43.969, 86 %, 1443 MiB, 4096 MiB, 1395 MHz, 35.83 W
2026/10/04 00:49:45.971, 87 %, 1443 MiB, 4096 MiB, 1380 MHz, 34.87 W
2026/10/04 00:49:47.979, 81 %, 1443 MiB, 4096 MiB, 1350 MHz, 35.52 W
2026/10/04 00:49:49.981, 81 %, 1443 MiB, 4096 MiB, 1350 MHz, 35.92 W
2026/10/04 00:49:51.991, 80 %, 1443 MiB, 4096 MiB, 1350 MHz, 39.82 W
2026/10/04 00:49:53.993, 81 %, 1443 MiB, 4096 MiB, 1320 MHz, 18.24 W
2026/10/04 00:49:56.000, 81 %, 1443 MiB, 4096 MiB, 1785 MHz, 17.62 W
2026/10/04 00:49:58.002, 81 %, 1443 MiB, 4096 MiB, 1740 MHz, 35.68 W
2026/10/04 00:50:00.007, 72 %, 1445 MiB, 4096 MiB, 1785 MHz, 18.14 W
2026/10/04 00:50:02.009, 18 %, 1450 MiB, 4096 MiB, 1395 MHz, 34.56 W
2026/10/04 00:50:04.011, 82 %, 1429 MiB, 4096 MiB, 1365 MHz, 35.79 W
2026/10/04 00:50:06.015, 77 %, 1429 MiB, 4096 MiB, 1515 MHz, 33.56 W
2026/10/04 00:50:08.017, 78 %, 1429 MiB, 4096 MiB, 1380 MHz, 36.31 W
2026/10/04 00:50:10.020, 82 %, 1429 MiB, 4096 MiB, 1335 MHz, 33.76 W
2026/10/04 00:50:12.022, 82 %, 1429 MiB, 4096 MiB, 1785 MHz, 18.21 W
2026/10/04 00:50:14.024, 82 %, 1429 MiB, 4096 MiB, 1785 MHz, 35.82 W
2026/10/04 00:50:16.030, 82 %, 1429 MiB, 4096 MiB, 1380 MHz, 35.73 W
2026/10/04 00:50:18.032, 81 %, 1429 MiB, 4096 MiB, 1395 MHz, 35.84 W
2026/10/04 00:50:20.034, 82 %, 1429 MiB, 4096 MiB, 1395 MHz, 34.82 W
2026/10/04 00:50:22.036, 20 %, 1446 MiB, 4096 MiB, 1395 MHz, 35.56 W
2026/10/04 00:50:24.041, 79 %, 1445 MiB, 4096 MiB, 1395 MHz, 34.82 W
2026/10/04 00:50:26.043, 86 %, 1445 MiB, 4096 MiB, 1365 MHz, 36.03 W
2026/10/04 00:50:28.046, 81 %, 1445 MiB, 4096 MiB, 1395 MHz, 33.93 W
2026/10/04 00:50:30.048, 80 %, 1445 MiB, 4096 MiB, 1350 MHz, 35.35 W
2026/10/04 00:50:32.050, 80 %, 1445 MiB, 4096 MiB, 1290 MHz, 18.18 W
2026/10/04 00:50:34.057, 81 %, 1445 MiB, 4096 MiB, 1785 MHz, 22.73 W
2026/10/04 00:50:36.058, 81 %, 1445 MiB, 4096 MiB, 1620 MHz, 35.78 W
2026/10/04 00:50:38.066, 81 %, 1445 MiB, 4096 MiB, 1395 MHz, 35.94 W
2026/10/04 00:50:40.068, 79 %, 1445 MiB, 4096 MiB, 1410 MHz, 35.08 W
2026/10/04 00:50:42.070, 30 %, 1381 MiB, 4096 MiB, 1395 MHz, 35.29 W
2026/10/04 00:50:44.072, 85 %, 1381 MiB, 4096 MiB, 1395 MHz, 35.73 W
2026/10/04 00:50:46.074, 86 %, 1381 MiB, 4096 MiB, 1395 MHz, 35.90 W
2026/10/04 00:50:48.076, 86 %, 1381 MiB, 4096 MiB, 1395 MHz, 35.52 W
2026/10/04 00:50:50.079, 86 %, 1381 MiB, 4096 MiB, 1395 MHz, 35.54 W
2026/10/04 00:50:52.081, 85 %, 1381 MiB, 4096 MiB, 1395 MHz, 34.70 W
2026/10/04 00:50:54.083, 86 %, 1381 MiB, 4096 MiB, 1395 MHz, 35.18 W
2026/10/04 00:50:56.085, 86 %, 1381 MiB, 4096 MiB, 1395 MHz, 35.34 W
2026/10/04 00:50:58.087, 85 %, 1381 MiB, 4096 MiB, 1395 MHz, 34.90 W
2026/10/04 00:51:00.089, 61 %, 201 MiB, 4096 MiB, 1785 MHz, 19.02 W
2026/10/04 00:51:02.091, 82 %, 1420 MiB, 4096 MiB, 1455 MHz, 35.39 W
2026/10/04 00:51:04.093, 82 %, 1420 MiB, 4096 MiB, 1395 MHz, 35.73 W
2026/10/04 00:51:06.096, 83 %, 1420 MiB, 4096 MiB, 1395 MHz, 35.77 W
2026/10/04 00:51:08.098, 82 %, 1420 MiB, 4096 MiB, 1395 MHz, 34.66 W
2026/10/04 00:51:10.099, 80 %, 1420 MiB, 4096 MiB, 1425 MHz, 35.75 W
2026/10/04 00:51:12.107, 80 %, 1420 MiB, 4096 MiB, 1365 MHz, 34.33 W
2026/10/04 00:51:14.108, 86 %, 1420 MiB, 4096 MiB, 1365 MHz, 34.63 W
2026/10/04 00:51:16.116, 86 %, 1420 MiB, 4096 MiB, 1395 MHz, 40.09 W
2026/10/04 00:51:18.118, 83 %, 1420 MiB, 4096 MiB, 1365 MHz, 28.46 W
2026/10/04 00:51:20.125, 12 %, 1444 MiB, 4096 MiB, 1350 MHz, 35.88 W
2026/10/04 00:51:22.127, 85 %, 1444 MiB, 4096 MiB, 1425 MHz, 20.07 W
2026/10/04 00:51:24.132, 77 %, 1444 MiB, 4096 MiB, 1785 MHz, 21.74 W
2026/10/04 00:51:26.134, 78 %, 1444 MiB, 4096 MiB, 1395 MHz, 35.72 W
2026/10/04 00:51:28.136, 77 %, 1444 MiB, 4096 MiB, 1395 MHz, 35.72 W
2026/10/04 00:51:30.137, 77 %, 1444 MiB, 4096 MiB, 1350 MHz, 34.46 W
2026/10/04 00:51:32.139, 80 %, 1444 MiB, 4096 MiB, 1350 MHz, 37.47 W
2026/10/04 00:51:34.141, 86 %, 1444 MiB, 4096 MiB, 1785 MHz, 18.23 W
2026/10/04 00:51:36.143, 78 %, 1444 MiB, 4096 MiB, 1785 MHz, 29.80 W
2026/10/04 00:51:38.152, 78 %, 1444 MiB, 4096 MiB, 1395 MHz, 35.63 W
2026/10/04 00:51:40.153, 37 %, 1444 MiB, 4096 MiB, 1785 MHz, 18.22 W
2026/10/04 00:51:42.155, 39 %, 1453 MiB, 4096 MiB, 1275 MHz, 32.67 W
2026/10/04 00:51:44.157, 86 %, 1439 MiB, 4096 MiB, 1320 MHz, 32.87 W
2026/10/04 00:51:46.165, 81 %, 1430 MiB, 4096 MiB, 1785 MHz, 17.50 W
2026/10/04 00:51:48.166, 78 %, 1430 MiB, 4096 MiB, 1395 MHz, 35.84 W
2026/10/04 00:51:50.168, 79 %, 1430 MiB, 4096 MiB, 1395 MHz, 35.08 W
2026/10/04 00:51:52.170, 82 %, 1446 MiB, 4096 MiB, 1785 MHz, 32.25 W
2026/10/04 00:51:54.172, 77 %, 1446 MiB, 4096 MiB, 1395 MHz, 35.60 W
2026/10/04 00:51:56.174, 78 %, 1446 MiB, 4096 MiB, 1395 MHz, 34.98 W
2026/10/04 00:51:58.176, 78 %, 1446 MiB, 4096 MiB, 1365 MHz, 34.71 W
2026/10/04 00:52:00.178, 69 %, 1446 MiB, 4096 MiB, 1605 MHz, 16.19 W
2026/10/04 00:52:02.180, 83 %, 1382 MiB, 4096 MiB, 1410 MHz, 35.45 W
2026/10/04 00:52:04.184, 83 %, 1382 MiB, 4096 MiB, 1365 MHz, 35.77 W
2026/10/04 00:52:06.186, 84 %, 1382 MiB, 4096 MiB, 1365 MHz, 34.78 W
2026/10/04 00:52:08.189, 84 %, 1382 MiB, 4096 MiB, 1365 MHz, 33.33 W
2026/10/04 00:52:10.192, 78 %, 1423 MiB, 4096 MiB, 1395 MHz, 35.72 W
2026/10/04 00:52:12.195, 79 %, 1422 MiB, 4096 MiB, 1395 MHz, 34.81 W
2026/10/04 00:52:14.197, 81 %, 1422 MiB, 4096 MiB, 1425 MHz, 35.89 W
2026/10/04 00:52:16.199, 79 %, 1422 MiB, 4096 MiB, 1365 MHz, 35.74 W
2026/10/04 00:52:18.203, 79 %, 1422 MiB, 4096 MiB, 1785 MHz, 18.23 W
2026/10/04 00:52:20.204, 72 %, 1446 MiB, 4096 MiB, 1395 MHz, 34.70 W
2026/10/04 00:52:22.207, 77 %, 1446 MiB, 4096 MiB, 1365 MHz, 35.32 W
2026/10/04 00:52:24.209, 79 %, 1446 MiB, 4096 MiB, 1350 MHz, 35.46 W
2026/10/04 00:52:26.211, 78 %, 1446 MiB, 4096 MiB, 1785 MHz, 18.05 W
2026/10/04 00:52:28.213, 81 %, 1468 MiB, 4096 MiB, 1785 MHz, 18.09 W
2026/10/04 00:52:30.216, 23 %, 1451 MiB, 4096 MiB, 1785 MHz, 17.98 W
2026/10/04 00:52:32.217, 83 %, 1431 MiB, 4096 MiB, 1725 MHz, 35.85 W
2026/10/04 00:52:34.226, 86 %, 1431 MiB, 4096 MiB, 1395 MHz, 35.36 W
2026/10/04 00:52:36.228, 79 %, 1431 MiB, 4096 MiB, 1380 MHz, 34.75 W
2026/10/04 00:52:38.236, 78 %, 1431 MiB, 4096 MiB, 1365 MHz, 37.05 W
2026/10/04 00:52:40.238, 78 %, 1431 MiB, 4096 MiB, 1350 MHz, 35.39 W
2026/10/04 00:52:42.240, 79 %, 1430 MiB, 4096 MiB, 1335 MHz, 33.28 W
2026/10/04 00:52:44.242, 78 %, 1430 MiB, 4096 MiB, 1785 MHz, 17.69 W
2026/10/04 00:52:46.246, 85 %, 1430 MiB, 4096 MiB, 1395 MHz, 35.75 W
2026/10/04 00:52:48.248, 77 %, 1430 MiB, 4096 MiB, 1395 MHz, 35.83 W
2026/10/04 00:52:50.250, 16 %, 1447 MiB, 4096 MiB, 1425 MHz, 35.51 W
2026/10/04 00:52:52.252, 75 %, 1446 MiB, 4096 MiB, 1455 MHz, 36.16 W
2026/10/04 00:52:54.254, 80 %, 1446 MiB, 4096 MiB, 1350 MHz, 39.55 W
2026/10/04 00:52:56.256, 81 %, 1446 MiB, 4096 MiB, 1395 MHz, 19.11 W
2026/10/04 00:52:58.258, 80 %, 1446 MiB, 4096 MiB, 1785 MHz, 17.39 W
2026/10/04 00:53:00.262, 80 %, 1446 MiB, 4096 MiB, 1485 MHz, 34.34 W
2026/10/04 00:53:02.265, 84 %, 1446 MiB, 4096 MiB, 1395 MHz, 35.40 W
2026/10/04 00:53:04.267, 86 %, 1446 MiB, 4096 MiB, 1395 MHz, 35.89 W
2026/10/04 00:53:06.269, 81 %, 1446 MiB, 4096 MiB, 1410 MHz, 35.65 W
2026/10/04 00:53:08.271, 80 %, 1446 MiB, 4096 MiB, 1365 MHz, 34.20 W
2026/10/04 00:53:10.274, 22 %, 1383 MiB, 4096 MiB, 1365 MHz, 36.40 W
2026/10/04 00:53:12.276, 85 %, 1381 MiB, 4096 MiB, 1365 MHz, 37.67 W
2026/10/04 00:53:14.280, 86 %, 1381 MiB, 4096 MiB, 1350 MHz, 37.06 W
2026/10/04 00:53:16.282, 85 %, 1381 MiB, 4096 MiB, 1365 MHz, 37.18 W
2026/10/04 00:53:18.284, 86 %, 1381 MiB, 4096 MiB, 1365 MHz, 36.84 W
2026/10/04 00:53:20.286, 85 %, 1381 MiB, 4096 MiB, 1365 MHz, 37.00 W
2026/10/04 00:53:22.288, 86 %, 1381 MiB, 4096 MiB, 1365 MHz, 33.32 W
2026/10/04 00:53:24.290, 86 %, 1381 MiB, 4096 MiB, 1365 MHz, 33.28 W
2026/10/04 00:53:26.292, 86 %, 1381 MiB, 4096 MiB, 1365 MHz, 33.24 W
2026/10/04 00:53:28.294, 86 %, 1381 MiB, 4096 MiB, 1785 MHz, 18.18 W
2026/10/04 00:53:30.296, 87 %, 1421 MiB, 4096 MiB, 1425 MHz, 35.92 W
2026/10/04 00:53:32.298, 85 %, 1421 MiB, 4096 MiB, 1365 MHz, 36.43 W
2026/10/04 00:53:34.300, 83 %, 1421 MiB, 4096 MiB, 1365 MHz, 35.10 W
2026/10/04 00:53:36.302, 83 %, 1421 MiB, 4096 MiB, 1455 MHz, 33.31 W
2026/10/04 00:53:38.304, 83 %, 1421 MiB, 4096 MiB, 1350 MHz, 35.99 W
2026/10/04 00:53:40.306, 82 %, 1421 MiB, 4096 MiB, 1410 MHz, 31.09 W
2026/10/04 00:53:42.310, 83 %, 1421 MiB, 4096 MiB, 1290 MHz, 18.17 W
2026/10/04 00:53:44.313, 82 %, 1421 MiB, 4096 MiB, 1785 MHz, 17.52 W
2026/10/04 00:53:46.319, 82 %, 1421 MiB, 4096 MiB, 1785 MHz, 28.90 W
2026/10/04 00:53:48.321, 49 %, 1445 MiB, 4096 MiB, 1785 MHz, 18.69 W
2026/10/04 00:53:50.324, 80 %, 1445 MiB, 4096 MiB, 1785 MHz, 30.01 W
2026/10/04 00:53:52.326, 80 %, 1445 MiB, 4096 MiB, 1395 MHz, 35.61 W
2026/10/04 00:53:54.328, 81 %, 1445 MiB, 4096 MiB, 1395 MHz, 36.04 W
2026/10/04 00:53:56.330, 80 %, 1445 MiB, 4096 MiB, 1410 MHz, 34.66 W
2026/10/04 00:53:58.332, 86 %, 1445 MiB, 4096 MiB, 1350 MHz, 34.88 W
2026/10/04 00:54:00.334, 86 %, 1445 MiB, 4096 MiB, 1530 MHz, 35.74 W
2026/10/04 00:54:02.336, 81 %, 1445 MiB, 4096 MiB, 1350 MHz, 35.03 W
2026/10/04 00:54:04.345, 81 %, 1445 MiB, 4096 MiB, 1470 MHz, 18.24 W
2026/10/04 00:54:06.347, 81 %, 1445 MiB, 4096 MiB, 1785 MHz, 19.75 W
2026/10/04 00:54:08.349, 37 %, 1447 MiB, 4096 MiB, 1785 MHz, 18.15 W
2026/10/04 00:54:10.351, 68 %, 1451 MiB, 4096 MiB, 1680 MHz, 17.98 W
2026/10/04 00:54:12.359, 81 %, 1430 MiB, 4096 MiB, 1620 MHz, 35.21 W
2026/10/04 00:54:14.368, 83 %, 1430 MiB, 4096 MiB, 1395 MHz, 35.67 W
2026/10/04 00:54:16.371, 82 %, 1430 MiB, 4096 MiB, 1395 MHz, 35.79 W
2026/10/04 00:54:18.373, 82 %, 1430 MiB, 4096 MiB, 1395 MHz, 36.19 W
2026/10/04 00:54:20.374, 82 %, 1430 MiB, 4096 MiB, 1380 MHz, 35.87 W
2026/10/04 00:54:22.376, 82 %, 1430 MiB, 4096 MiB, 1365 MHz, 35.16 W
2026/10/04 00:54:24.378, 85 %, 1430 MiB, 4096 MiB, 1350 MHz, 32.14 W
2026/10/04 00:54:26.380, 86 %, 1430 MiB, 4096 MiB, 1335 MHz, 39.32 W
2026/10/04 00:54:28.389, 81 %, 1430 MiB, 4096 MiB, 1785 MHz, 18.25 W
2026/10/04 00:54:30.391, 85 %, 1446 MiB, 4096 MiB, 1575 MHz, 35.56 W
2026/10/04 00:54:32.397, 86 %, 1446 MiB, 4096 MiB, 1365 MHz, 40.79 W
2026/10/04 00:54:34.399, 81 %, 1446 MiB, 4096 MiB, 1785 MHz, 18.24 W
2026/10/04 00:54:36.401, 81 %, 1446 MiB, 4096 MiB, 1785 MHz, 18.20 W
2026/10/04 00:54:38.403, 81 %, 1446 MiB, 4096 MiB, 1335 MHz, 35.43 W
2026/10/04 00:54:40.406, 80 %, 1446 MiB, 4096 MiB, 1410 MHz, 35.69 W
2026/10/04 00:54:42.409, 82 %, 1446 MiB, 4096 MiB, 1395 MHz, 34.91 W
2026/10/04 00:54:44.410, 81 %, 1446 MiB, 4096 MiB, 1425 MHz, 35.75 W
2026/10/04 00:54:46.418, 81 %, 1446 MiB, 4096 MiB, 1365 MHz, 35.01 W
2026/10/04 00:54:48.422, 76 %, 1446 MiB, 4096 MiB, 1785 MHz, 18.21 W
2026/10/04 00:54:50.424, 84 %, 1382 MiB, 4096 MiB, 1395 MHz, 34.64 W
2026/10/04 00:54:52.426, 86 %, 1382 MiB, 4096 MiB, 1380 MHz, 34.76 W
2026/10/04 00:54:54.430, 86 %, 1382 MiB, 4096 MiB, 1380 MHz, 34.84 W
2026/10/04 00:54:56.432, 86 %, 1382 MiB, 4096 MiB, 1395 MHz, 35.05 W
2026/10/04 00:54:58.434, 86 %, 1382 MiB, 4096 MiB, 1410 MHz, 35.57 W
2026/10/04 00:55:00.440, 86 %, 1382 MiB, 4096 MiB, 1410 MHz, 35.93 W
2026/10/04 00:55:02.442, 85 %, 1382 MiB, 4096 MiB, 1395 MHz, 35.49 W
2026/10/04 00:55:04.452, 86 %, 1382 MiB, 4096 MiB, 1410 MHz, 36.00 W
2026/10/04 00:55:06.454, 86 %, 1382 MiB, 4096 MiB, 1410 MHz, 35.87 W
2026/10/04 00:55:08.462, 81 %, 1422 MiB, 4096 MiB, 1785 MHz, 28.07 W
2026/10/04 00:55:10.463, 81 %, 1421 MiB, 4096 MiB, 1335 MHz, 35.67 W
2026/10/04 00:55:12.466, 82 %, 1421 MiB, 4096 MiB, 1395 MHz, 35.78 W
2026/10/04 00:55:14.468, 83 %, 1421 MiB, 4096 MiB, 1395 MHz, 35.64 W
2026/10/04 00:55:16.470, 83 %, 1421 MiB, 4096 MiB, 1395 MHz, 35.14 W
2026/10/04 00:55:18.472, 82 %, 1421 MiB, 4096 MiB, 1380 MHz, 35.74 W
2026/10/04 00:55:20.474, 82 %, 1421 MiB, 4096 MiB, 1365 MHz, 35.87 W
2026/10/04 00:55:22.477, 83 %, 1421 MiB, 4096 MiB, 1365 MHz, 33.77 W
2026/10/04 00:55:24.479, 81 %, 1421 MiB, 4096 MiB, 1440 MHz, 35.74 W
2026/10/04 00:55:26.481, 68 %, 1421 MiB, 4096 MiB, 1785 MHz, 18.22 W
2026/10/04 00:55:28.483, 80 %, 1445 MiB, 4096 MiB, 1350 MHz, 35.63 W
2026/10/04 00:55:30.485, 80 %, 1445 MiB, 4096 MiB, 1395 MHz, 33.53 W
2026/10/04 00:55:32.495, 80 %, 1445 MiB, 4096 MiB, 1350 MHz, 35.17 W
2026/10/04 00:55:34.497, 81 %, 1445 MiB, 4096 MiB, 1305 MHz, 33.54 W
2026/10/04 00:55:36.499, 81 %, 1445 MiB, 4096 MiB, 1785 MHz, 24.92 W
2026/10/04 00:55:38.501, 86 %, 1445 MiB, 4096 MiB, 1545 MHz, 35.79 W
2026/10/04 00:55:40.510, 83 %, 1445 MiB, 4096 MiB, 1395 MHz, 35.96 W
2026/10/04 00:55:42.512, 81 %, 1445 MiB, 4096 MiB, 1395 MHz, 34.92 W
2026/10/04 00:55:44.514, 81 %, 1445 MiB, 4096 MiB, 1425 MHz, 35.71 W
2026/10/04 00:55:46.516, 81 %, 1445 MiB, 4096 MiB, 1785 MHz, 18.22 W
2026/10/04 00:55:48.518, 0 %, 1453 MiB, 4096 MiB, 1395 MHz, 34.62 W
2026/10/04 00:55:50.520, 79 %, 1438 MiB, 4096 MiB, 1365 MHz, 35.80 W
2026/10/04 00:55:52.522, 82 %, 1430 MiB, 4096 MiB, 1365 MHz, 34.00 W
2026/10/04 00:55:54.524, 82 %, 1430 MiB, 4096 MiB, 1350 MHz, 35.76 W
2026/10/04 00:55:56.529, 82 %, 1430 MiB, 4096 MiB, 1395 MHz, 29.06 W
2026/10/04 00:55:58.531, 82 %, 1430 MiB, 4096 MiB, 1335 MHz, 18.01 W
2026/10/04 00:56:00.541, 82 %, 1430 MiB, 4096 MiB, 1785 MHz, 22.73 W
2026/10/04 00:56:02.543, 82 %, 1430 MiB, 4096 MiB, 1725 MHz, 35.82 W
2026/10/04 00:56:04.549, 86 %, 1430 MiB, 4096 MiB, 1395 MHz, 35.67 W
2026/10/04 00:56:06.551, 86 %, 1430 MiB, 4096 MiB, 1395 MHz, 35.07 W
2026/10/04 00:56:08.553, 14 %, 1447 MiB, 4096 MiB, 1365 MHz, 35.77 W
2026/10/04 00:56:10.555, 86 %, 1446 MiB, 4096 MiB, 1395 MHz, 35.68 W
2026/10/04 00:56:12.557, 82 %, 1446 MiB, 4096 MiB, 1395 MHz, 35.24 W
2026/10/04 00:56:14.559, 81 %, 1446 MiB, 4096 MiB, 1365 MHz, 35.78 W
2026/10/04 00:56:16.561, 81 %, 1446 MiB, 4096 MiB, 1365 MHz, 34.10 W
2026/10/04 00:56:18.565, 81 %, 1446 MiB, 4096 MiB, 1350 MHz, 34.86 W
2026/10/04 00:56:20.567, 81 %, 1446 MiB, 4096 MiB, 1365 MHz, 31.79 W
2026/10/04 00:56:22.570, 81 %, 1446 MiB, 4096 MiB, 1785 MHz, 18.06 W
2026/10/04 00:56:24.572, 80 %, 1446 MiB, 4096 MiB, 1785 MHz, 27.01 W
2026/10/04 00:56:26.574, 80 %, 1446 MiB, 4096 MiB, 1395 MHz, 35.80 W
2026/10/04 00:56:28.576, 35 %, 1382 MiB, 4096 MiB, 1740 MHz, 18.24 W
2026/10/04 00:56:30.578, 85 %, 1382 MiB, 4096 MiB, 1785 MHz, 18.15 W
2026/10/04 00:56:32.580, 85 %, 1382 MiB, 4096 MiB, 1785 MHz, 18.11 W
2026/10/04 00:56:34.583, 86 %, 1382 MiB, 4096 MiB, 1785 MHz, 23.74 W
2026/10/04 00:56:36.586, 86 %, 1382 MiB, 4096 MiB, 1785 MHz, 23.39 W
2026/10/04 00:56:38.592, 85 %, 1382 MiB, 4096 MiB, 1785 MHz, 23.64 W
2026/10/04 00:56:40.594, 86 %, 1382 MiB, 4096 MiB, 1785 MHz, 24.18 W
2026/10/04 00:56:42.599, 86 %, 1382 MiB, 4096 MiB, 1785 MHz, 24.59 W
2026/10/04 00:56:44.601, 85 %, 1382 MiB, 4096 MiB, 1785 MHz, 23.90 W
2026/10/04 00:56:46.604, 56 %, 1422 MiB, 4096 MiB, 1365 MHz, 33.64 W
2026/10/04 00:56:48.606, 82 %, 1421 MiB, 4096 MiB, 1350 MHz, 35.62 W
2026/10/04 00:56:50.608, 83 %, 1421 MiB, 4096 MiB, 1380 MHz, 36.32 W
2026/10/04 00:56:52.610, 82 %, 1421 MiB, 4096 MiB, 1395 MHz, 18.07 W
2026/10/04 00:56:54.612, 81 %, 1421 MiB, 4096 MiB, 1785 MHz, 21.35 W
2026/10/04 00:56:56.618, 83 %, 1421 MiB, 4096 MiB, 1785 MHz, 33.28 W
2026/10/04 00:56:58.620, 82 %, 1421 MiB, 4096 MiB, 1470 MHz, 35.70 W
2026/10/04 00:57:00.630, 82 %, 1421 MiB, 4096 MiB, 1395 MHz, 35.51 W
2026/10/04 00:57:02.633, 83 %, 1421 MiB, 4096 MiB, 1410 MHz, 36.04 W
2026/10/04 00:57:04.635, 83 %, 1421 MiB, 4096 MiB, 1410 MHz, 36.10 W
2026/10/04 00:57:06.637, 41 %, 1445 MiB, 4096 MiB, 1770 MHz, 30.14 W
2026/10/04 00:57:08.644, 79 %, 1445 MiB, 4096 MiB, 1395 MHz, 35.58 W
2026/10/04 00:57:10.646, 81 %, 1445 MiB, 4096 MiB, 1380 MHz, 35.71 W
2026/10/04 00:57:12.648, 81 %, 1445 MiB, 4096 MiB, 1425 MHz, 34.62 W
2026/10/04 00:57:14.650, 86 %, 1445 MiB, 4096 MiB, 1365 MHz, 34.84 W
2026/10/04 00:57:16.652, 84 %, 1445 MiB, 4096 MiB, 1560 MHz, 35.29 W
2026/10/04 00:57:18.658, 81 %, 1445 MiB, 4096 MiB, 1365 MHz, 38.78 W
2026/10/04 00:57:20.660, 81 %, 1445 MiB, 4096 MiB, 1425 MHz, 18.18 W
2026/10/04 00:57:22.669, 80 %, 1445 MiB, 4096 MiB, 1785 MHz, 21.21 W
2026/10/04 00:57:24.671, 80 %, 1445 MiB, 4096 MiB, 1245 MHz, 35.76 W
2026/10/04 00:57:26.677, 0 %, 1468 MiB, 4096 MiB, 480 MHz, 5.40 W
2026/10/04 00:57:28.702, 84 %, 1439 MiB, 4096 MiB, 1785 MHz, 18.58 W
2026/10/04 00:57:30.704, 81 %, 1430 MiB, 4096 MiB, 1590 MHz, 35.57 W
2026/10/04 00:57:32.713, 81 %, 1430 MiB, 4096 MiB, 1395 MHz, 35.66 W
2026/10/04 00:57:34.715, 82 %, 1430 MiB, 4096 MiB, 1395 MHz, 35.73 W
2026/10/04 00:57:36.717, 82 %, 1430 MiB, 4096 MiB, 1395 MHz, 34.76 W
2026/10/04 00:57:38.719, 81 %, 1430 MiB, 4096 MiB, 1365 MHz, 36.72 W
2026/10/04 00:57:40.722, 83 %, 1430 MiB, 4096 MiB, 1350 MHz, 34.06 W
2026/10/04 00:57:42.724, 86 %, 1430 MiB, 4096 MiB, 1515 MHz, 35.78 W
2026/10/04 00:57:44.726, 85 %, 1430 MiB, 4096 MiB, 1350 MHz, 35.03 W
2026/10/04 00:57:46.729, 78 %, 1430 MiB, 4096 MiB, 1785 MHz, 18.16 W
2026/10/04 00:57:48.733, 73 %, 1446 MiB, 4096 MiB, 1785 MHz, 18.19 W
2026/10/04 00:57:50.735, 80 %, 1446 MiB, 4096 MiB, 1665 MHz, 32.54 W
2026/10/04 00:57:52.736, 80 %, 1446 MiB, 4096 MiB, 1395 MHz, 35.69 W
2026/10/04 00:57:54.738, 80 %, 1446 MiB, 4096 MiB, 1395 MHz, 35.66 W
2026/10/04 00:57:56.740, 81 %, 1446 MiB, 4096 MiB, 1440 MHz, 35.62 W
2026/10/04 00:57:58.743, 81 %, 1446 MiB, 4096 MiB, 1365 MHz, 34.06 W
2026/10/04 00:58:00.745, 84 %, 1446 MiB, 4096 MiB, 1530 MHz, 35.23 W
2026/10/04 00:58:02.746, 86 %, 1446 MiB, 4096 MiB, 1350 MHz, 36.57 W
2026/10/04 00:58:04.756, 81 %, 1446 MiB, 4096 MiB, 1470 MHz, 18.17 W
2026/10/04 00:58:06.758, 81 %, 1446 MiB, 4096 MiB, 1785 MHz, 18.04 W
2026/10/04 00:58:08.761, 86 %, 1382 MiB, 4096 MiB, 1350 MHz, 35.10 W
2026/10/04 00:58:10.763, 85 %, 1382 MiB, 4096 MiB, 1350 MHz, 34.53 W
2026/10/04 00:58:12.767, 86 %, 1382 MiB, 4096 MiB, 1350 MHz, 35.06 W
2026/10/04 00:58:14.769, 86 %, 1382 MiB, 4096 MiB, 1365 MHz, 35.81 W
2026/10/04 00:58:16.771, 85 %, 1382 MiB, 4096 MiB, 1350 MHz, 38.05 W
2026/10/04 00:58:18.773, 85 %, 1382 MiB, 4096 MiB, 1350 MHz, 39.69 W
2026/10/04 00:58:20.775, 86 %, 1382 MiB, 4096 MiB, 1350 MHz, 39.62 W
2026/10/04 00:58:22.783, 85 %, 1382 MiB, 4096 MiB, 1350 MHz, 38.67 W
2026/10/04 00:58:24.785, 85 %, 1382 MiB, 4096 MiB, 1350 MHz, 38.45 W
2026/10/04 00:58:26.793, 38 %, 1421 MiB, 4096 MiB, 1380 MHz, 35.70 W
2026/10/04 00:58:28.795, 81 %, 1421 MiB, 4096 MiB, 1365 MHz, 36.74 W
2026/10/04 00:58:30.797, 83 %, 1421 MiB, 4096 MiB, 1440 MHz, 33.22 W
2026/10/04 00:58:32.799, 83 %, 1421 MiB, 4096 MiB, 1365 MHz, 35.80 W
2026/10/04 00:58:34.807, 82 %, 1421 MiB, 4096 MiB, 1350 MHz, 34.72 W
2026/10/04 00:58:36.809, 86 %, 1421 MiB, 4096 MiB, 1380 MHz, 18.19 W
2026/10/04 00:58:38.816, 85 %, 1421 MiB, 4096 MiB, 1785 MHz, 17.39 W
2026/10/04 00:58:40.818, 86 %, 1421 MiB, 4096 MiB, 1785 MHz, 24.89 W
2026/10/04 00:58:42.820, 82 %, 1421 MiB, 4096 MiB, 1740 MHz, 35.95 W
2026/10/04 00:58:44.822, 82 %, 1421 MiB, 4096 MiB, 1395 MHz, 35.58 W
2026/10/04 00:58:46.823, 87 %, 1445 MiB, 4096 MiB, 1785 MHz, 18.14 W
2026/10/04 00:58:48.825, 85 %, 1445 MiB, 4096 MiB, 1770 MHz, 28.30 W
2026/10/04 00:58:50.827, 80 %, 1445 MiB, 4096 MiB, 1395 MHz, 35.76 W
2026/10/04 00:58:52.829, 81 %, 1445 MiB, 4096 MiB, 1395 MHz, 35.57 W
2026/10/04 00:58:54.831, 78 %, 1445 MiB, 4096 MiB, 1395 MHz, 35.83 W
2026/10/04 00:58:56.833, 78 %, 1445 MiB, 4096 MiB, 1365 MHz, 33.57 W
2026/10/04 00:58:58.835, 78 %, 1445 MiB, 4096 MiB, 1365 MHz, 37.23 W
2026/10/04 00:59:00.837, 79 %, 1445 MiB, 4096 MiB, 1785 MHz, 18.15 W
2026/10/04 00:59:02.842, 86 %, 1445 MiB, 4096 MiB, 1740 MHz, 34.81 W
2026/10/04 00:59:04.844, 83 %, 1445 MiB, 4096 MiB, 1395 MHz, 35.49 W
2026/10/04 00:59:06.847, 11 %, 1468 MiB, 4096 MiB, 1785 MHz, 18.14 W
2026/10/04 00:59:08.849, 53 %, 1451 MiB, 4096 MiB, 1350 MHz, 33.99 W
2026/10/04 00:59:10.853, 79 %, 1430 MiB, 4096 MiB, 1785 MHz, 17.64 W
2026/10/04 00:59:12.855, 86 %, 1430 MiB, 4096 MiB, 1380 MHz, 35.78 W
2026/10/04 00:59:14.859, 80 %, 1430 MiB, 4096 MiB, 1395 MHz, 35.88 W
2026/10/04 00:59:16.860, 78 %, 172 MiB, 4096 MiB, 1785 MHz, 18.18 W
2026/10/04 00:59:18.862, 87 %, 1446 MiB, 4096 MiB, 1395 MHz, 34.91 W
2026/10/04 00:59:20.864, 76 %, 1446 MiB, 4096 MiB, 1365 MHz, 36.24 W
2026/10/04 00:59:22.869, 78 %, 1446 MiB, 4096 MiB, 1560 MHz, 35.35 W
2026/10/04 00:59:24.871, 77 %, 1446 MiB, 4096 MiB, 1350 MHz, 26.56 W
2026/10/04 00:59:26.879, 67 %, 1383 MiB, 4096 MiB, 1350 MHz, 38.59 W
2026/10/04 00:59:28.881, 81 %, 1382 MiB, 4096 MiB, 1350 MHz, 28.45 W
2026/10/04 00:59:30.884, 83 %, 1382 MiB, 4096 MiB, 1785 MHz, 18.12 W
2026/10/04 00:59:32.886, 83 %, 1382 MiB, 4096 MiB, 1785 MHz, 17.45 W
2026/10/04 00:59:34.890, 84 %, 1382 MiB, 4096 MiB, 1785 MHz, 19.33 W
2026/10/04 00:59:36.892, 47 %, 1422 MiB, 4096 MiB, 1350 MHz, 38.60 W
2026/10/04 00:59:38.896, 78 %, 1422 MiB, 4096 MiB, 1785 MHz, 18.22 W
2026/10/04 00:59:40.898, 80 %, 1422 MiB, 4096 MiB, 1785 MHz, 28.59 W
2026/10/04 00:59:42.900, 79 %, 1422 MiB, 4096 MiB, 1395 MHz, 35.62 W
2026/10/04 00:59:44.902, 86 %, 1446 MiB, 4096 MiB, 1725 MHz, 17.90 W
2026/10/04 00:59:46.916, 77 %, 1446 MiB, 4096 MiB, 1290 MHz, 35.77 W
2026/10/04 00:59:48.918, 86 %, 1446 MiB, 4096 MiB, 1395 MHz, 35.94 W
2026/10/04 00:59:50.920, 81 %, 1446 MiB, 4096 MiB, 1350 MHz, 35.80 W
2026/10/04 00:59:52.922, 78 %, 1446 MiB, 4096 MiB, 1350 MHz, 34.15 W
2026/10/04 00:59:54.931, 31 %, 1468 MiB, 4096 MiB, 1635 MHz, 16.51 W
2026/10/04 00:59:56.933, 68 %, 1451 MiB, 4096 MiB, 1350 MHz, 35.46 W
2026/10/04 00:59:58.935, 79 %, 1431 MiB, 4096 MiB, 1350 MHz, 37.72 W
2026/10/04 01:00:00.943, 79 %, 1431 MiB, 4096 MiB, 1785 MHz, 23.76 W
2026/10/04 01:00:02.945, 79 %, 1431 MiB, 4096 MiB, 1230 MHz, 35.65 W
2026/10/04 01:00:04.952, 82 %, 1431 MiB, 4096 MiB, 1395 MHz, 36.04 W
2026/10/04 01:00:06.954, 18 %, 1447 MiB, 4096 MiB, 1275 MHz, 35.65 W
2026/10/04 01:00:08.956, 86 %, 1446 MiB, 4096 MiB, 1395 MHz, 34.81 W
2026/10/04 01:00:10.957, 81 %, 1446 MiB, 4096 MiB, 1365 MHz, 37.34 W
2026/10/04 01:00:12.959, 77 %, 1446 MiB, 4096 MiB, 1365 MHz, 35.80 W
2026/10/04 01:00:14.961, 79 %, 1446 MiB, 4096 MiB, 1350 MHz, 34.41 W
2026/10/04 01:00:16.963, 44 %, 1383 MiB, 4096 MiB, 1545 MHz, 32.17 W
2026/10/04 01:00:18.965, 84 %, 1382 MiB, 4096 MiB, 1350 MHz, 37.47 W
2026/10/04 01:00:20.967, 83 %, 1382 MiB, 4096 MiB, 1350 MHz, 33.10 W
2026/10/04 01:00:22.977, 83 %, 1382 MiB, 4096 MiB, 1395 MHz, 28.99 W
2026/10/04 01:00:24.979, 84 %, 1382 MiB, 4096 MiB, 1380 MHz, 20.80 W
2026/10/04 01:00:26.985, 42 %, 1423 MiB, 4096 MiB, 1365 MHz, 34.84 W
2026/10/04 01:00:28.987, 81 %, 1422 MiB, 4096 MiB, 1545 MHz, 35.98 W
2026/10/04 01:00:30.991, 80 %, 1422 MiB, 4096 MiB, 1395 MHz, 39.37 W
2026/10/04 01:00:32.993, 81 %, 1422 MiB, 4096 MiB, 1650 MHz, 18.21 W
2026/10/04 01:00:35.002, 80 %, 1422 MiB, 4096 MiB, 1785 MHz, 18.09 W
2026/10/04 01:00:37.004, 51 %, 1447 MiB, 4096 MiB, 1365 MHz, 34.85 W
2026/10/04 01:00:39.007, 78 %, 1445 MiB, 4096 MiB, 1785 MHz, 18.22 W
2026/10/04 01:00:41.009, 77 %, 1445 MiB, 4096 MiB, 1740 MHz, 35.77 W
2026/10/04 01:00:43.016, 78 %, 1445 MiB, 4096 MiB, 1395 MHz, 35.79 W
2026/10/04 01:00:45.018, 78 %, 1445 MiB, 4096 MiB, 1395 MHz, 34.65 W
2026/10/04 01:00:47.019, 86 %, 1445 MiB, 4096 MiB, 1785 MHz, 18.17 W
2026/10/04 01:00:49.021, 12 %, 1454 MiB, 4096 MiB, 1365 MHz, 33.63 W
2026/10/04 01:00:51.026, 78 %, 1439 MiB, 4096 MiB, 1350 MHz, 34.82 W
2026/10/04 01:00:53.028, 79 %, 1431 MiB, 4096 MiB, 1290 MHz, 22.01 W
2026/10/04 01:00:55.032, 80 %, 1431 MiB, 4096 MiB, 1785 MHz, 17.31 W
2026/10/04 01:00:57.034, 79 %, 1431 MiB, 4096 MiB, 1230 MHz, 35.79 W
2026/10/04 01:00:59.040, 80 %, 1431 MiB, 4096 MiB, 1395 MHz, 35.74 W
2026/10/04 01:01:01.041, 80 %, 1431 MiB, 4096 MiB, 1395 MHz, 34.86 W
2026/10/04 01:01:03.044, 81 %, 1431 MiB, 4096 MiB, 1365 MHz, 35.28 W
2026/10/04 01:01:05.045, 86 %, 1431 MiB, 4096 MiB, 1455 MHz, 35.91 W
2026/10/04 01:01:07.054, 77 %, 1431 MiB, 4096 MiB, 1350 MHz, 28.29 W
2026/10/04 01:01:09.056, 21 %, 1448 MiB, 4096 MiB, 1365 MHz, 39.90 W
2026/10/04 01:01:11.058, 76 %, 1447 MiB, 4096 MiB, 1785 MHz, 18.18 W
2026/10/04 01:01:13.060, 77 %, 1447 MiB, 4096 MiB, 1665 MHz, 35.60 W
2026/10/04 01:01:15.067, 77 %, 1447 MiB, 4096 MiB, 1395 MHz, 35.66 W
2026/10/04 01:01:17.069, 78 %, 1447 MiB, 4096 MiB, 1410 MHz, 34.60 W
2026/10/04 01:01:19.071, 78 %, 1446 MiB, 4096 MiB, 1365 MHz, 37.74 W
2026/10/04 01:01:21.073, 86 %, 1446 MiB, 4096 MiB, 1350 MHz, 35.74 W
2026/10/04 01:01:23.077, 78 %, 1446 MiB, 4096 MiB, 1455 MHz, 18.20 W
2026/10/04 01:01:25.079, 79 %, 1446 MiB, 4096 MiB, 1785 MHz, 31.41 W
2026/10/04 01:01:27.081, 78 %, 1446 MiB, 4096 MiB, 1395 MHz, 35.58 W
2026/10/04 01:01:29.083, 48 %, 1464 MiB, 4096 MiB, 1785 MHz, 18.14 W
2026/10/04 01:01:31.088, 83 %, 1382 MiB, 4096 MiB, 1395 MHz, 35.56 W
2026/10/04 01:01:33.090, 83 %, 1382 MiB, 4096 MiB, 1395 MHz, 35.60 W
2026/10/04 01:01:35.091, 85 %, 1382 MiB, 4096 MiB, 1395 MHz, 34.94 W
2026/10/04 01:01:37.093, 85 %, 1382 MiB, 4096 MiB, 1395 MHz, 34.68 W
2026/10/04 01:01:39.095, 83 %, 1382 MiB, 4096 MiB, 1425 MHz, 34.30 W
2026/10/04 01:01:41.097, 84 %, 1382 MiB, 4096 MiB, 1365 MHz, 36.25 W
2026/10/04 01:01:43.099, 84 %, 1382 MiB, 4096 MiB, 1350 MHz, 36.73 W
2026/10/04 01:01:45.101, 84 %, 1382 MiB, 4096 MiB, 1365 MHz, 34.92 W
2026/10/04 01:01:47.103, 83 %, 1382 MiB, 4096 MiB, 1365 MHz, 33.97 W
2026/10/04 01:01:49.106, 43 %, 1422 MiB, 4096 MiB, 1395 MHz, 34.58 W
2026/10/04 01:01:51.108, 79 %, 1422 MiB, 4096 MiB, 1365 MHz, 35.62 W
2026/10/04 01:01:53.110, 80 %, 1422 MiB, 4096 MiB, 1365 MHz, 34.36 W
2026/10/04 01:01:55.112, 80 %, 1422 MiB, 4096 MiB, 1365 MHz, 35.79 W
2026/10/04 01:01:57.115, 86 %, 1422 MiB, 4096 MiB, 1350 MHz, 38.88 W
2026/10/04 01:01:59.117, 85 %, 1422 MiB, 4096 MiB, 1785 MHz, 19.11 W
2026/10/04 01:02:01.119, 80 %, 1422 MiB, 4096 MiB, 1755 MHz, 36.12 W
2026/10/04 01:02:03.121, 79 %, 1422 MiB, 4096 MiB, 1395 MHz, 35.79 W
2026/10/04 01:02:05.123, 80 %, 1422 MiB, 4096 MiB, 1410 MHz, 35.39 W
2026/10/04 01:02:07.127, 80 %, 1422 MiB, 4096 MiB, 1425 MHz, 35.65 W
2026/10/04 01:02:09.129, 60 %, 1446 MiB, 4096 MiB, 1395 MHz, 36.01 W
2026/10/04 01:02:11.133, 78 %, 1446 MiB, 4096 MiB, 1350 MHz, 35.78 W
2026/10/04 01:02:13.135, 78 %, 1446 MiB, 4096 MiB, 1455 MHz, 33.42 W
2026/10/04 01:02:15.137, 78 %, 1446 MiB, 4096 MiB, 1380 MHz, 40.21 W
2026/10/04 01:02:17.143, 86 %, 1446 MiB, 4096 MiB, 1785 MHz, 19.44 W
2026/10/04 01:02:19.145, 79 %, 1446 MiB, 4096 MiB, 1290 MHz, 35.65 W
2026/10/04 01:02:21.154, 79 %, 1446 MiB, 4096 MiB, 1395 MHz, 35.89 W
2026/10/04 01:02:23.156, 78 %, 1446 MiB, 4096 MiB, 1425 MHz, 35.55 W
2026/10/04 01:02:25.158, 79 %, 1446 MiB, 4096 MiB, 1350 MHz, 33.92 W
2026/10/04 01:02:27.160, 79 %, 1446 MiB, 4096 MiB, 1350 MHz, 34.91 W
2026/10/04 01:02:29.163, 0 %, 1469 MiB, 4096 MiB, 1785 MHz, 18.20 W
2026/10/04 01:02:31.164, 8 %, 1453 MiB, 4096 MiB, 1395 MHz, 34.60 W
2026/10/04 01:02:33.166, 79 %, 1440 MiB, 4096 MiB, 1365 MHz, 36.62 W
2026/10/04 01:02:35.168, 78 %, 1432 MiB, 4096 MiB, 1365 MHz, 34.43 W
2026/10/04 01:02:37.171, 80 %, 1432 MiB, 4096 MiB, 1365 MHz, 23.57 W
2026/10/04 01:02:39.173, 79 %, 1432 MiB, 4096 MiB, 1785 MHz, 17.33 W
2026/10/04 01:02:41.175, 84 %, 1432 MiB, 4096 MiB, 1755 MHz, 35.74 W
2026/10/04 01:02:43.177, 86 %, 1432 MiB, 4096 MiB, 1395 MHz, 35.89 W
2026/10/04 01:02:45.179, 79 %, 1432 MiB, 4096 MiB, 1395 MHz, 34.74 W
2026/10/04 01:02:47.181, 81 %, 1432 MiB, 4096 MiB, 1365 MHz, 35.87 W
2026/10/04 01:02:49.183, 78 %, 1432 MiB, 4096 MiB, 1575 MHz, 32.60 W
2026/10/04 01:02:51.185, 48 %, 1449 MiB, 4096 MiB, 1365 MHz, 35.89 W
2026/10/04 01:02:53.187, 74 %, 1448 MiB, 4096 MiB, 1350 MHz, 34.99 W
2026/10/04 01:02:55.189, 77 %, 1448 MiB, 4096 MiB, 1785 MHz, 18.09 W
2026/10/04 01:02:57.191, 76 %, 1448 MiB, 4096 MiB, 1605 MHz, 35.83 W
2026/10/04 01:02:59.192, 86 %, 1448 MiB, 4096 MiB, 1395 MHz, 35.82 W
2026/10/04 01:03:01.196, 79 %, 1447 MiB, 4096 MiB, 1410 MHz, 35.88 W
2026/10/04 01:03:03.198, 77 %, 1447 MiB, 4096 MiB, 1365 MHz, 34.51 W
2026/10/04 01:03:05.200, 78 %, 1447 MiB, 4096 MiB, 1350 MHz, 34.86 W
2026/10/04 01:03:07.202, 78 %, 1447 MiB, 4096 MiB, 1785 MHz, 18.22 W
2026/10/04 01:03:09.204, 78 %, 1447 MiB, 4096 MiB, 1785 MHz, 23.21 W
2026/10/04 01:03:11.208, 80 %, 1384 MiB, 4096 MiB, 1785 MHz, 18.67 W
2026/10/04 01:03:13.226, 83 %, 1383 MiB, 4096 MiB, 1785 MHz, 20.80 W
2026/10/04 01:03:15.227, 83 %, 1383 MiB, 4096 MiB, 1470 MHz, 30.99 W
2026/10/04 01:03:17.235, 84 %, 1383 MiB, 4096 MiB, 1395 MHz, 35.71 W
2026/10/04 01:03:19.237, 83 %, 1383 MiB, 4096 MiB, 1395 MHz, 35.73 W
2026/10/04 01:03:21.239, 86 %, 1383 MiB, 4096 MiB, 1395 MHz, 35.84 W
2026/10/04 01:03:23.241, 86 %, 1383 MiB, 4096 MiB, 1395 MHz, 35.79 W
2026/10/04 01:03:25.245, 86 %, 1383 MiB, 4096 MiB, 1395 MHz, 35.02 W
2026/10/04 01:03:27.247, 85 %, 1383 MiB, 4096 MiB, 1410 MHz, 34.53 W
2026/10/04 01:03:29.248, 83 %, 1383 MiB, 4096 MiB, 1350 MHz, 35.75 W
2026/10/04 01:03:31.250, 16 %, 1423 MiB, 4096 MiB, 1395 MHz, 35.59 W
2026/10/04 01:03:33.252, 86 %, 1423 MiB, 4096 MiB, 1395 MHz, 34.90 W
2026/10/04 01:03:35.254, 82 %, 1423 MiB, 4096 MiB, 1365 MHz, 34.97 W
2026/10/04 01:03:37.256, 80 %, 1423 MiB, 4096 MiB, 1485 MHz, 35.76 W
2026/10/04 01:03:39.259, 79 %, 1423 MiB, 4096 MiB, 1350 MHz, 39.64 W
2026/10/04 01:03:41.261, 80 %, 1423 MiB, 4096 MiB, 1560 MHz, 18.21 W
2026/10/04 01:03:43.263, 80 %, 1423 MiB, 4096 MiB, 1785 MHz, 22.05 W
2026/10/04 01:03:45.264, 80 %, 1423 MiB, 4096 MiB, 1350 MHz, 35.70 W
2026/10/04 01:03:47.266, 80 %, 1423 MiB, 4096 MiB, 1395 MHz, 35.65 W
2026/10/04 01:03:49.269, 82 %, 1423 MiB, 4096 MiB, 1395 MHz, 34.92 W
2026/10/04 01:03:51.271, 19 %, 1447 MiB, 4096 MiB, 1395 MHz, 35.68 W
2026/10/04 01:03:53.276, 82 %, 1447 MiB, 4096 MiB, 1425 MHz, 35.58 W
2026/10/04 01:03:55.278, 84 %, 1447 MiB, 4096 MiB, 1350 MHz, 35.18 W
2026/10/04 01:03:57.280, 78 %, 1447 MiB, 4096 MiB, 1380 MHz, 36.17 W
2026/10/04 01:03:59.282, 77 %, 1447 MiB, 4096 MiB, 1785 MHz, 17.35 W
2026/10/04 01:04:01.284, 77 %, 1447 MiB, 4096 MiB, 1260 MHz, 35.74 W
2026/10/04 01:04:03.292, 78 %, 1447 MiB, 4096 MiB, 1395 MHz, 36.17 W
2026/10/04 01:04:05.294, 83 %, 1447 MiB, 4096 MiB, 1350 MHz, 35.22 W
2026/10/04 01:04:07.296, 85 %, 1447 MiB, 4096 MiB, 1560 MHz, 34.05 W
2026/10/04 01:04:09.298, 78 %, 1447 MiB, 4096 MiB, 1365 MHz, 38.38 W
2026/10/04 01:04:11.301, 26 %, 1469 MiB, 4096 MiB, 1785 MHz, 18.18 W
2026/10/04 01:04:13.303, 56 %, 1453 MiB, 4096 MiB, 1395 MHz, 36.12 W
2026/10/04 01:04:15.305, 79 %, 1432 MiB, 4096 MiB, 1395 MHz, 35.85 W
2026/10/04 01:04:17.307, 86 %, 1432 MiB, 4096 MiB, 1365 MHz, 35.59 W
2026/10/04 01:04:19.311, 86 %, 1432 MiB, 4096 MiB, 1365 MHz, 31.92 W
2026/10/04 01:04:21.313, 83 %, 1432 MiB, 4096 MiB, 1350 MHz, 35.32 W
2026/10/04 01:04:23.314, 19 %, 1449 MiB, 4096 MiB, 1440 MHz, 35.75 W
2026/10/04 01:04:25.317, 86 %, 1448 MiB, 4096 MiB, 1365 MHz, 34.67 W
2026/10/04 01:04:27.319, 85 %, 1448 MiB, 4096 MiB, 1350 MHz, 34.91 W
2026/10/04 01:04:29.325, 81 %, 1448 MiB, 4096 MiB, 1455 MHz, 29.76 W
2026/10/04 01:04:31.327, 81 %, 1448 MiB, 4096 MiB, 1785 MHz, 17.89 W
2026/10/04 01:04:33.329, 36 %, 1385 MiB, 4096 MiB, 1365 MHz, 40.15 W
2026/10/04 01:04:35.331, 86 %, 1384 MiB, 4096 MiB, 1350 MHz, 40.54 W
2026/10/04 01:04:37.334, 85 %, 1384 MiB, 4096 MiB, 1335 MHz, 43.36 W
2026/10/04 01:04:39.336, 86 %, 1384 MiB, 4096 MiB, 1350 MHz, 38.15 W
2026/10/04 01:04:41.338, 86 %, 1384 MiB, 4096 MiB, 1350 MHz, 36.81 W
2026/10/04 01:04:43.347, 30 %, 1424 MiB, 4096 MiB, 1395 MHz, 34.61 W
2026/10/04 01:04:45.349, 83 %, 1423 MiB, 4096 MiB, 1365 MHz, 35.72 W
2026/10/04 01:04:47.351, 82 %, 1423 MiB, 4096 MiB, 1365 MHz, 37.31 W
2026/10/04 01:04:49.353, 83 %, 1423 MiB, 4096 MiB, 1350 MHz, 34.83 W
2026/10/04 01:04:51.361, 86 %, 1423 MiB, 4096 MiB, 1410 MHz, 32.73 W
2026/10/04 01:04:53.363, 32 %, 1448 MiB, 4096 MiB, 1395 MHz, 35.87 W
2026/10/04 01:04:55.367, 81 %, 1447 MiB, 4096 MiB, 1365 MHz, 36.90 W
2026/10/04 01:04:57.369, 82 %, 1447 MiB, 4096 MiB, 1365 MHz, 33.66 W
2026/10/04 01:04:59.377, 86 %, 1447 MiB, 4096 MiB, 1335 MHz, 34.96 W
2026/10/04 01:05:01.379, 86 %, 1447 MiB, 4096 MiB, 1350 MHz, 26.04 W
2026/10/04 01:05:03.385, 3 %, 1470 MiB, 4096 MiB, 1785 MHz, 18.17 W
2026/10/04 01:05:05.389, 81 %, 1453 MiB, 4096 MiB, 1425 MHz, 35.36 W
2026/10/04 01:05:07.390, 77 %, 1433 MiB, 4096 MiB, 1365 MHz, 34.91 W
2026/10/04 01:05:09.392, 81 %, 1433 MiB, 4096 MiB, 1380 MHz, 35.75 W
2026/10/04 01:05:11.397, 86 %, 1433 MiB, 4096 MiB, 1380 MHz, 34.71 W
2026/10/04 01:05:13.399, 86 %, 1432 MiB, 4096 MiB, 1785 MHz, 18.15 W
2026/10/04 01:05:15.401, 78 %, 1448 MiB, 4096 MiB, 1470 MHz, 35.66 W
2026/10/04 01:05:17.403, 82 %, 1448 MiB, 4096 MiB, 1350 MHz, 38.33 W
2026/10/04 01:05:19.409, 86 %, 1448 MiB, 4096 MiB, 1395 MHz, 18.15 W
2026/10/04 01:05:21.411, 83 %, 1448 MiB, 4096 MiB, 1785 MHz, 17.89 W
2026/10/04 01:05:23.413, 80 %, 1448 MiB, 4096 MiB, 1635 MHz, 35.83 W
2026/10/04 01:05:25.415, 86 %, 1384 MiB, 4096 MiB, 1350 MHz, 39.74 W
2026/10/04 01:05:27.424, 85 %, 1384 MiB, 4096 MiB, 1380 MHz, 40.07 W
2026/10/04 01:05:29.427, 86 %, 1384 MiB, 4096 MiB, 1395 MHz, 40.08 W
2026/10/04 01:05:31.434, 85 %, 1384 MiB, 4096 MiB, 1395 MHz, 37.26 W
2026/10/04 01:05:33.436, 83 %, 1384 MiB, 4096 MiB, 1785 MHz, 18.22 W
2026/10/04 01:05:35.438, 82 %, 1424 MiB, 4096 MiB, 1365 MHz, 36.72 W
2026/10/04 01:05:37.440, 83 %, 1424 MiB, 4096 MiB, 1365 MHz, 34.43 W
2026/10/04 01:05:39.442, 83 %, 1424 MiB, 4096 MiB, 1365 MHz, 33.43 W
2026/10/04 01:05:41.449, 83 %, 1424 MiB, 4096 MiB, 1365 MHz, 35.76 W
2026/10/04 01:05:43.451, 69 %, 1423 MiB, 4096 MiB, 1785 MHz, 18.21 W
2026/10/04 01:05:45.453, 80 %, 1447 MiB, 4096 MiB, 1350 MHz, 35.80 W
2026/10/04 01:05:47.455, 79 %, 1447 MiB, 4096 MiB, 1380 MHz, 33.17 W
2026/10/04 01:05:49.464, 81 %, 1447 MiB, 4096 MiB, 1350 MHz, 35.52 W
2026/10/04 01:05:51.466, 80 %, 1447 MiB, 4096 MiB, 1350 MHz, 36.28 W
2026/10/04 01:05:53.471, 85 %, 1447 MiB, 4096 MiB, 1785 MHz, 21.08 W
2026/10/04 01:05:55.472, 27 %, 1456 MiB, 4096 MiB, 1050 MHz, 26.08 W
2026/10/04 01:05:57.475, 80 %, 1441 MiB, 4096 MiB, 1290 MHz, 18.13 W
2026/10/04 01:05:59.484, 81 %, 1433 MiB, 4096 MiB, 1785 MHz, 21.40 W
2026/10/04 01:06:01.485, 86 %, 1433 MiB, 4096 MiB, 1785 MHz, 35.66 W
2026/10/04 01:06:03.492, 86 %, 1433 MiB, 4096 MiB, 1395 MHz, 35.61 W
2026/10/04 01:06:05.494, 82 %, 1433 MiB, 4096 MiB, 1395 MHz, 35.78 W
2026/10/04 01:06:07.496, 79 %, 1433 MiB, 4096 MiB, 1395 MHz, 34.54 W
2026/10/04 01:06:09.498, 82 %, 1433 MiB, 4096 MiB, 1365 MHz, 35.56 W
2026/10/04 01:06:11.503, 82 %, 1433 MiB, 4096 MiB, 1365 MHz, 35.84 W
2026/10/04 01:06:13.505, 82 %, 1433 MiB, 4096 MiB, 1575 MHz, 32.44 W
2026/10/04 01:06:15.508, 82 %, 1433 MiB, 4096 MiB, 1350 MHz, 41.12 W
2026/10/04 01:06:17.509, 83 %, 1433 MiB, 4096 MiB, 1365 MHz, 26.87 W
2026/10/04 01:06:19.512, 81 %, 1433 MiB, 4096 MiB, 1680 MHz, 17.79 W
2026/10/04 01:06:21.518, 82 %, 1433 MiB, 4096 MiB, 1785 MHz, 23.17 W
2026/10/04 01:06:23.520, 82 %, 1433 MiB, 4096 MiB, 1665 MHz, 35.85 W
2026/10/04 01:06:25.527, 0 %, 1449 MiB, 4096 MiB, 1395 MHz, 34.72 W
2026/10/04 01:06:27.531, 78 %, 1448 MiB, 4096 MiB, 1365 MHz, 37.00 W
2026/10/04 01:06:29.533, 80 %, 1448 MiB, 4096 MiB, 1575 MHz, 33.46 W
2026/10/04 01:06:31.535, 80 %, 1448 MiB, 4096 MiB, 1365 MHz, 34.90 W
2026/10/04 01:06:33.539, 80 %, 1448 MiB, 4096 MiB, 1485 MHz, 28.52 W
2026/10/04 01:06:35.541, 80 %, 1448 MiB, 4096 MiB, 1785 MHz, 17.94 W
2026/10/04 01:06:37.544, 80 %, 1448 MiB, 4096 MiB, 1260 MHz, 35.70 W
2026/10/04 01:06:39.547, 86 %, 1448 MiB, 4096 MiB, 1395 MHz, 35.78 W
2026/10/04 01:06:41.549, 86 %, 1448 MiB, 4096 MiB, 1410 MHz, 34.52 W
2026/10/04 01:06:43.551, 81 %, 1448 MiB, 4096 MiB, 1350 MHz, 35.78 W
2026/10/04 01:06:45.553, 81 %, 1448 MiB, 4096 MiB, 1365 MHz, 34.77 W
2026/10/04 01:06:47.555, 80 %, 1448 MiB, 4096 MiB, 1365 MHz, 35.77 W
2026/10/04 01:06:49.558, 81 %, 1448 MiB, 4096 MiB, 1380 MHz, 40.67 W
2026/10/04 01:06:51.560, 81 %, 1448 MiB, 4096 MiB, 1575 MHz, 17.71 W
2026/10/04 01:06:53.562, 81 %, 1448 MiB, 4096 MiB, 1785 MHz, 30.61 W
2026/10/04 01:06:55.563, 4 %, 1384 MiB, 4096 MiB, 1395 MHz, 34.83 W
2026/10/04 01:06:57.565, 85 %, 1384 MiB, 4096 MiB, 1395 MHz, 35.06 W
2026/10/04 01:06:59.567, 85 %, 1384 MiB, 4096 MiB, 1410 MHz, 35.65 W
2026/10/04 01:07:01.569, 84 %, 1384 MiB, 4096 MiB, 1365 MHz, 35.56 W
2026/10/04 01:07:03.571, 84 %, 1384 MiB, 4096 MiB, 1365 MHz, 35.90 W
2026/10/04 01:07:05.573, 85 %, 1384 MiB, 4096 MiB, 1365 MHz, 36.01 W
2026/10/04 01:07:07.575, 85 %, 1384 MiB, 4096 MiB, 1350 MHz, 35.97 W
2026/10/04 01:07:09.577, 85 %, 1384 MiB, 4096 MiB, 1365 MHz, 33.57 W
2026/10/04 01:07:11.580, 86 %, 1384 MiB, 4096 MiB, 1365 MHz, 34.13 W
2026/10/04 01:07:13.584, 86 %, 1384 MiB, 4096 MiB, 1365 MHz, 34.04 W
2026/10/04 01:07:15.586, 85 %, 1384 MiB, 4096 MiB, 1365 MHz, 34.03 W
2026/10/04 01:07:17.588, 86 %, 1384 MiB, 4096 MiB, 1365 MHz, 34.45 W
2026/10/04 01:07:19.590, 85 %, 1384 MiB, 4096 MiB, 1365 MHz, 34.21 W
2026/10/04 01:07:21.592, 83 %, 1384 MiB, 4096 MiB, 1455 MHz, 32.67 W
2026/10/04 01:07:23.594, 11 %, 1424 MiB, 4096 MiB, 1350 MHz, 35.79 W
2026/10/04 01:07:25.596, 80 %, 1424 MiB, 4096 MiB, 1380 MHz, 36.21 W
2026/10/04 01:07:27.605, 79 %, 1424 MiB, 4096 MiB, 1785 MHz, 18.09 W
2026/10/04 01:07:29.607, 79 %, 1424 MiB, 4096 MiB, 1470 MHz, 35.66 W
2026/10/04 01:07:31.617, 80 %, 1424 MiB, 4096 MiB, 1395 MHz, 35.37 W
2026/10/04 01:07:33.619, 81 %, 1424 MiB, 4096 MiB, 1395 MHz, 34.78 W
2026/10/04 01:07:35.620, 80 %, 1424 MiB, 4096 MiB, 1410 MHz, 35.69 W
2026/10/04 01:07:37.622, 86 %, 1424 MiB, 4096 MiB, 1365 MHz, 34.86 W
2026/10/04 01:07:39.628, 83 %, 1424 MiB, 4096 MiB, 1380 MHz, 35.86 W
2026/10/04 01:07:41.630, 80 %, 1424 MiB, 4096 MiB, 1410 MHz, 40.91 W
2026/10/04 01:07:43.632, 80 %, 1424 MiB, 4096 MiB, 1785 MHz, 18.17 W
2026/10/04 01:07:45.635, 79 %, 1424 MiB, 4096 MiB, 1785 MHz, 21.01 W
2026/10/04 01:07:47.637, 79 %, 1424 MiB, 4096 MiB, 1395 MHz, 35.73 W
2026/10/04 01:07:49.640, 81 %, 1424 MiB, 4096 MiB, 1410 MHz, 35.25 W
2026/10/04 01:07:51.642, 80 %, 1424 MiB, 4096 MiB, 1410 MHz, 35.83 W
2026/10/04 01:07:53.644, 4 %, 1448 MiB, 4096 MiB, 1455 MHz, 36.13 W
2026/10/04 01:07:55.647, 81 %, 1448 MiB, 4096 MiB, 1380 MHz, 31.44 W
2026/10/04 01:07:57.649, 78 %, 1448 MiB, 4096 MiB, 1785 MHz, 17.45 W
2026/10/04 01:07:59.651, 78 %, 1448 MiB, 4096 MiB, 1365 MHz, 35.72 W
2026/10/04 01:08:01.653, 79 %, 1448 MiB, 4096 MiB, 1395 MHz, 35.67 W
2026/10/04 01:08:03.655, 79 %, 1448 MiB, 4096 MiB, 1380 MHz, 35.19 W
2026/10/04 01:08:05.658, 79 %, 1448 MiB, 4096 MiB, 1365 MHz, 35.55 W
2026/10/04 01:08:07.660, 86 %, 1448 MiB, 4096 MiB, 1335 MHz, 37.18 W
2026/10/04 01:08:09.665, 78 %, 1448 MiB, 4096 MiB, 1785 MHz, 17.99 W
2026/10/04 01:08:11.669, 79 %, 1448 MiB, 4096 MiB, 1785 MHz, 35.10 W
2026/10/04 01:08:13.675, 78 %, 1448 MiB, 4096 MiB, 1395 MHz, 35.58 W
2026/10/04 01:08:15.677, 79 %, 1448 MiB, 4096 MiB, 1395 MHz, 34.36 W
2026/10/04 01:08:17.681, 79 %, 1448 MiB, 4096 MiB, 1350 MHz, 36.81 W
2026/10/04 01:08:19.683, 79 %, 1448 MiB, 4096 MiB, 1530 MHz, 34.21 W
2026/10/04 01:08:21.685, 86 %, 1448 MiB, 4096 MiB, 1410 MHz, 37.96 W
2026/10/04 01:08:23.687, 0 %, 1449 MiB, 4096 MiB, 1785 MHz, 18.25 W
2026/10/04 01:08:25.690, 0 %, 225 MiB, 4096 MiB, 315 MHz, 7.98 W
2026/10/04 01:08:27.693, 76 %, 1440 MiB, 4096 MiB, 1425 MHz, 35.67 W
2026/10/04 01:08:29.699, 76 %, 1432 MiB, 4096 MiB, 1515 MHz, 35.12 W
2026/10/04 01:08:31.701, 86 %, 1432 MiB, 4096 MiB, 1380 MHz, 35.59 W
2026/10/04 01:08:33.708, 86 %, 1432 MiB, 4096 MiB, 1785 MHz, 18.07 W
2026/10/04 01:08:35.710, 80 %, 1432 MiB, 4096 MiB, 1785 MHz, 27.97 W
2026/10/04 01:08:37.713, 80 %, 1432 MiB, 4096 MiB, 1395 MHz, 35.63 W
2026/10/04 01:08:39.715, 79 %, 1432 MiB, 4096 MiB, 1395 MHz, 35.82 W
2026/10/04 01:08:41.717, 81 %, 1432 MiB, 4096 MiB, 1410 MHz, 34.67 W
2026/10/04 01:08:43.720, 79 %, 1432 MiB, 4096 MiB, 1365 MHz, 37.00 W
2026/10/04 01:08:45.722, 79 %, 1432 MiB, 4096 MiB, 1395 MHz, 34.33 W
2026/10/04 01:08:47.730, 80 %, 1432 MiB, 4096 MiB, 1365 MHz, 31.79 W
2026/10/04 01:08:49.731, 86 %, 1432 MiB, 4096 MiB, 1785 MHz, 17.84 W
2026/10/04 01:08:51.733, 82 %, 1432 MiB, 4096 MiB, 1785 MHz, 31.87 W
2026/10/04 01:08:53.735, 79 %, 1432 MiB, 4096 MiB, 1395 MHz, 35.62 W
2026/10/04 01:08:55.738, 22 %, 1431 MiB, 4096 MiB, 1785 MHz, 18.13 W
2026/10/04 01:08:57.740, 80 %, 1447 MiB, 4096 MiB, 1515 MHz, 18.14 W
2026/10/04 01:08:59.750, 83 %, 1447 MiB, 4096 MiB, 1740 MHz, 28.56 W
2026/10/04 01:09:01.752, 78 %, 1447 MiB, 4096 MiB, 1395 MHz, 35.81 W
2026/10/04 01:09:03.754, 79 %, 1447 MiB, 4096 MiB, 1410 MHz, 34.95 W
2026/10/04 01:09:05.756, 77 %, 1447 MiB, 4096 MiB, 1365 MHz, 36.77 W
2026/10/04 01:09:07.758, 78 %, 1447 MiB, 4096 MiB, 1350 MHz, 36.39 W
2026/10/04 01:09:09.760, 79 %, 1447 MiB, 4096 MiB, 1350 MHz, 18.19 W
2026/10/04 01:09:11.769, 86 %, 1447 MiB, 4096 MiB, 1785 MHz, 25.08 W
2026/10/04 01:09:13.771, 80 %, 1447 MiB, 4096 MiB, 1395 MHz, 35.98 W
2026/10/04 01:09:15.773, 78 %, 1447 MiB, 4096 MiB, 1395 MHz, 35.52 W
2026/10/04 01:09:17.775, 78 %, 1447 MiB, 4096 MiB, 1350 MHz, 35.77 W
2026/10/04 01:09:19.777, 78 %, 1447 MiB, 4096 MiB, 1410 MHz, 32.61 W
2026/10/04 01:09:21.781, 78 %, 1447 MiB, 4096 MiB, 1380 MHz, 39.90 W
2026/10/04 01:09:23.783, 78 %, 1447 MiB, 4096 MiB, 1785 MHz, 18.14 W
2026/10/04 01:09:25.785, 85 %, 1447 MiB, 4096 MiB, 1545 MHz, 35.67 W
2026/10/04 01:09:27.787, 0 %, 1383 MiB, 4096 MiB, 1365 MHz, 36.69 W
2026/10/04 01:09:29.789, 82 %, 1383 MiB, 4096 MiB, 1365 MHz, 33.82 W
2026/10/04 01:09:31.791, 84 %, 1383 MiB, 4096 MiB, 1350 MHz, 32.57 W
2026/10/04 01:09:33.800, 85 %, 1383 MiB, 4096 MiB, 1440 MHz, 35.50 W
2026/10/04 01:09:35.802, 84 %, 1383 MiB, 4096 MiB, 1515 MHz, 35.88 W
2026/10/04 01:09:37.809, 84 %, 1383 MiB, 4096 MiB, 1365 MHz, 35.73 W
2026/10/04 01:09:39.811, 84 %, 1383 MiB, 4096 MiB, 1350 MHz, 34.79 W
2026/10/04 01:09:41.815, 86 %, 1383 MiB, 4096 MiB, 1350 MHz, 34.99 W
2026/10/04 01:09:43.817, 86 %, 1383 MiB, 4096 MiB, 1350 MHz, 35.49 W
2026/10/04 01:09:45.819, 85 %, 1383 MiB, 4096 MiB, 1350 MHz, 34.40 W
2026/10/04 01:09:47.821, 86 %, 1383 MiB, 4096 MiB, 1350 MHz, 38.03 W
2026/10/04 01:09:49.823, 86 %, 1383 MiB, 4096 MiB, 1335 MHz, 39.35 W
2026/10/04 01:09:51.826, 86 %, 1383 MiB, 4096 MiB, 1350 MHz, 37.78 W
2026/10/04 01:09:53.828, 86 %, 1383 MiB, 4096 MiB, 1410 MHz, 39.38 W
2026/10/04 01:09:55.830, 51 %, 1423 MiB, 4096 MiB, 1365 MHz, 34.53 W
2026/10/04 01:09:57.834, 82 %, 1423 MiB, 4096 MiB, 1785 MHz, 18.14 W
2026/10/04 01:09:59.836, 81 %, 1423 MiB, 4096 MiB, 1785 MHz, 20.91 W
2026/10/04 01:10:01.839, 83 %, 1423 MiB, 4096 MiB, 1320 MHz, 34.57 W
2026/10/04 01:10:03.842, 82 %, 1423 MiB, 4096 MiB, 1395 MHz, 36.12 W
2026/10/04 01:10:05.844, 86 %, 1423 MiB, 4096 MiB, 1395 MHz, 35.91 W
2026/10/04 01:10:07.846, 86 %, 1423 MiB, 4096 MiB, 1395 MHz, 34.92 W
2026/10/04 01:10:09.848, 85 %, 1423 MiB, 4096 MiB, 1410 MHz, 35.83 W
2026/10/04 01:10:11.855, 82 %, 1423 MiB, 4096 MiB, 1365 MHz, 36.51 W
2026/10/04 01:10:13.857, 83 %, 1423 MiB, 4096 MiB, 1365 MHz, 34.97 W
2026/10/04 01:10:15.860, 82 %, 1423 MiB, 4096 MiB, 1455 MHz, 32.26 W
2026/10/04 01:10:17.862, 83 %, 1423 MiB, 4096 MiB, 1350 MHz, 35.47 W
2026/10/04 01:10:19.864, 83 %, 1423 MiB, 4096 MiB, 1335 MHz, 34.31 W
2026/10/04 01:10:21.867, 82 %, 1423 MiB, 4096 MiB, 1350 MHz, 18.13 W
2026/10/04 01:10:23.869, 82 %, 1423 MiB, 4096 MiB, 1785 MHz, 17.19 W
2026/10/04 01:10:25.872, 21 %, 1447 MiB, 4096 MiB, 1395 MHz, 35.66 W
2026/10/04 01:10:27.874, 80 %, 1447 MiB, 4096 MiB, 1395 MHz, 35.52 W
2026/10/04 01:10:29.876, 86 %, 1447 MiB, 4096 MiB, 1425 MHz, 35.68 W
2026/10/04 01:10:31.878, 82 %, 1447 MiB, 4096 MiB, 1365 MHz, 34.21 W
2026/10/04 01:10:33.887, 78 %, 1447 MiB, 4096 MiB, 1350 MHz, 35.76 W
2026/10/04 01:10:35.889, 78 %, 1447 MiB, 4096 MiB, 1785 MHz, 18.16 W
2026/10/04 01:10:37.891, 78 %, 1447 MiB, 4096 MiB, 1680 MHz, 30.21 W
2026/10/04 01:10:39.892, 77 %, 1447 MiB, 4096 MiB, 1380 MHz, 35.37 W
2026/10/04 01:10:41.895, 82 %, 1447 MiB, 4096 MiB, 1425 MHz, 35.65 W
2026/10/04 01:10:43.897, 86 %, 1447 MiB, 4096 MiB, 1365 MHz, 34.32 W
2026/10/04 01:10:45.899, 78 %, 1447 MiB, 4096 MiB, 1350 MHz, 38.92 W
2026/10/04 01:10:47.905, 78 %, 1447 MiB, 4096 MiB, 1785 MHz, 18.21 W
2026/10/04 01:10:49.907, 77 %, 1447 MiB, 4096 MiB, 1635 MHz, 35.91 W
2026/10/04 01:10:51.914, 78 %, 1447 MiB, 4096 MiB, 1395 MHz, 35.58 W
2026/10/04 01:10:53.916, 78 %, 1447 MiB, 4096 MiB, 1410 MHz, 34.47 W
2026/10/04 01:10:55.924, 0 %, 1449 MiB, 4096 MiB, 1785 MHz, 18.13 W
2026/10/04 01:10:57.926, 0 %, 1468 MiB, 4096 MiB, 315 MHz, 1.79 W
2026/10/04 01:10:59.928, 0 %, 1448 MiB, 4096 MiB, 300 MHz, 1.80 W
2026/10/04 01:11:01.931, 2 %, 5 MiB, 4096 MiB, 855 MHz, 13.37 W
2026/10/04 01:11:03.933, 0 %, 5 MiB, 4096 MiB, 300 MHz, 1.66 W
