timestamp, utilization.gpu [%], memory.used [MiB], memory.total [MiB], clocks.current.sm [MHz], power.draw [W], temperature.gpu, clocks_event_reasons.active
2026/10/07 08:30:34.476, 0 %, 5 MiB, 4096 MiB, 300 MHz, 1.44 W, 41, 0x0000000000000001
2026/10/07 08:30:36.499, 0 %, 69 MiB, 4096 MiB, 855 MHz, 12.87 W, 42, 0x0000000000000000
2026/10/07 08:30:38.516, 0 %, 83 MiB, 4096 MiB, 855 MHz, 12.89 W, 42, 0x0000000000000000
2026/10/07 08:30:40.532, 0 %, 74 MiB, 4096 MiB, 300 MHz, 1.46 W, 42, 0x0000000000000001
2026/10/07 08:30:42.555, 0 %, 74 MiB, 4096 MiB, 300 MHz, 1.42 W, 42, 0x0000000000000001
2026/10/07 08:30:44.577, 0 %, 74 MiB, 4096 MiB, 300 MHz, 1.76 W, 43, 0x0000000000000001
2026/10/07 08:30:46.599, 0 %, 74 MiB, 4096 MiB, 300 MHz, 1.43 W, 43, 0x0000000000000001
2026/10/07 08:30:48.622, 0 %, 74 MiB, 4096 MiB, 300 MHz, 1.31 W, 43, 0x0000000000000001
2026/10/07 08:30:50.647, 0 %, 74 MiB, 4096 MiB, 300 MHz, 1.38 W, 44, 0x0000000000000001
2026/10/07 08:30:52.670, 0 %, 74 MiB, 4096 MiB, 300 MHz, 1.41 W, 44, 0x0000000000000001
2026/10/07 08:30:54.694, 0 %, 74 MiB, 4096 MiB, 300 MHz, 1.75 W, 44, 0x0000000000000001
2026/10/07 08:30:56.715, 0 %, 74 MiB, 4096 MiB, 300 MHz, 1.59 W, 45, 0x0000000000000001
2026/10/07 08:30:58.741, 0 %, 74 MiB, 4096 MiB, 300 MHz, 1.54 W, 45, 0x0000000000000001
2026/10/07 08:31:00.768, 0 %, 74 MiB, 4096 MiB, 300 MHz, 1.38 W, 45, 0x0000000000000001
2026/10/07 08:31:02.789, 0 %, 74 MiB, 4096 MiB, 300 MHz, 1.86 W, 45, 0x0000000000000001
2026/10/07 08:31:04.813, 0 %, 74 MiB, 4096 MiB, 300 MHz, 1.29 W, 45, 0x0000000000000001
2026/10/07 08:31:06.837, 0 %, 73 MiB, 4096 MiB, 300 MHz, 1.13 W, 46, 0x0000000000000001
2026/10/07 08:31:08.859, 0 %, 73 MiB, 4096 MiB, 300 MHz, 1.36 W, 46, 0x0000000000000001
2026/10/07 08:31:10.881, 0 %, 73 MiB, 4096 MiB, 300 MHz, 1.40 W, 46, 0x0000000000000001
2026/10/07 08:31:12.907, 0 %, 73 MiB, 4096 MiB, 300 MHz, 1.59 W, 46, 0x0000000000000001
2026/10/07 08:31:14.928, 0 %, 73 MiB, 4096 MiB, 300 MHz, 1.49 W, 46, 0x0000000000000001
2026/10/07 08:31:16.951, 0 %, 73 MiB, 4096 MiB, 300 MHz, 1.45 W, 47, 0x0000000000000001
2026/10/07 08:31:18.975, 0 %, 73 MiB, 4096 MiB, 300 MHz, 1.28 W, 47, 0x0000000000000001
2026/10/07 08:31:20.999, 0 %, 73 MiB, 4096 MiB, 300 MHz, 1.49 W, 47, 0x0000000000000001
2026/10/07 08:31:23.024, 0 %, 73 MiB, 4096 MiB, 300 MHz, 1.42 W, 47, 0x0000000000000001
2026/10/07 08:31:25.046, 0 %, 73 MiB, 4096 MiB, 300 MHz, 1.45 W, 47, 0x0000000000000001
2026/10/07 08:31:27.068, 0 %, 73 MiB, 4096 MiB, 300 MHz, 1.45 W, 48, 0x0000000000000001
2026/10/07 08:31:29.092, 0 %, 73 MiB, 4096 MiB, 300 MHz, 1.47 W, 48, 0x0000000000000001
2026/10/07 08:31:31.113, 0 %, 73 MiB, 4096 MiB, 300 MHz, 1.51 W, 48, 0x0000000000000001
2026/10/07 08:31:33.138, 0 %, 73 MiB, 4096 MiB, 300 MHz, 1.55 W, 48, 0x0000000000000001
2026/10/07 08:31:35.160, 0 %, 73 MiB, 4096 MiB, 300 MHz, 1.62 W, 48, 0x0000000000000001
2026/10/07 08:31:37.184, 0 %, 60 MiB, 4096 MiB, 300 MHz, 1.49 W, 48, 0x0000000000000001
2026/10/07 08:31:39.205, 0 %, 56 MiB, 4096 MiB, 300 MHz, 1.50 W, 48, 0x0000000000000001
2026/10/07 08:31:41.231, 0 %, 56 MiB, 4096 MiB, 300 MHz, 1.86 W, 48, 0x0000000000000001
2026/10/07 08:31:43.253, 0 %, 56 MiB, 4096 MiB, 300 MHz, 1.50 W, 48, 0x0000000000000001
2026/10/07 08:31:45.278, 0 %, 56 MiB, 4096 MiB, 300 MHz, 1.56 W, 48, 0x0000000000000001
2026/10/07 08:31:47.299, 0 %, 56 MiB, 4096 MiB, 300 MHz, 1.53 W, 48, 0x0000000000000001
2026/10/07 08:31:49.322, 0 %, 56 MiB, 4096 MiB, 300 MHz, 1.53 W, 49, 0x0000000000000001
2026/10/07 08:31:51.344, 0 %, 56 MiB, 4096 MiB, 300 MHz, 1.75 W, 49, 0x0000000000000001
2026/10/07 08:31:53.367, 0 %, 56 MiB, 4096 MiB, 300 MHz, 1.49 W, 49, 0x0000000000000001
2026/10/07 08:31:55.388, 0 %, 56 MiB, 4096 MiB, 300 MHz, 1.52 W, 49, 0x0000000000000001
2026/10/07 08:31:57.414, 0 %, 56 MiB, 4096 MiB, 300 MHz, 1.46 W, 49, 0x0000000000000001
2026/10/07 08:31:59.436, 0 %, 56 MiB, 4096 MiB, 300 MHz, 1.54 W, 49, 0x0000000000000001
2026/10/07 08:32:01.460, 0 %, 56 MiB, 4096 MiB, 300 MHz, 1.64 W, 49, 0x0000000000000001
2026/10/07 08:32:03.485, 0 %, 56 MiB, 4096 MiB, 300 MHz, 1.57 W, 49, 0x0000000000000001
2026/10/07 08:32:05.507, 0 %, 56 MiB, 4096 MiB, 300 MHz, 1.50 W, 49, 0x0000000000000001
2026/10/07 08:32:07.531, 0 %, 56 MiB, 4096 MiB, 300 MHz, 1.52 W, 49, 0x0000000000000001
2026/10/07 08:32:09.552, 0 %, 55 MiB, 4096 MiB, 300 MHz, 1.92 W, 49, 0x0000000000000001
2026/10/07 08:32:11.576, 0 %, 55 MiB, 4096 MiB, 300 MHz, 1.55 W, 49, 0x0000000000000001
2026/10/07 08:32:13.603, 0 %, 55 MiB, 4096 MiB, 300 MHz, 1.52 W, 49, 0x0000000000000001
2026/10/07 08:32:15.624, 0 %, 55 MiB, 4096 MiB, 300 MHz, 1.50 W, 50, 0x0000000000000001
2026/10/07 08:32:17.648, 0 %, 55 MiB, 4096 MiB, 300 MHz, 1.52 W, 49, 0x0000000000000001
2026/10/07 08:32:19.670, 0 %, 55 MiB, 4096 MiB, 300 MHz, 1.65 W, 50, 0x0000000000000001
2026/10/07 08:32:21.696, 0 %, 55 MiB, 4096 MiB, 300 MHz, 1.52 W, 50, 0x0000000000000001
2026/10/07 08:32:23.721, 0 %, 55 MiB, 4096 MiB, 300 MHz, 1.54 W, 50, 0x0000000000000001
2026/10/07 08:32:25.746, 0 %, 55 MiB, 4096 MiB, 300 MHz, 1.47 W, 50, 0x0000000000000001
2026/10/07 08:32:27.767, 0 %, 55 MiB, 4096 MiB, 300 MHz, 1.91 W, 50, 0x0000000000000001
2026/10/07 08:32:29.792, 0 %, 55 MiB, 4096 MiB, 300 MHz, 1.38 W, 50, 0x0000000000000001
2026/10/07 08:32:31.815, 0 %, 67 MiB, 4096 MiB, 300 MHz, 1.50 W, 50, 0x0000000000000001
2026/10/07 08:32:33.837, 0 %, 66 MiB, 4096 MiB, 300 MHz, 1.52 W, 50, 0x0000000000000001
2026/10/07 08:32:35.859, 0 %, 58 MiB, 4096 MiB, 300 MHz, 1.52 W, 50, 0x0000000000000001
2026/10/07 08:32:37.880, 0 %, 58 MiB, 4096 MiB, 300 MHz, 1.77 W, 50, 0x0000000000000001
2026/10/07 08:32:39.907, 0 %, 58 MiB, 4096 MiB, 300 MHz, 1.54 W, 50, 0x0000000000000001
2026/10/07 08:32:41.930, 0 %, 58 MiB, 4096 MiB, 300 MHz, 1.53 W, 50, 0x0000000000000001
2026/10/07 08:32:43.952, 0 %, 58 MiB, 4096 MiB, 300 MHz, 1.44 W, 50, 0x0000000000000001
2026/10/07 08:32:45.975, 0 %, 58 MiB, 4096 MiB, 300 MHz, 1.47 W, 50, 0x0000000000000001
2026/10/07 08:32:48.000, 0 %, 58 MiB, 4096 MiB, 300 MHz, 1.66 W, 50, 0x0000000000000001
2026/10/07 08:32:50.021, 0 %, 58 MiB, 4096 MiB, 300 MHz, 1.54 W, 50, 0x0000000000000001
2026/10/07 08:32:52.044, 0 %, 58 MiB, 4096 MiB, 300 MHz, 1.58 W, 50, 0x0000000000000001
2026/10/07 08:32:54.066, 0 %, 58 MiB, 4096 MiB, 300 MHz, 1.56 W, 50, 0x0000000000000001
2026/10/07 08:32:56.087, 0 %, 58 MiB, 4096 MiB, 300 MHz, 1.64 W, 50, 0x0000000000000001
2026/10/07 08:32:58.112, 0 %, 58 MiB, 4096 MiB, 300 MHz, 1.52 W, 50, 0x0000000000000001
2026/10/07 08:33:00.134, 0 %, 58 MiB, 4096 MiB, 300 MHz, 1.49 W, 50, 0x0000000000000001
2026/10/07 08:33:02.158, 0 %, 57 MiB, 4096 MiB, 300 MHz, 1.44 W, 50, 0x0000000000000001
2026/10/07 08:33:04.180, 0 %, 57 MiB, 4096 MiB, 300 MHz, 1.44 W, 50, 0x0000000000000001
2026/10/07 08:33:06.203, 0 %, 57 MiB, 4096 MiB, 300 MHz, 1.97 W, 50, 0x0000000000000001
2026/10/07 08:33:08.226, 0 %, 57 MiB, 4096 MiB, 300 MHz, 1.60 W, 50, 0x0000000000000001
2026/10/07 08:33:10.247, 0 %, 57 MiB, 4096 MiB, 300 MHz, 1.66 W, 50, 0x0000000000000001
2026/10/07 08:33:12.269, 0 %, 57 MiB, 4096 MiB, 300 MHz, 1.62 W, 50, 0x0000000000000001
2026/10/07 08:33:14.294, 0 %, 57 MiB, 4096 MiB, 300 MHz, 1.62 W, 50, 0x0000000000000001
2026/10/07 08:33:16.317, 0 %, 57 MiB, 4096 MiB, 300 MHz, 1.83 W, 50, 0x0000000000000001
2026/10/07 08:33:18.340, 0 %, 57 MiB, 4096 MiB, 300 MHz, 1.53 W, 50, 0x0000000000000001
2026/10/07 08:33:20.365, 0 %, 57 MiB, 4096 MiB, 300 MHz, 1.55 W, 50, 0x0000000000000001
2026/10/07 08:33:22.390, 0 %, 57 MiB, 4096 MiB, 300 MHz, 1.49 W, 50, 0x0000000000000001
2026/10/07 08:33:24.411, 0 %, 57 MiB, 4096 MiB, 300 MHz, 1.59 W, 50, 0x0000000000000001
2026/10/07 08:33:26.435, 0 %, 57 MiB, 4096 MiB, 300 MHz, 1.64 W, 50, 0x0000000000000001
2026/10/07 08:33:28.458, 0 %, 57 MiB, 4096 MiB, 300 MHz, 1.60 W, 50, 0x0000000000000001
2026/10/07 08:33:30.479, 0 %, 57 MiB, 4096 MiB, 300 MHz, 1.58 W, 50, 0x0000000000000001
2026/10/07 08:33:32.504, 0 %, 57 MiB, 4096 MiB, 300 MHz, 1.52 W, 50, 0x0000000000000001
2026/10/07 08:33:34.526, 0 %, 57 MiB, 4096 MiB, 300 MHz, 1.96 W, 50, 0x0000000000000001
2026/10/07 08:33:36.547, 0 %, 57 MiB, 4096 MiB, 300 MHz, 1.45 W, 50, 0x0000000000000001
2026/10/07 08:33:38.571, 0 %, 57 MiB, 4096 MiB, 300 MHz, 1.50 W, 50, 0x0000000000000001
2026/10/07 08:33:40.594, 0 %, 57 MiB, 4096 MiB, 300 MHz, 1.56 W, 50, 0x0000000000000001
2026/10/07 08:33:42.618, 0 %, 57 MiB, 4096 MiB, 300 MHz, 1.53 W, 50, 0x0000000000000001
2026/10/07 08:33:44.641, 0 %, 57 MiB, 4096 MiB, 300 MHz, 1.79 W, 50, 0x0000000000000001
2026/10/07 08:33:46.662, 0 %, 57 MiB, 4096 MiB, 300 MHz, 1.31 W, 50, 0x0000000000000001
2026/10/07 08:33:48.686, 0 %, 57 MiB, 4096 MiB, 300 MHz, 1.53 W, 50, 0x0000000000000001
2026/10/07 08:33:50.710, 0 %, 57 MiB, 4096 MiB, 300 MHz, 1.51 W, 51, 0x0000000000000001
2026/10/07 08:33:52.733, 0 %, 57 MiB, 4096 MiB, 300 MHz, 1.51 W, 51, 0x0000000000000001
2026/10/07 08:33:54.758, 0 %, 57 MiB, 4096 MiB, 300 MHz, 1.58 W, 50, 0x0000000000000001
2026/10/07 08:33:56.784, 0 %, 57 MiB, 4096 MiB, 300 MHz, 1.47 W, 51, 0x0000000000000001
2026/10/07 08:33:58.808, 0 %, 57 MiB, 4096 MiB, 300 MHz, 1.62 W, 50, 0x0000000000000001
2026/10/07 08:34:00.830, 0 %, 57 MiB, 4096 MiB, 300 MHz, 1.49 W, 51, 0x0000000000000001
2026/10/07 08:34:02.852, 0 %, 57 MiB, 4096 MiB, 300 MHz, 1.94 W, 51, 0x0000000000000001
2026/10/07 08:34:04.874, 0 %, 57 MiB, 4096 MiB, 300 MHz, 1.50 W, 51, 0x0000000000000001
2026/10/07 08:34:06.895, 0 %, 57 MiB, 4096 MiB, 300 MHz, 1.56 W, 51, 0x0000000000000001
2026/10/07 08:34:08.920, 0 %, 57 MiB, 4096 MiB, 300 MHz, 1.50 W, 51, 0x0000000000000001
2026/10/07 08:34:10.945, 0 %, 57 MiB, 4096 MiB, 300 MHz, 1.49 W, 51, 0x0000000000000001
2026/10/07 08:34:12.970, 0 %, 57 MiB, 4096 MiB, 300 MHz, 1.63 W, 51, 0x0000000000000001
2026/10/07 08:34:14.991, 0 %, 57 MiB, 4096 MiB, 300 MHz, 1.44 W, 51, 0x0000000000000001
2026/10/07 08:34:17.013, 0 %, 57 MiB, 4096 MiB, 300 MHz, 1.50 W, 51, 0x0000000000000001
2026/10/07 08:34:19.036, 0 %, 57 MiB, 4096 MiB, 300 MHz, 1.49 W, 51, 0x0000000000000001
2026/10/07 08:34:21.061, 0 %, 57 MiB, 4096 MiB, 300 MHz, 1.48 W, 51, 0x0000000000000001
2026/10/07 08:34:23.083, 0 %, 57 MiB, 4096 MiB, 300 MHz, 1.77 W, 51, 0x0000000000000001
2026/10/07 08:34:25.105, 0 %, 57 MiB, 4096 MiB, 300 MHz, 1.52 W, 51, 0x0000000000000001
2026/10/07 08:34:27.129, 0 %, 57 MiB, 4096 MiB, 300 MHz, 1.55 W, 51, 0x0000000000000001
2026/10/07 08:34:29.152, 0 %, 57 MiB, 4096 MiB, 300 MHz, 1.55 W, 51, 0x0000000000000001
2026/10/07 08:34:31.177, 0 %, 57 MiB, 4096 MiB, 300 MHz, 1.85 W, 51, 0x0000000000000001
2026/10/07 08:34:33.199, 0 %, 57 MiB, 4096 MiB, 300 MHz, 1.47 W, 51, 0x0000000000000001
2026/10/07 08:34:35.221, 0 %, 57 MiB, 4096 MiB, 300 MHz, 1.54 W, 51, 0x0000000000000001
2026/10/07 08:34:37.245, 0 %, 57 MiB, 4096 MiB, 300 MHz, 1.50 W, 51, 0x0000000000000001
2026/10/07 08:34:39.267, 0 %, 57 MiB, 4096 MiB, 300 MHz, 1.48 W, 51, 0x0000000000000001
2026/10/07 08:34:41.293, 0 %, 57 MiB, 4096 MiB, 300 MHz, 1.85 W, 51, 0x0000000000000001
2026/10/07 08:34:43.315, 0 %, 57 MiB, 4096 MiB, 300 MHz, 1.64 W, 51, 0x0000000000000001
2026/10/07 08:34:45.340, 0 %, 57 MiB, 4096 MiB, 300 MHz, 1.62 W, 51, 0x0000000000000001
2026/10/07 08:34:47.364, 0 %, 57 MiB, 4096 MiB, 300 MHz, 1.68 W, 51, 0x0000000000000001
2026/10/07 08:34:49.386, 0 %, 57 MiB, 4096 MiB, 300 MHz, 1.69 W, 51, 0x0000000000000001
2026/10/07 08:34:51.409, 0 %, 57 MiB, 4096 MiB, 300 MHz, 1.57 W, 51, 0x0000000000000001
2026/10/07 08:34:53.432, 0 %, 57 MiB, 4096 MiB, 300 MHz, 1.53 W, 51, 0x0000000000000001
2026/10/07 08:34:55.457, 0 %, 57 MiB, 4096 MiB, 300 MHz, 1.52 W, 50, 0x0000000000000001
2026/10/07 08:34:57.479, 0 %, 57 MiB, 4096 MiB, 300 MHz, 1.50 W, 51, 0x0000000000000001
2026/10/07 08:34:59.502, 0 %, 57 MiB, 4096 MiB, 300 MHz, 1.88 W, 51, 0x0000000000000001
2026/10/07 08:35:01.527, 0 %, 57 MiB, 4096 MiB, 300 MHz, 1.54 W, 51, 0x0000000000000001
2026/10/07 08:35:03.548, 0 %, 57 MiB, 4096 MiB, 300 MHz, 1.47 W, 51, 0x0000000000000001
2026/10/07 08:35:05.571, 0 %, 57 MiB, 4096 MiB, 300 MHz, 1.57 W, 51, 0x0000000000000001
2026/10/07 08:35:07.596, 0 %, 57 MiB, 4096 MiB, 300 MHz, 1.56 W, 51, 0x0000000000000001
2026/10/07 08:35:09.621, 0 %, 57 MiB, 4096 MiB, 300 MHz, 1.71 W, 51, 0x0000000000000001
2026/10/07 08:35:11.645, 0 %, 57 MiB, 4096 MiB, 300 MHz, 1.47 W, 50, 0x0000000000000001
2026/10/07 08:35:13.669, 0 %, 57 MiB, 4096 MiB, 300 MHz, 1.48 W, 51, 0x0000000000000001
2026/10/07 08:35:15.691, 0 %, 57 MiB, 4096 MiB, 300 MHz, 1.48 W, 51, 0x0000000000000001
2026/10/07 08:35:17.712, 0 %, 57 MiB, 4096 MiB, 300 MHz, 1.97 W, 51, 0x0000000000000001
2026/10/07 08:35:19.736, 0 %, 57 MiB, 4096 MiB, 300 MHz, 1.50 W, 51, 0x0000000000000001
2026/10/07 08:35:21.758, 0 %, 57 MiB, 4096 MiB, 300 MHz, 1.49 W, 51, 0x0000000000000001
2026/10/07 08:35:23.781, 0 %, 57 MiB, 4096 MiB, 300 MHz, 1.53 W, 50, 0x0000000000000001
2026/10/07 08:35:25.804, 0 %, 57 MiB, 4096 MiB, 300 MHz, 1.56 W, 50, 0x0000000000000001
2026/10/07 08:35:27.828, 0 %, 57 MiB, 4096 MiB, 300 MHz, 1.83 W, 50, 0x0000000000000001
2026/10/07 08:35:29.850, 0 %, 57 MiB, 4096 MiB, 300 MHz, 1.55 W, 51, 0x0000000000000001
2026/10/07 08:35:31.873, 0 %, 57 MiB, 4096 MiB, 300 MHz, 1.51 W, 51, 0x0000000000000001
2026/10/07 08:35:33.895, 0 %, 57 MiB, 4096 MiB, 300 MHz, 1.51 W, 50, 0x0000000000000001
2026/10/07 08:35:35.921, 0 %, 57 MiB, 4096 MiB, 300 MHz, 1.50 W, 51, 0x0000000000000001
2026/10/07 08:35:37.943, 0 %, 57 MiB, 4096 MiB, 300 MHz, 1.73 W, 51, 0x0000000000000001
2026/10/07 08:35:39.964, 0 %, 57 MiB, 4096 MiB, 300 MHz, 1.51 W, 50, 0x0000000000000001
2026/10/07 08:35:41.985, 0 %, 57 MiB, 4096 MiB, 300 MHz, 1.61 W, 51, 0x0000000000000001
2026/10/07 08:35:44.007, 0 %, 57 MiB, 4096 MiB, 300 MHz, 1.60 W, 51, 0x0000000000000001
2026/10/07 08:35:46.031, 0 %, 57 MiB, 4096 MiB, 300 MHz, 1.55 W, 50, 0x0000000000000001
2026/10/07 08:35:48.053, 0 %, 57 MiB, 4096 MiB, 300 MHz, 1.65 W, 51, 0x0000000000000001
2026/10/07 08:35:50.077, 0 %, 57 MiB, 4096 MiB, 300 MHz, 1.56 W, 50, 0x0000000000000001
2026/10/07 08:35:52.098, 0 %, 57 MiB, 4096 MiB, 300 MHz, 1.50 W, 50, 0x0000000000000001
2026/10/07 08:35:54.122, 0 %, 57 MiB, 4096 MiB, 300 MHz, 1.51 W, 51, 0x0000000000000001
2026/10/07 08:35:56.144, 0 %, 57 MiB, 4096 MiB, 300 MHz, 1.98 W, 51, 0x0000000000000001
2026/10/07 08:35:58.171, 0 %, 57 MiB, 4096 MiB, 300 MHz, 1.61 W, 51, 0x0000000000000001
2026/10/07 08:36:00.192, 0 %, 57 MiB, 4096 MiB, 300 MHz, 1.58 W, 51, 0x0000000000000001
2026/10/07 08:36:02.215, 0 %, 57 MiB, 4096 MiB, 300 MHz, 1.60 W, 51, 0x0000000000000001
2026/10/07 08:36:04.239, 0 %, 57 MiB, 4096 MiB, 300 MHz, 1.54 W, 51, 0x0000000000000001
2026/10/07 08:36:06.261, 0 %, 57 MiB, 4096 MiB, 300 MHz, 1.83 W, 50, 0x0000000000000001
2026/10/07 08:36:08.285, 0 %, 57 MiB, 4096 MiB, 300 MHz, 1.52 W, 51, 0x0000000000000001
2026/10/07 08:36:10.306, 0 %, 57 MiB, 4096 MiB, 300 MHz, 1.51 W, 51, 0x0000000000000001
2026/10/07 08:36:12.328, 0 %, 57 MiB, 4096 MiB, 300 MHz, 1.53 W, 51, 0x0000000000000001
2026/10/07 08:36:14.352, 0 %, 57 MiB, 4096 MiB, 300 MHz, 1.51 W, 51, 0x0000000000000001
2026/10/07 08:36:16.375, 0 %, 57 MiB, 4096 MiB, 300 MHz, 1.94 W, 51, 0x0000000000000001
2026/10/07 08:36:18.397, 0 %, 57 MiB, 4096 MiB, 300 MHz, 1.70 W, 51, 0x0000000000000001
2026/10/07 08:36:20.419, 0 %, 57 MiB, 4096 MiB, 300 MHz, 1.68 W, 51, 0x0000000000000001
2026/10/07 08:36:22.442, 0 %, 57 MiB, 4096 MiB, 300 MHz, 1.72 W, 51, 0x0000000000000001
2026/10/07 08:36:24.466, 0 %, 57 MiB, 4096 MiB, 300 MHz, 1.72 W, 51, 0x0000000000000001
2026/10/07 08:36:26.492, 0 %, 57 MiB, 4096 MiB, 300 MHz, 1.56 W, 51, 0x0000000000000001
2026/10/07 08:36:28.514, 0 %, 57 MiB, 4096 MiB, 300 MHz, 1.51 W, 51, 0x0000000000000001
2026/10/07 08:36:30.539, 0 %, 57 MiB, 4096 MiB, 300 MHz, 1.58 W, 51, 0x0000000000000001
2026/10/07 08:36:32.561, 0 %, 57 MiB, 4096 MiB, 300 MHz, 1.57 W, 51, 0x0000000000000001
2026/10/07 08:36:34.583, 0 %, 57 MiB, 4096 MiB, 300 MHz, 1.98 W, 51, 0x0000000000000001
2026/10/07 08:36:36.608, 0 %, 57 MiB, 4096 MiB, 300 MHz, 1.53 W, 51, 0x0000000000000001
2026/10/07 08:36:38.633, 0 %, 57 MiB, 4096 MiB, 300 MHz, 1.56 W, 50, 0x0000000000000001
2026/10/07 08:36:40.656, 0 %, 57 MiB, 4096 MiB, 300 MHz, 1.51 W, 51, 0x0000000000000001
2026/10/07 08:36:42.678, 0 %, 57 MiB, 4096 MiB, 300 MHz, 1.51 W, 51, 0x0000000000000001
2026/10/07 08:36:44.703, 0 %, 57 MiB, 4096 MiB, 300 MHz, 1.69 W, 51, 0x0000000000000001
2026/10/07 08:36:46.724, 0 %, 57 MiB, 4096 MiB, 300 MHz, 1.52 W, 51, 0x0000000000000001
2026/10/07 08:36:48.746, 0 %, 57 MiB, 4096 MiB, 300 MHz, 1.58 W, 51, 0x0000000000000001
2026/10/07 08:36:50.770, 0 %, 57 MiB, 4096 MiB, 300 MHz, 1.55 W, 50, 0x0000000000000001
2026/10/07 08:36:52.791, 0 %, 57 MiB, 4096 MiB, 300 MHz, 1.49 W, 51, 0x0000000000000001
2026/10/07 08:36:54.814, 0 %, 57 MiB, 4096 MiB, 300 MHz, 1.73 W, 51, 0x0000000000000001
2026/10/07 08:36:56.838, 0 %, 57 MiB, 4096 MiB, 300 MHz, 1.47 W, 51, 0x0000000000000001
2026/10/07 08:36:58.861, 0 %, 57 MiB, 4096 MiB, 300 MHz, 1.51 W, 51, 0x0000000000000001
2026/10/07 08:37:00.885, 0 %, 57 MiB, 4096 MiB, 300 MHz, 1.54 W, 51, 0x0000000000000001
2026/10/07 08:37:02.911, 0 %, 57 MiB, 4096 MiB, 300 MHz, 1.90 W, 51, 0x0000000000000001
2026/10/07 08:37:04.933, 0 %, 57 MiB, 4096 MiB, 300 MHz, 1.55 W, 51, 0x0000000000000001
2026/10/07 08:37:06.956, 0 %, 57 MiB, 4096 MiB, 300 MHz, 1.61 W, 51, 0x0000000000000001
2026/10/07 08:37:08.977, 0 %, 57 MiB, 4096 MiB, 300 MHz, 1.53 W, 51, 0x0000000000000001
2026/10/07 08:37:11.003, 0 %, 57 MiB, 4096 MiB, 300 MHz, 1.40 W, 51, 0x0000000000000001
2026/10/07 08:37:13.025, 0 %, 57 MiB, 4096 MiB, 300 MHz, 1.75 W, 51, 0x0000000000000001
2026/10/07 08:37:15.047, 0 %, 57 MiB, 4096 MiB, 300 MHz, 1.48 W, 51, 0x0000000000000001
2026/10/07 08:37:17.069, 0 %, 57 MiB, 4096 MiB, 300 MHz, 1.48 W, 51, 0x0000000000000001
2026/10/07 08:37:19.092, 0 %, 57 MiB, 4096 MiB, 300 MHz, 1.50 W, 51, 0x0000000000000001
2026/10/07 08:37:21.116, 0 %, 57 MiB, 4096 MiB, 300 MHz, 1.52 W, 51, 0x0000000000000001
2026/10/07 08:37:23.138, 0 %, 57 MiB, 4096 MiB, 300 MHz, 1.75 W, 51, 0x0000000000000001
2026/10/07 08:37:25.162, 0 %, 57 MiB, 4096 MiB, 300 MHz, 1.56 W, 51, 0x0000000000000001
2026/10/07 08:37:27.184, 0 %, 57 MiB, 4096 MiB, 300 MHz, 1.55 W, 51, 0x0000000000000001
2026/10/07 08:37:29.207, 0 %, 57 MiB, 4096 MiB, 300 MHz, 1.51 W, 51, 0x0000000000000001
2026/10/07 08:37:31.231, 0 %, 57 MiB, 4096 MiB, 300 MHz, 1.54 W, 51, 0x0000000000000001
2026/10/07 08:37:33.253, 0 %, 57 MiB, 4096 MiB, 300 MHz, 1.65 W, 51, 0x0000000000000001
2026/10/07 08:37:35.279, 0 %, 57 MiB, 4096 MiB, 300 MHz, 1.66 W, 51, 0x0000000000000001
2026/10/07 08:37:37.301, 0 %, 57 MiB, 4096 MiB, 300 MHz, 1.55 W, 51, 0x0000000000000001
2026/10/07 08:37:39.325, 0 %, 57 MiB, 4096 MiB, 300 MHz, 1.52 W, 51, 0x0000000000000001
2026/10/07 08:37:41.347, 0 %, 57 MiB, 4096 MiB, 300 MHz, 1.89 W, 51, 0x0000000000000001
2026/10/07 08:37:43.372, 0 %, 57 MiB, 4096 MiB, 300 MHz, 1.53 W, 51, 0x0000000000000001
2026/10/07 08:37:45.393, 0 %, 57 MiB, 4096 MiB, 300 MHz, 1.60 W, 51, 0x0000000000000001
2026/10/07 08:37:47.418, 0 %, 57 MiB, 4096 MiB, 300 MHz, 1.55 W, 51, 0x0000000000000001
2026/10/07 08:37:49.443, 0 %, 57 MiB, 4096 MiB, 300 MHz, 1.60 W, 51, 0x0000000000000001
2026/10/07 08:37:51.464, 0 %, 57 MiB, 4096 MiB, 300 MHz, 1.78 W, 51, 0x0000000000000001
2026/10/07 08:37:53.487, 0 %, 57 MiB, 4096 MiB, 300 MHz, 1.58 W, 51, 0x0000000000000001
2026/10/07 08:37:55.514, 0 %, 57 MiB, 4096 MiB, 300 MHz, 1.57 W, 51, 0x0000000000000001
2026/10/07 08:37:57.536, 0 %, 57 MiB, 4096 MiB, 300 MHz, 1.55 W, 51, 0x0000000000000001
2026/10/07 08:37:59.560, 0 %, 57 MiB, 4096 MiB, 300 MHz, 1.56 W, 51, 0x0000000000000001
2026/10/07 08:38:01.582, 0 %, 57 MiB, 4096 MiB, 300 MHz, 1.70 W, 51, 0x0000000000000001
2026/10/07 08:38:03.604, 0 %, 57 MiB, 4096 MiB, 300 MHz, 1.62 W, 51, 0x0000000000000001
2026/10/07 08:38:05.627, 0 %, 57 MiB, 4096 MiB, 300 MHz, 1.44 W, 51, 0x0000000000000001
2026/10/07 08:38:07.652, 0 %, 57 MiB, 4096 MiB, 300 MHz, 1.65 W, 51, 0x0000000000000001
2026/10/07 08:38:09.674, 0 %, 57 MiB, 4096 MiB, 300 MHz, 1.90 W, 51, 0x0000000000000001
2026/10/07 08:38:11.698, 0 %, 57 MiB, 4096 MiB, 300 MHz, 1.51 W, 51, 0x0000000000000001
2026/10/07 08:38:13.719, 0 %, 57 MiB, 4096 MiB, 300 MHz, 1.50 W, 51, 0x0000000000000001
2026/10/07 08:38:15.741, 0 %, 57 MiB, 4096 MiB, 300 MHz, 1.48 W, 51, 0x0000000000000001
2026/10/07 08:38:17.766, 0 %, 57 MiB, 4096 MiB, 300 MHz, 1.46 W, 51, 0x0000000000000001
2026/10/07 08:38:19.790, 0 %, 57 MiB, 4096 MiB, 300 MHz, 1.71 W, 51, 0x0000000000000001
2026/10/07 08:38:21.812, 0 %, 57 MiB, 4096 MiB, 300 MHz, 1.54 W, 51, 0x0000000000000001
2026/10/07 08:38:23.835, 0 %, 57 MiB, 4096 MiB, 300 MHz, 1.54 W, 51, 0x0000000000000001
2026/10/07 08:38:25.860, 0 %, 57 MiB, 4096 MiB, 300 MHz, 1.58 W, 51, 0x0000000000000001
2026/10/07 08:38:27.882, 0 %, 57 MiB, 4096 MiB, 300 MHz, 1.52 W, 51, 0x0000000000000001
2026/10/07 08:38:29.903, 0 %, 57 MiB, 4096 MiB, 300 MHz, 1.65 W, 51, 0x0000000000000001
2026/10/07 08:38:31.927, 0 %, 57 MiB, 4096 MiB, 300 MHz, 1.50 W, 51, 0x0000000000000001
2026/10/07 08:38:33.948, 0 %, 57 MiB, 4096 MiB, 300 MHz, 1.49 W, 51, 0x0000000000000001
2026/10/07 08:38:35.974, 0 %, 57 MiB, 4096 MiB, 300 MHz, 1.46 W, 51, 0x0000000000000001
2026/10/07 08:38:37.997, 0 %, 57 MiB, 4096 MiB, 300 MHz, 1.95 W, 51, 0x0000000000000001
2026/10/07 08:38:40.022, 0 %, 57 MiB, 4096 MiB, 300 MHz, 1.52 W, 51, 0x0000000000000001
2026/10/07 08:38:42.044, 0 %, 57 MiB, 4096 MiB, 300 MHz, 1.52 W, 51, 0x0000000000000001
2026/10/07 08:38:44.068, 0 %, 57 MiB, 4096 MiB, 300 MHz, 1.56 W, 51, 0x0000000000000001
2026/10/07 08:38:46.091, 0 %, 57 MiB, 4096 MiB, 300 MHz, 1.58 W, 51, 0x0000000000000001
2026/10/07 08:38:48.115, 0 %, 57 MiB, 4096 MiB, 300 MHz, 1.70 W, 51, 0x0000000000000001
2026/10/07 08:38:50.137, 0 %, 57 MiB, 4096 MiB, 300 MHz, 1.50 W, 51, 0x0000000000000001
2026/10/07 08:38:52.160, 0 %, 57 MiB, 4096 MiB, 300 MHz, 1.47 W, 51, 0x0000000000000001
2026/10/07 08:38:54.183, 0 %, 57 MiB, 4096 MiB, 300 MHz, 1.52 W, 51, 0x0000000000000001
2026/10/07 08:38:56.207, 0 %, 57 MiB, 4096 MiB, 300 MHz, 1.53 W, 51, 0x0000000000000001
2026/10/07 08:38:58.240, 0 %, 57 MiB, 4096 MiB, 300 MHz, 1.59 W, 51, 0x0000000000000001
2026/10/07 08:39:00.263, 0 %, 57 MiB, 4096 MiB, 300 MHz, 1.56 W, 51, 0x0000000000000001
2026/10/07 08:39:02.285, 0 %, 57 MiB, 4096 MiB, 300 MHz, 1.54 W, 51, 0x0000000000000001
2026/10/07 08:39:04.310, 0 %, 57 MiB, 4096 MiB, 300 MHz, 1.54 W, 51, 0x0000000000000001
2026/10/07 08:39:06.332, 0 %, 57 MiB, 4096 MiB, 300 MHz, 1.75 W, 51, 0x0000000000000001
2026/10/07 08:39:08.356, 0 %, 57 MiB, 4096 MiB, 300 MHz, 1.52 W, 51, 0x0000000000000001
2026/10/07 08:39:10.377, 0 %, 57 MiB, 4096 MiB, 300 MHz, 1.49 W, 51, 0x0000000000000001
2026/10/07 08:39:12.401, 0 %, 57 MiB, 4096 MiB, 300 MHz, 1.57 W, 51, 0x0000000000000001
2026/10/07 08:39:14.423, 0 %, 57 MiB, 4096 MiB, 300 MHz, 1.59 W, 51, 0x0000000000000001
2026/10/07 08:39:16.447, 0 %, 57 MiB, 4096 MiB, 300 MHz, 1.61 W, 51, 0x0000000000000001
2026/10/07 08:39:18.471, 0 %, 57 MiB, 4096 MiB, 300 MHz, 1.60 W, 51, 0x0000000000000001
2026/10/07 08:39:20.493, 0 %, 57 MiB, 4096 MiB, 300 MHz, 1.53 W, 51, 0x0000000000000001
2026/10/07 08:39:22.518, 0 %, 57 MiB, 4096 MiB, 300 MHz, 1.53 W, 51, 0x0000000000000001
2026/10/07 08:39:24.540, 0 %, 57 MiB, 4096 MiB, 300 MHz, 1.83 W, 51, 0x0000000000000001
2026/10/07 08:39:26.562, 0 %, 57 MiB, 4096 MiB, 300 MHz, 1.59 W, 51, 0x0000000000000001
2026/10/07 08:39:28.586, 0 %, 57 MiB, 4096 MiB, 300 MHz, 1.56 W, 51, 0x0000000000000001
2026/10/07 08:39:30.608, 0 %, 57 MiB, 4096 MiB, 300 MHz, 1.55 W, 51, 0x0000000000000001
2026/10/07 08:39:32.631, 0 %, 57 MiB, 4096 MiB, 300 MHz, 1.65 W, 51, 0x0000000000000001
2026/10/07 08:39:34.657, 0 %, 57 MiB, 4096 MiB, 300 MHz, 1.81 W, 51, 0x0000000000000001
2026/10/07 08:39:36.678, 0 %, 57 MiB, 4096 MiB, 300 MHz, 1.70 W, 51, 0x0000000000000001
2026/10/07 08:39:38.708, 0 %, 57 MiB, 4096 MiB, 300 MHz, 1.70 W, 51, 0x0000000000000001
2026/10/07 08:39:40.729, 0 %, 57 MiB, 4096 MiB, 300 MHz, 1.60 W, 51, 0x0000000000000001
2026/10/07 08:39:42.754, 0 %, 57 MiB, 4096 MiB, 300 MHz, 1.56 W, 51, 0x0000000000000001
2026/10/07 08:39:44.778, 0 %, 57 MiB, 4096 MiB, 300 MHz, 1.45 W, 51, 0x0000000000000001
2026/10/07 08:39:46.799, 0 %, 57 MiB, 4096 MiB, 300 MHz, 1.47 W, 51, 0x0000000000000001
2026/10/07 08:39:48.824, 0 %, 57 MiB, 4096 MiB, 300 MHz, 1.45 W, 51, 0x0000000000000001
2026/10/07 08:39:50.845, 0 %, 57 MiB, 4096 MiB, 300 MHz, 1.51 W, 51, 0x0000000000000001
2026/10/07 08:39:52.867, 0 %, 57 MiB, 4096 MiB, 300 MHz, 1.92 W, 51, 0x0000000000000001
2026/10/07 08:39:54.889, 0 %, 57 MiB, 4096 MiB, 300 MHz, 1.66 W, 51, 0x0000000000000001
2026/10/07 08:39:56.915, 0 %, 57 MiB, 4096 MiB, 300 MHz, 1.55 W, 51, 0x0000000000000001
2026/10/07 08:39:58.936, 0 %, 57 MiB, 4096 MiB, 300 MHz, 1.51 W, 51, 0x0000000000000001
2026/10/07 08:40:00.963, 0 %, 57 MiB, 4096 MiB, 300 MHz, 1.49 W, 51, 0x0000000000000001
2026/10/07 08:40:02.985, 0 %, 57 MiB, 4096 MiB, 300 MHz, 1.62 W, 51, 0x0000000000000001
2026/10/07 08:40:05.008, 0 %, 57 MiB, 4096 MiB, 300 MHz, 1.49 W, 51, 0x0000000000000001
2026/10/07 08:40:07.032, 0 %, 57 MiB, 4096 MiB, 300 MHz, 1.50 W, 51, 0x0000000000000001
2026/10/07 08:40:09.054, 0 %, 57 MiB, 4096 MiB, 300 MHz, 1.51 W, 51, 0x0000000000000001
2026/10/07 08:40:11.078, 0 %, 57 MiB, 4096 MiB, 300 MHz, 1.53 W, 51, 0x0000000000000001
2026/10/07 08:40:13.099, 0 %, 57 MiB, 4096 MiB, 300 MHz, 1.60 W, 51, 0x0000000000000001
2026/10/07 08:40:15.125, 0 %, 57 MiB, 4096 MiB, 300 MHz, 1.57 W, 51, 0x0000000000000001
2026/10/07 08:40:17.147, 0 %, 57 MiB, 4096 MiB, 300 MHz, 1.55 W, 51, 0x0000000000000001
2026/10/07 08:40:19.171, 0 %, 57 MiB, 4096 MiB, 300 MHz, 1.41 W, 51, 0x0000000000000001
2026/10/07 08:40:21.203, 0 %, 57 MiB, 4096 MiB, 300 MHz, 1.62 W, 51, 0x0000000000000001
2026/10/07 08:40:23.229, 0 %, 57 MiB, 4096 MiB, 300 MHz, 1.49 W, 51, 0x0000000000000001
2026/10/07 08:40:25.251, 0 %, 57 MiB, 4096 MiB, 300 MHz, 1.43 W, 51, 0x0000000000000001
2026/10/07 08:40:27.275, 0 %, 57 MiB, 4096 MiB, 300 MHz, 1.53 W, 51, 0x0000000000000001
2026/10/07 08:40:29.300, 0 %, 57 MiB, 4096 MiB, 300 MHz, 1.96 W, 51, 0x0000000000000001
2026/10/07 08:40:31.321, 0 %, 57 MiB, 4096 MiB, 300 MHz, 1.61 W, 51, 0x0000000000000001
2026/10/07 08:40:33.343, 0 %, 57 MiB, 4096 MiB, 300 MHz, 1.56 W, 51, 0x0000000000000001
2026/10/07 08:40:35.366, 0 %, 57 MiB, 4096 MiB, 300 MHz, 1.51 W, 51, 0x0000000000000001
2026/10/07 08:40:37.391, 0 %, 57 MiB, 4096 MiB, 300 MHz, 1.52 W, 51, 0x0000000000000001
2026/10/07 08:40:39.413, 0 %, 57 MiB, 4096 MiB, 300 MHz, 1.77 W, 51, 0x0000000000000001
2026/10/07 08:40:41.437, 0 %, 57 MiB, 4096 MiB, 300 MHz, 1.55 W, 51, 0x0000000000000001
2026/10/07 08:40:43.463, 0 %, 57 MiB, 4096 MiB, 300 MHz, 1.51 W, 51, 0x0000000000000001
2026/10/07 08:40:45.489, 0 %, 57 MiB, 4096 MiB, 300 MHz, 1.51 W, 51, 0x0000000000000001
2026/10/07 08:40:47.511, 0 %, 57 MiB, 4096 MiB, 300 MHz, 1.46 W, 51, 0x0000000000000001
2026/10/07 08:40:49.532, 0 %, 57 MiB, 4096 MiB, 300 MHz, 1.64 W, 51, 0x0000000000000001
2026/10/07 08:40:51.557, 0 %, 57 MiB, 4096 MiB, 300 MHz, 1.47 W, 51, 0x0000000000000001
2026/10/07 08:40:53.580, 0 %, 57 MiB, 4096 MiB, 300 MHz, 1.52 W, 51, 0x0000000000000001
2026/10/07 08:40:55.603, 0 %, 57 MiB, 4096 MiB, 300 MHz, 1.56 W, 51, 0x0000000000000001
2026/10/07 08:40:57.628, 0 %, 57 MiB, 4096 MiB, 300 MHz, 1.82 W, 51, 0x0000000000000001
2026/10/07 08:40:59.651, 0 %, 57 MiB, 4096 MiB, 300 MHz, 1.46 W, 51, 0x0000000000000001
2026/10/07 08:41:01.675, 0 %, 57 MiB, 4096 MiB, 300 MHz, 1.57 W, 51, 0x0000000000000001
2026/10/07 08:41:03.699, 0 %, 57 MiB, 4096 MiB, 300 MHz, 1.56 W, 51, 0x0000000000000001
2026/10/07 08:41:05.724, 0 %, 57 MiB, 4096 MiB, 300 MHz, 1.57 W, 51, 0x0000000000000001
2026/10/07 08:41:07.748, 0 %, 57 MiB, 4096 MiB, 300 MHz, 1.70 W, 51, 0x0000000000000001
2026/10/07 08:41:09.773, 0 %, 57 MiB, 4096 MiB, 300 MHz, 1.61 W, 51, 0x0000000000000001
2026/10/07 08:41:11.795, 0 %, 57 MiB, 4096 MiB, 300 MHz, 1.61 W, 51, 0x0000000000000001
2026/10/07 08:41:13.819, 0 %, 57 MiB, 4096 MiB, 300 MHz, 1.60 W, 51, 0x0000000000000001
2026/10/07 08:41:15.840, 0 %, 57 MiB, 4096 MiB, 300 MHz, 1.93 W, 51, 0x0000000000000001
2026/10/07 08:41:17.864, 0 %, 57 MiB, 4096 MiB, 300 MHz, 1.48 W, 51, 0x0000000000000001
2026/10/07 08:41:19.886, 0 %, 57 MiB, 4096 MiB, 300 MHz, 1.59 W, 51, 0x0000000000000001
2026/10/07 08:41:21.910, 1 %, 67 MiB, 4096 MiB, 300 MHz, 1.57 W, 51, 0x0000000000000001
2026/10/07 08:41:23.934, 0 %, 58 MiB, 4096 MiB, 300 MHz, 1.46 W, 51, 0x0000000000000001
2026/10/07 08:41:25.959, 0 %, 58 MiB, 4096 MiB, 300 MHz, 1.85 W, 51, 0x0000000000000001
2026/10/07 08:41:27.981, 0 %, 58 MiB, 4096 MiB, 300 MHz, 1.59 W, 51, 0x0000000000000001
2026/10/07 08:41:30.004, 0 %, 58 MiB, 4096 MiB, 300 MHz, 1.60 W, 51, 0x0000000000000001
2026/10/07 08:41:32.025, 0 %, 58 MiB, 4096 MiB, 300 MHz, 1.67 W, 51, 0x0000000000000001
2026/10/07 08:41:34.049, 0 %, 58 MiB, 4096 MiB, 300 MHz, 1.58 W, 51, 0x0000000000000001
2026/10/07 08:41:36.073, 0 %, 58 MiB, 4096 MiB, 300 MHz, 1.71 W, 51, 0x0000000000000001
2026/10/07 08:41:38.095, 0 %, 58 MiB, 4096 MiB, 300 MHz, 1.62 W, 51, 0x0000000000000001
2026/10/07 08:41:40.119, 0 %, 58 MiB, 4096 MiB, 300 MHz, 1.48 W, 51, 0x0000000000000001
2026/10/07 08:41:42.141, 0 %, 58 MiB, 4096 MiB, 300 MHz, 1.58 W, 51, 0x0000000000000001
2026/10/07 08:41:44.166, 0 %, 58 MiB, 4096 MiB, 300 MHz, 2.01 W, 51, 0x0000000000000001
2026/10/07 08:41:46.187, 0 %, 58 MiB, 4096 MiB, 300 MHz, 1.54 W, 51, 0x0000000000000001
2026/10/07 08:41:48.212, 0 %, 58 MiB, 4096 MiB, 300 MHz, 1.51 W, 51, 0x0000000000000001
2026/10/07 08:41:50.234, 0 %, 58 MiB, 4096 MiB, 300 MHz, 1.54 W, 51, 0x0000000000000001
2026/10/07 08:41:52.261, 0 %, 57 MiB, 4096 MiB, 300 MHz, 1.57 W, 51, 0x0000000000000001
2026/10/07 08:41:54.283, 0 %, 57 MiB, 4096 MiB, 300 MHz, 1.75 W, 51, 0x0000000000000001
2026/10/07 08:41:56.305, 0 %, 57 MiB, 4096 MiB, 300 MHz, 1.63 W, 51, 0x0000000000000001
2026/10/07 08:41:58.327, 0 %, 57 MiB, 4096 MiB, 300 MHz, 1.48 W, 51, 0x0000000000000001
2026/10/07 08:42:00.349, 0 %, 57 MiB, 4096 MiB, 300 MHz, 1.50 W, 51, 0x0000000000000001
2026/10/07 08:42:02.372, 0 %, 57 MiB, 4096 MiB, 300 MHz, 1.53 W, 51, 0x0000000000000001
2026/10/07 08:42:04.396, 0 %, 57 MiB, 4096 MiB, 300 MHz, 1.63 W, 51, 0x0000000000000001
2026/10/07 08:42:06.420, 0 %, 57 MiB, 4096 MiB, 300 MHz, 1.52 W, 51, 0x0000000000000001
2026/10/07 08:42:08.441, 0 %, 57 MiB, 4096 MiB, 300 MHz, 1.54 W, 51, 0x0000000000000001
2026/10/07 08:42:10.465, 0 %, 57 MiB, 4096 MiB, 300 MHz, 1.51 W, 51, 0x0000000000000001
2026/10/07 08:42:12.491, 0 %, 57 MiB, 4096 MiB, 300 MHz, 1.51 W, 51, 0x0000000000000001
2026/10/07 08:42:14.513, 0 %, 57 MiB, 4096 MiB, 300 MHz, 1.51 W, 51, 0x0000000000000001
2026/10/07 08:42:16.538, 0 %, 57 MiB, 4096 MiB, 300 MHz, 1.48 W, 51, 0x0000000000000001
2026/10/07 08:42:18.566, 0 %, 57 MiB, 4096 MiB, 300 MHz, 1.48 W, 51, 0x0000000000000001
2026/10/07 08:42:20.590, 0 %, 57 MiB, 4096 MiB, 300 MHz, 1.52 W, 51, 0x0000000000000001
2026/10/07 08:42:22.613, 0 %, 57 MiB, 4096 MiB, 300 MHz, 1.70 W, 51, 0x0000000000000001
2026/10/07 08:42:24.635, 0 %, 57 MiB, 4096 MiB, 300 MHz, 1.57 W, 51, 0x0000000000000001
2026/10/07 08:42:26.658, 0 %, 57 MiB, 4096 MiB, 300 MHz, 1.57 W, 51, 0x0000000000000001
2026/10/07 08:42:28.685, 0 %, 57 MiB, 4096 MiB, 300 MHz, 1.56 W, 51, 0x0000000000000001
2026/10/07 08:42:30.706, 0 %, 57 MiB, 4096 MiB, 300 MHz, 2.00 W, 51, 0x0000000000000001
2026/10/07 08:42:32.731, 0 %, 57 MiB, 4096 MiB, 300 MHz, 1.57 W, 51, 0x0000000000000001
2026/10/07 08:42:34.753, 0 %, 57 MiB, 4096 MiB, 300 MHz, 1.50 W, 51, 0x0000000000000001
2026/10/07 08:42:36.776, 0 %, 57 MiB, 4096 MiB, 300 MHz, 1.54 W, 51, 0x0000000000000001
2026/10/07 08:42:38.801, 0 %, 57 MiB, 4096 MiB, 300 MHz, 1.54 W, 51, 0x0000000000000001
2026/10/07 08:42:40.823, 0 %, 57 MiB, 4096 MiB, 300 MHz, 1.93 W, 51, 0x0000000000000001
2026/10/07 08:42:42.845, 0 %, 57 MiB, 4096 MiB, 300 MHz, 1.56 W, 51, 0x0000000000000001
2026/10/07 08:42:44.866, 0 %, 57 MiB, 4096 MiB, 300 MHz, 1.66 W, 51, 0x0000000000000001
2026/10/07 08:42:46.890, 0 %, 57 MiB, 4096 MiB, 300 MHz, 1.54 W, 51, 0x0000000000000001
2026/10/07 08:42:48.912, 0 %, 57 MiB, 4096 MiB, 300 MHz, 1.38 W, 51, 0x0000000000000001
2026/10/07 08:42:50.933, 0 %, 57 MiB, 4096 MiB, 300 MHz, 1.81 W, 51, 0x0000000000000001
2026/10/07 08:42:52.958, 0 %, 57 MiB, 4096 MiB, 300 MHz, 1.56 W, 51, 0x0000000000000001
2026/10/07 08:42:54.980, 0 %, 57 MiB, 4096 MiB, 300 MHz, 1.52 W, 51, 0x0000000000000001
2026/10/07 08:42:57.003, 0 %, 57 MiB, 4096 MiB, 300 MHz, 1.56 W, 51, 0x0000000000000001
2026/10/07 08:42:59.027, 3 %, 61 MiB, 4096 MiB, 300 MHz, 1.51 W, 51, 0x0000000000000001
2026/10/07 08:43:01.052, 0 %, 62 MiB, 4096 MiB, 300 MHz, 1.72 W, 51, 0x0000000000000001
2026/10/07 08:43:03.077, 1 %, 64 MiB, 4096 MiB, 300 MHz, 1.63 W, 51, 0x0000000000000001
2026/10/07 08:43:05.106, 0 %, 59 MiB, 4096 MiB, 300 MHz, 1.85 W, 51, 0x0000000000000001
2026/10/07 08:43:07.128, 0 %, 59 MiB, 4096 MiB, 300 MHz, 1.72 W, 51, 0x0000000000000001
2026/10/07 08:43:09.154, 0 %, 59 MiB, 4096 MiB, 300 MHz, 1.76 W, 51, 0x0000000000000001
2026/10/07 08:43:11.179, 0 %, 59 MiB, 4096 MiB, 300 MHz, 1.73 W, 51, 0x0000000000000001
2026/10/07 08:43:13.201, 0 %, 59 MiB, 4096 MiB, 300 MHz, 1.61 W, 51, 0x0000000000000001
2026/10/07 08:43:15.226, 0 %, 59 MiB, 4096 MiB, 300 MHz, 1.73 W, 51, 0x0000000000000001
2026/10/07 08:43:17.254, 0 %, 59 MiB, 4096 MiB, 300 MHz, 2.00 W, 51, 0x0000000000000001
2026/10/07 08:43:19.278, 0 %, 59 MiB, 4096 MiB, 300 MHz, 1.50 W, 51, 0x0000000000000001
2026/10/07 08:43:21.305, 0 %, 59 MiB, 4096 MiB, 300 MHz, 1.54 W, 51, 0x0000000000000001
2026/10/07 08:43:23.333, 0 %, 59 MiB, 4096 MiB, 300 MHz, 1.51 W, 51, 0x0000000000000001
2026/10/07 08:43:25.358, 0 %, 59 MiB, 4096 MiB, 300 MHz, 1.52 W, 51, 0x0000000000000001
2026/10/07 08:43:27.381, 0 %, 59 MiB, 4096 MiB, 300 MHz, 1.62 W, 51, 0x0000000000000001
2026/10/07 08:43:29.409, 0 %, 59 MiB, 4096 MiB, 300 MHz, 1.46 W, 51, 0x0000000000000001
2026/10/07 08:43:31.439, 0 %, 59 MiB, 4096 MiB, 300 MHz, 1.61 W, 51, 0x0000000000000001
2026/10/07 08:43:33.461, 0 %, 59 MiB, 4096 MiB, 300 MHz, 1.63 W, 51, 0x0000000000000001
2026/10/07 08:43:35.483, 0 %, 59 MiB, 4096 MiB, 300 MHz, 1.89 W, 51, 0x0000000000000001
2026/10/07 08:43:37.505, 0 %, 59 MiB, 4096 MiB, 300 MHz, 1.80 W, 51, 0x0000000000000001
2026/10/07 08:43:39.527, 0 %, 59 MiB, 4096 MiB, 300 MHz, 1.61 W, 51, 0x0000000000000001
2026/10/07 08:43:41.549, 0 %, 59 MiB, 4096 MiB, 300 MHz, 1.52 W, 51, 0x0000000000000001
2026/10/07 08:43:43.576, 0 %, 59 MiB, 4096 MiB, 300 MHz, 1.52 W, 51, 0x0000000000000001
2026/10/07 08:43:45.599, 0 %, 59 MiB, 4096 MiB, 300 MHz, 1.61 W, 51, 0x0000000000000001
2026/10/07 08:43:47.624, 0 %, 59 MiB, 4096 MiB, 300 MHz, 1.58 W, 51, 0x0000000000000001
2026/10/07 08:43:49.646, 0 %, 59 MiB, 4096 MiB, 300 MHz, 1.65 W, 51, 0x0000000000000001
2026/10/07 08:43:51.669, 0 %, 59 MiB, 4096 MiB, 300 MHz, 1.61 W, 51, 0x0000000000000001
2026/10/07 08:43:53.692, 0 %, 59 MiB, 4096 MiB, 300 MHz, 1.78 W, 51, 0x0000000000000001
2026/10/07 08:43:55.713, 0 %, 59 MiB, 4096 MiB, 300 MHz, 1.66 W, 51, 0x0000000000000001
2026/10/07 08:43:57.739, 0 %, 59 MiB, 4096 MiB, 300 MHz, 1.87 W, 51, 0x0000000000000001
2026/10/07 08:43:59.761, 0 %, 55 MiB, 4096 MiB, 300 MHz, 1.68 W, 51, 0x0000000000000001
2026/10/07 08:44:01.785, 0 %, 55 MiB, 4096 MiB, 300 MHz, 1.59 W, 51, 0x0000000000000001
2026/10/07 08:44:03.807, 0 %, 55 MiB, 4096 MiB, 300 MHz, 1.67 W, 51, 0x0000000000000001
2026/10/07 08:44:05.833, 0 %, 55 MiB, 4096 MiB, 300 MHz, 1.51 W, 51, 0x0000000000000001
2026/10/07 08:44:07.854, 0 %, 55 MiB, 4096 MiB, 300 MHz, 1.52 W, 51, 0x0000000000000001
2026/10/07 08:44:09.877, 0 %, 55 MiB, 4096 MiB, 300 MHz, 1.63 W, 51, 0x0000000000000001
2026/10/07 08:44:11.901, 0 %, 55 MiB, 4096 MiB, 300 MHz, 1.58 W, 51, 0x0000000000000001
2026/10/07 08:44:13.927, 0 %, 55 MiB, 4096 MiB, 300 MHz, 1.55 W, 51, 0x0000000000000001
2026/10/07 08:44:15.949, 0 %, 55 MiB, 4096 MiB, 300 MHz, 1.40 W, 51, 0x0000000000000001
2026/10/07 08:44:17.971, 0 %, 55 MiB, 4096 MiB, 300 MHz, 1.57 W, 51, 0x0000000000000001
2026/10/07 08:44:19.998, 0 %, 68 MiB, 4096 MiB, 300 MHz, 1.55 W, 51, 0x0000000000000001
2026/10/07 08:44:22.020, 1 %, 61 MiB, 4096 MiB, 300 MHz, 1.89 W, 51, 0x0000000000000001
2026/10/07 08:44:24.042, 0 %, 62 MiB, 4096 MiB, 300 MHz, 1.50 W, 51, 0x0000000000000001
2026/10/07 08:44:26.066, 0 %, 53 MiB, 4096 MiB, 300 MHz, 1.52 W, 51, 0x0000000000000001
2026/10/07 08:44:28.089, 2 %, 50 MiB, 4096 MiB, 300 MHz, 1.73 W, 51, 0x0000000000000001
2026/10/07 08:44:30.119, 0 %, 50 MiB, 4096 MiB, 300 MHz, 1.50 W, 51, 0x0000000000000001
2026/10/07 08:44:32.140, 1 %, 64 MiB, 4096 MiB, 300 MHz, 1.79 W, 51, 0x0000000000000001
2026/10/07 08:44:34.163, 0 %, 60 MiB, 4096 MiB, 300 MHz, 1.54 W, 51, 0x0000000000000001
2026/10/07 08:44:36.187, 0 %, 61 MiB, 4096 MiB, 300 MHz, 1.59 W, 51, 0x0000000000000001
2026/10/07 08:44:38.211, 0 %, 62 MiB, 4096 MiB, 300 MHz, 1.64 W, 51, 0x0000000000000001
2026/10/07 08:44:40.235, 0 %, 63 MiB, 4096 MiB, 300 MHz, 1.70 W, 51, 0x0000000000000001
2026/10/07 08:44:42.259, 0 %, 58 MiB, 4096 MiB, 300 MHz, 1.65 W, 51, 0x0000000000000001
2026/10/07 08:44:44.282, 0 %, 58 MiB, 4096 MiB, 300 MHz, 1.68 W, 51, 0x0000000000000001
2026/10/07 08:44:46.307, 1 %, 65 MiB, 4096 MiB, 300 MHz, 1.47 W, 51, 0x0000000000000001
2026/10/07 08:44:48.340, 0 %, 60 MiB, 4096 MiB, 300 MHz, 1.57 W, 51, 0x0000000000000001
2026/10/07 08:44:50.362, 0 %, 59 MiB, 4096 MiB, 300 MHz, 1.64 W, 51, 0x0000000000000001
2026/10/07 08:44:52.392, 0 %, 59 MiB, 4096 MiB, 300 MHz, 1.53 W, 51, 0x0000000000000001
2026/10/07 08:44:54.415, 0 %, 59 MiB, 4096 MiB, 300 MHz, 1.65 W, 51, 0x0000000000000001
2026/10/07 08:44:56.441, 0 %, 59 MiB, 4096 MiB, 300 MHz, 1.63 W, 51, 0x0000000000000001
2026/10/07 08:44:58.466, 0 %, 59 MiB, 4096 MiB, 300 MHz, 1.68 W, 51, 0x0000000000000001
2026/10/07 08:45:00.490, 0 %, 59 MiB, 4096 MiB, 300 MHz, 1.31 W, 51, 0x0000000000000001
2026/10/07 08:45:02.515, 0 %, 59 MiB, 4096 MiB, 300 MHz, 1.71 W, 51, 0x0000000000000001
2026/10/07 08:45:04.539, 0 %, 59 MiB, 4096 MiB, 300 MHz, 1.39 W, 51, 0x0000000000000001
2026/10/07 08:45:06.566, 0 %, 59 MiB, 4096 MiB, 300 MHz, 1.89 W, 51, 0x0000000000000001
2026/10/07 08:45:08.589, 0 %, 59 MiB, 4096 MiB, 300 MHz, 1.60 W, 51, 0x0000000000000001
2026/10/07 08:45:10.613, 0 %, 59 MiB, 4096 MiB, 300 MHz, 1.58 W, 51, 0x0000000000000001
2026/10/07 08:45:12.637, 0 %, 59 MiB, 4096 MiB, 300 MHz, 1.65 W, 51, 0x0000000000000001
2026/10/07 08:45:14.661, 0 %, 59 MiB, 4096 MiB, 300 MHz, 1.69 W, 51, 0x0000000000000001
2026/10/07 08:45:16.686, 0 %, 59 MiB, 4096 MiB, 300 MHz, 1.38 W, 51, 0x0000000000000001
2026/10/07 08:45:18.712, 0 %, 59 MiB, 4096 MiB, 300 MHz, 1.62 W, 51, 0x0000000000000001
2026/10/07 08:45:20.734, 0 %, 49 MiB, 4096 MiB, 300 MHz, 1.61 W, 51, 0x0000000000000001
2026/10/07 08:45:22.756, 0 %, 49 MiB, 4096 MiB, 300 MHz, 1.57 W, 51, 0x0000000000000001
2026/10/07 08:45:24.781, 0 %, 49 MiB, 4096 MiB, 300 MHz, 1.42 W, 51, 0x0000000000000001
2026/10/07 08:45:26.803, 0 %, 49 MiB, 4096 MiB, 300 MHz, 1.79 W, 51, 0x0000000000000001
2026/10/07 08:45:28.827, 0 %, 49 MiB, 4096 MiB, 300 MHz, 1.70 W, 51, 0x0000000000000001
2026/10/07 08:45:30.850, 0 %, 49 MiB, 4096 MiB, 300 MHz, 1.48 W, 51, 0x0000000000000001
2026/10/07 08:45:32.872, 0 %, 49 MiB, 4096 MiB, 300 MHz, 1.56 W, 51, 0x0000000000000001
2026/10/07 08:45:34.899, 0 %, 49 MiB, 4096 MiB, 300 MHz, 1.86 W, 51, 0x0000000000000001
2026/10/07 08:45:36.921, 0 %, 49 MiB, 4096 MiB, 300 MHz, 1.33 W, 51, 0x0000000000000001
2026/10/07 08:45:38.946, 0 %, 49 MiB, 4096 MiB, 300 MHz, 1.51 W, 51, 0x0000000000000001
2026/10/07 08:45:40.968, 0 %, 49 MiB, 4096 MiB, 300 MHz, 1.26 W, 51, 0x0000000000000001
2026/10/07 08:45:42.994, 0 %, 49 MiB, 4096 MiB, 300 MHz, 1.33 W, 51, 0x0000000000000001
2026/10/07 08:45:45.016, 0 %, 49 MiB, 4096 MiB, 300 MHz, 1.39 W, 51, 0x0000000000000001
2026/10/07 08:45:47.040, 0 %, 49 MiB, 4096 MiB, 300 MHz, 1.55 W, 51, 0x0000000000000001
2026/10/07 08:45:49.069, 0 %, 49 MiB, 4096 MiB, 300 MHz, 1.48 W, 51, 0x0000000000000001
2026/10/07 08:45:51.092, 0 %, 49 MiB, 4096 MiB, 300 MHz, 1.47 W, 51, 0x0000000000000001
2026/10/07 08:45:53.117, 0 %, 49 MiB, 4096 MiB, 300 MHz, 1.61 W, 51, 0x0000000000000001
2026/10/07 08:45:55.139, 0 %, 49 MiB, 4096 MiB, 300 MHz, 1.47 W, 51, 0x0000000000000001
2026/10/07 08:45:57.161, 0 %, 49 MiB, 4096 MiB, 300 MHz, 1.26 W, 51, 0x0000000000000001
2026/10/07 08:45:59.187, 0 %, 49 MiB, 4096 MiB, 300 MHz, 1.24 W, 51, 0x0000000000000001
2026/10/07 08:46:01.212, 0 %, 49 MiB, 4096 MiB, 300 MHz, 1.40 W, 51, 0x0000000000000001
2026/10/07 08:46:03.235, 0 %, 49 MiB, 4096 MiB, 300 MHz, 1.43 W, 51, 0x0000000000000001
2026/10/07 08:46:05.259, 0 %, 49 MiB, 4096 MiB, 300 MHz, 1.37 W, 51, 0x0000000000000001
2026/10/07 08:46:07.281, 0 %, 49 MiB, 4096 MiB, 300 MHz, 1.39 W, 51, 0x0000000000000001
2026/10/07 08:46:09.305, 0 %, 49 MiB, 4096 MiB, 300 MHz, 1.38 W, 51, 0x0000000000000001
2026/10/07 08:46:11.329, 0 %, 49 MiB, 4096 MiB, 300 MHz, 1.69 W, 51, 0x0000000000000001
2026/10/07 08:46:13.351, 0 %, 49 MiB, 4096 MiB, 300 MHz, 1.52 W, 51, 0x0000000000000001
2026/10/07 08:46:15.374, 0 %, 49 MiB, 4096 MiB, 300 MHz, 1.41 W, 51, 0x0000000000000001
2026/10/07 08:46:17.398, 0 %, 49 MiB, 4096 MiB, 300 MHz, 1.20 W, 51, 0x0000000000000001
2026/10/07 08:46:19.423, 0 %, 49 MiB, 4096 MiB, 300 MHz, 1.38 W, 51, 0x0000000000000001
2026/10/07 08:46:21.444, 0 %, 49 MiB, 4096 MiB, 300 MHz, 1.53 W, 51, 0x0000000000000001
2026/10/07 08:46:23.466, 0 %, 49 MiB, 4096 MiB, 300 MHz, 1.35 W, 51, 0x0000000000000001
2026/10/07 08:46:25.488, 0 %, 49 MiB, 4096 MiB, 300 MHz, 1.32 W, 51, 0x0000000000000001
2026/10/07 08:46:27.514, 0 %, 49 MiB, 4096 MiB, 300 MHz, 1.65 W, 51, 0x0000000000000001
2026/10/07 08:46:29.537, 0 %, 49 MiB, 4096 MiB, 300 MHz, 1.31 W, 51, 0x0000000000000001
2026/10/07 08:46:31.560, 0 %, 49 MiB, 4096 MiB, 300 MHz, 1.34 W, 51, 0x0000000000000001
2026/10/07 08:46:33.586, 0 %, 49 MiB, 4096 MiB, 300 MHz, 1.17 W, 51, 0x0000000000000001
2026/10/07 08:46:35.610, 0 %, 49 MiB, 4096 MiB, 300 MHz, 1.20 W, 51, 0x0000000000000001
2026/10/07 08:46:37.633, 0 %, 49 MiB, 4096 MiB, 300 MHz, 1.30 W, 51, 0x0000000000000001
2026/10/07 08:46:39.658, 0 %, 49 MiB, 4096 MiB, 300 MHz, 1.73 W, 51, 0x0000000000000001
2026/10/07 08:46:41.682, 0 %, 49 MiB, 4096 MiB, 300 MHz, 1.35 W, 51, 0x0000000000000001
2026/10/07 08:46:43.704, 0 %, 49 MiB, 4096 MiB, 300 MHz, 1.43 W, 51, 0x0000000000000001
2026/10/07 08:46:45.729, 0 %, 49 MiB, 4096 MiB, 300 MHz, 1.31 W, 51, 0x0000000000000001
2026/10/07 08:46:47.752, 0 %, 49 MiB, 4096 MiB, 300 MHz, 1.29 W, 51, 0x0000000000000001
2026/10/07 08:46:49.776, 0 %, 49 MiB, 4096 MiB, 300 MHz, 1.60 W, 51, 0x0000000000000001
2026/10/07 08:46:51.800, 0 %, 49 MiB, 4096 MiB, 300 MHz, 1.13 W, 51, 0x0000000000000001
2026/10/07 08:46:53.825, 0 %, 49 MiB, 4096 MiB, 300 MHz, 1.13 W, 51, 0x0000000000000001
2026/10/07 08:46:55.847, 0 %, 49 MiB, 4096 MiB, 300 MHz, 1.30 W, 51, 0x0000000000000001
2026/10/07 08:46:57.875, 0 %, 49 MiB, 4096 MiB, 300 MHz, 1.71 W, 51, 0x0000000000000001
2026/10/07 08:46:59.902, 0 %, 49 MiB, 4096 MiB, 300 MHz, 1.43 W, 51, 0x0000000000000001
2026/10/07 08:47:01.924, 0 %, 49 MiB, 4096 MiB, 300 MHz, 1.56 W, 51, 0x0000000000000001
2026/10/07 08:47:03.946, 0 %, 49 MiB, 4096 MiB, 300 MHz, 1.42 W, 51, 0x0000000000000001
2026/10/07 08:47:05.969, 0 %, 49 MiB, 4096 MiB, 300 MHz, 1.40 W, 51, 0x0000000000000001
2026/10/07 08:47:07.992, 0 %, 49 MiB, 4096 MiB, 300 MHz, 1.38 W, 51, 0x0000000000000001
2026/10/07 08:47:10.016, 0 %, 49 MiB, 4096 MiB, 300 MHz, 1.30 W, 51, 0x0000000000000001
2026/10/07 08:47:12.039, 0 %, 49 MiB, 4096 MiB, 300 MHz, 1.26 W, 51, 0x0000000000000001
2026/10/07 08:47:14.065, 0 %, 49 MiB, 4096 MiB, 300 MHz, 1.39 W, 51, 0x0000000000000001
2026/10/07 08:47:16.087, 0 %, 49 MiB, 4096 MiB, 300 MHz, 1.98 W, 51, 0x0000000000000001
2026/10/07 08:47:18.110, 0 %, 49 MiB, 4096 MiB, 300 MHz, 1.36 W, 51, 0x0000000000000001
2026/10/07 08:47:20.135, 0 %, 49 MiB, 4096 MiB, 300 MHz, 1.57 W, 51, 0x0000000000000001
2026/10/07 08:47:22.157, 0 %, 49 MiB, 4096 MiB, 300 MHz, 1.51 W, 51, 0x0000000000000001
2026/10/07 08:47:24.179, 0 %, 49 MiB, 4096 MiB, 300 MHz, 1.41 W, 51, 0x0000000000000001
2026/10/07 08:47:26.204, 0 %, 49 MiB, 4096 MiB, 300 MHz, 1.78 W, 51, 0x0000000000000001
2026/10/07 08:47:28.228, 0 %, 49 MiB, 4096 MiB, 300 MHz, 1.18 W, 51, 0x0000000000000001
2026/10/07 08:47:30.250, 0 %, 49 MiB, 4096 MiB, 300 MHz, 1.64 W, 51, 0x0000000000000001
2026/10/07 08:47:32.276, 0 %, 49 MiB, 4096 MiB, 300 MHz, 1.34 W, 51, 0x0000000000000001
2026/10/07 08:47:34.298, 0 %, 49 MiB, 4096 MiB, 300 MHz, 1.44 W, 51, 0x0000000000000001
2026/10/07 08:47:36.321, 0 %, 49 MiB, 4096 MiB, 300 MHz, 1.31 W, 51, 0x0000000000000001
2026/10/07 08:47:38.348, 0 %, 49 MiB, 4096 MiB, 300 MHz, 1.31 W, 51, 0x0000000000000001
2026/10/07 08:47:40.371, 0 %, 49 MiB, 4096 MiB, 300 MHz, 1.34 W, 51, 0x0000000000000001
2026/10/07 08:47:42.396, 0 %, 49 MiB, 4096 MiB, 300 MHz, 1.26 W, 51, 0x0000000000000001
2026/10/07 08:47:44.418, 0 %, 49 MiB, 4096 MiB, 300 MHz, 1.61 W, 51, 0x0000000000000001
2026/10/07 08:47:46.440, 0 %, 49 MiB, 4096 MiB, 300 MHz, 1.74 W, 51, 0x0000000000000001
2026/10/07 08:47:48.465, 0 %, 49 MiB, 4096 MiB, 300 MHz, 1.27 W, 51, 0x0000000000000001
2026/10/07 08:47:50.488, 0 %, 49 MiB, 4096 MiB, 300 MHz, 1.51 W, 51, 0x0000000000000001
2026/10/07 08:47:52.512, 0 %, 49 MiB, 4096 MiB, 300 MHz, 1.46 W, 51, 0x0000000000000001
2026/10/07 08:47:54.538, 0 %, 49 MiB, 4096 MiB, 300 MHz, 1.71 W, 51, 0x0000000000000001
2026/10/07 08:47:56.563, 0 %, 49 MiB, 4096 MiB, 300 MHz, 1.37 W, 51, 0x0000000000000001
2026/10/07 08:47:58.585, 0 %, 49 MiB, 4096 MiB, 300 MHz, 1.22 W, 51, 0x0000000000000001
2026/10/07 08:48:00.610, 0 %, 49 MiB, 4096 MiB, 300 MHz, 1.19 W, 51, 0x0000000000000001
2026/10/07 08:48:02.632, 0 %, 49 MiB, 4096 MiB, 300 MHz, 1.83 W, 51, 0x0000000000000001
2026/10/07 08:48:04.656, 0 %, 49 MiB, 4096 MiB, 300 MHz, 1.61 W, 51, 0x0000000000000001
2026/10/07 08:48:06.681, 0 %, 49 MiB, 4096 MiB, 300 MHz, 1.29 W, 51, 0x0000000000000001
2026/10/07 08:48:08.704, 0 %, 49 MiB, 4096 MiB, 300 MHz, 1.30 W, 51, 0x0000000000000001
2026/10/07 08:48:10.728, 0 %, 49 MiB, 4096 MiB, 300 MHz, 1.41 W, 51, 0x0000000000000001
2026/10/07 08:48:12.753, 0 %, 49 MiB, 4096 MiB, 300 MHz, 1.52 W, 51, 0x0000000000000001
2026/10/07 08:48:14.775, 0 %, 49 MiB, 4096 MiB, 300 MHz, 1.34 W, 51, 0x0000000000000001
2026/10/07 08:48:16.797, 0 %, 49 MiB, 4096 MiB, 300 MHz, 1.27 W, 51, 0x0000000000000001
2026/10/07 08:48:18.820, 0 %, 49 MiB, 4096 MiB, 300 MHz, 1.27 W, 51, 0x0000000000000001
2026/10/07 08:48:20.842, 0 %, 49 MiB, 4096 MiB, 300 MHz, 1.48 W, 51, 0x0000000000000001
2026/10/07 08:48:22.864, 0 %, 49 MiB, 4096 MiB, 300 MHz, 1.66 W, 51, 0x0000000000000001
2026/10/07 08:48:24.888, 0 %, 49 MiB, 4096 MiB, 300 MHz, 1.19 W, 51, 0x0000000000000001
2026/10/07 08:48:26.910, 0 %, 49 MiB, 4096 MiB, 300 MHz, 1.41 W, 51, 0x0000000000000001
2026/10/07 08:48:28.936, 0 %, 49 MiB, 4096 MiB, 300 MHz, 1.44 W, 51, 0x0000000000000001
2026/10/07 08:48:30.958, 0 %, 49 MiB, 4096 MiB, 300 MHz, 1.99 W, 51, 0x0000000000000001
2026/10/07 08:48:32.983, 0 %, 49 MiB, 4096 MiB, 300 MHz, 1.62 W, 51, 0x0000000000000001
2026/10/07 08:48:35.012, 0 %, 49 MiB, 4096 MiB, 300 MHz, 1.36 W, 51, 0x0000000000000001
2026/10/07 08:48:37.035, 0 %, 49 MiB, 4096 MiB, 300 MHz, 1.43 W, 51, 0x0000000000000001
2026/10/07 08:48:39.060, 0 %, 49 MiB, 4096 MiB, 300 MHz, 1.49 W, 51, 0x0000000000000001
2026/10/07 08:48:41.082, 0 %, 49 MiB, 4096 MiB, 300 MHz, 1.46 W, 51, 0x0000000000000001
2026/10/07 08:48:43.105, 0 %, 49 MiB, 4096 MiB, 300 MHz, 1.37 W, 51, 0x0000000000000001
2026/10/07 08:48:45.132, 0 %, 49 MiB, 4096 MiB, 300 MHz, 1.31 W, 51, 0x0000000000000001
2026/10/07 08:48:47.154, 0 %, 49 MiB, 4096 MiB, 300 MHz, 1.50 W, 51, 0x0000000000000001
2026/10/07 08:48:49.176, 0 %, 49 MiB, 4096 MiB, 300 MHz, 2.08 W, 51, 0x0000000000000001
2026/10/07 08:48:51.200, 0 %, 49 MiB, 4096 MiB, 300 MHz, 1.76 W, 51, 0x0000000000000001
2026/10/07 08:48:53.230, 0 %, 49 MiB, 4096 MiB, 300 MHz, 1.38 W, 51, 0x0000000000000001
2026/10/07 08:48:55.253, 0 %, 49 MiB, 4096 MiB, 300 MHz, 1.41 W, 51, 0x0000000000000001
2026/10/07 08:48:57.276, 0 %, 49 MiB, 4096 MiB, 300 MHz, 1.70 W, 51, 0x0000000000000001
2026/10/07 08:48:59.302, 0 %, 49 MiB, 4096 MiB, 300 MHz, 1.37 W, 51, 0x0000000000000001
2026/10/07 08:49:01.325, 0 %, 49 MiB, 4096 MiB, 300 MHz, 1.45 W, 51, 0x0000000000000001
2026/10/07 08:49:03.347, 0 %, 49 MiB, 4096 MiB, 300 MHz, 1.35 W, 51, 0x0000000000000001
2026/10/07 08:49:05.371, 0 %, 49 MiB, 4096 MiB, 300 MHz, 1.48 W, 51, 0x0000000000000001
2026/10/07 08:49:07.393, 0 %, 49 MiB, 4096 MiB, 300 MHz, 1.98 W, 51, 0x0000000000000001
2026/10/07 08:49:09.419, 0 %, 49 MiB, 4096 MiB, 300 MHz, 1.32 W, 51, 0x0000000000000001
2026/10/07 08:49:11.443, 0 %, 49 MiB, 4096 MiB, 300 MHz, 1.45 W, 51, 0x0000000000000001
2026/10/07 08:49:13.469, 0 %, 49 MiB, 4096 MiB, 300 MHz, 1.54 W, 51, 0x0000000000000001
2026/10/07 08:49:15.495, 0 %, 49 MiB, 4096 MiB, 300 MHz, 1.25 W, 51, 0x0000000000000001
2026/10/07 08:49:17.516, 0 %, 49 MiB, 4096 MiB, 300 MHz, 1.70 W, 51, 0x0000000000000001
2026/10/07 08:49:19.539, 0 %, 49 MiB, 4096 MiB, 300 MHz, 1.47 W, 51, 0x0000000000000001
2026/10/07 08:49:21.563, 0 %, 49 MiB, 4096 MiB, 300 MHz, 1.35 W, 51, 0x0000000000000001
2026/10/07 08:49:23.587, 0 %, 49 MiB, 4096 MiB, 300 MHz, 1.29 W, 51, 0x0000000000000001
2026/10/07 08:49:25.609, 0 %, 49 MiB, 4096 MiB, 300 MHz, 1.75 W, 51, 0x0000000000000001
2026/10/07 08:49:27.634, 0 %, 49 MiB, 4096 MiB, 300 MHz, 1.41 W, 51, 0x0000000000000001
2026/10/07 08:49:29.659, 0 %, 49 MiB, 4096 MiB, 300 MHz, 1.32 W, 51, 0x0000000000000001
2026/10/07 08:49:31.681, 0 %, 49 MiB, 4096 MiB, 300 MHz, 1.27 W, 51, 0x0000000000000001
2026/10/07 08:49:33.705, 0 %, 49 MiB, 4096 MiB, 300 MHz, 1.39 W, 51, 0x0000000000000001
2026/10/07 08:49:35.728, 0 %, 49 MiB, 4096 MiB, 300 MHz, 1.67 W, 51, 0x0000000000000001
2026/10/07 08:49:37.752, 0 %, 49 MiB, 4096 MiB, 300 MHz, 1.62 W, 51, 0x0000000000000001
2026/10/07 08:49:39.774, 0 %, 49 MiB, 4096 MiB, 300 MHz, 1.54 W, 51, 0x0000000000000001
2026/10/07 08:49:41.800, 0 %, 49 MiB, 4096 MiB, 300 MHz, 1.40 W, 51, 0x0000000000000001
2026/10/07 08:49:43.822, 0 %, 49 MiB, 4096 MiB, 300 MHz, 1.60 W, 51, 0x0000000000000001
2026/10/07 08:49:45.848, 0 %, 49 MiB, 4096 MiB, 300 MHz, 1.39 W, 51, 0x0000000000000001
2026/10/07 08:49:47.873, 0 %, 49 MiB, 4096 MiB, 300 MHz, 1.26 W, 51, 0x0000000000000001
2026/10/07 08:49:49.895, 0 %, 49 MiB, 4096 MiB, 300 MHz, 1.31 W, 51, 0x0000000000000001
2026/10/07 08:49:51.917, 0 %, 49 MiB, 4096 MiB, 300 MHz, 1.37 W, 51, 0x0000000000000001
2026/10/07 08:49:53.941, 0 %, 49 MiB, 4096 MiB, 300 MHz, 1.80 W, 51, 0x0000000000000001
2026/10/07 08:49:55.965, 0 %, 49 MiB, 4096 MiB, 300 MHz, 1.59 W, 51, 0x0000000000000001
2026/10/07 08:49:57.989, 0 %, 49 MiB, 4096 MiB, 300 MHz, 1.40 W, 51, 0x0000000000000001
2026/10/07 08:50:00.013, 0 %, 49 MiB, 4096 MiB, 300 MHz, 1.40 W, 51, 0x0000000000000001
2026/10/07 08:50:02.038, 0 %, 49 MiB, 4096 MiB, 300 MHz, 1.42 W, 51, 0x0000000000000001
2026/10/07 08:50:04.061, 0 %, 49 MiB, 4096 MiB, 300 MHz, 1.48 W, 51, 0x0000000000000001
2026/10/07 08:50:06.088, 0 %, 49 MiB, 4096 MiB, 300 MHz, 1.38 W, 51, 0x0000000000000001
2026/10/07 08:50:08.110, 0 %, 49 MiB, 4096 MiB, 300 MHz, 1.70 W, 51, 0x0000000000000001
2026/10/07 08:50:10.138, 0 %, 49 MiB, 4096 MiB, 300 MHz, 1.53 W, 51, 0x0000000000000001
2026/10/07 08:50:12.162, 0 %, 49 MiB, 4096 MiB, 300 MHz, 1.80 W, 51, 0x0000000000000001
2026/10/07 08:50:14.185, 0 %, 49 MiB, 4096 MiB, 300 MHz, 1.43 W, 51, 0x0000000000000001
2026/10/07 08:50:16.207, 0 %, 49 MiB, 4096 MiB, 300 MHz, 1.23 W, 51, 0x0000000000000001
2026/10/07 08:50:18.233, 0 %, 49 MiB, 4096 MiB, 300 MHz, 1.34 W, 51, 0x0000000000000001
2026/10/07 08:50:20.255, 0 %, 49 MiB, 4096 MiB, 300 MHz, 1.34 W, 51, 0x0000000000000001
2026/10/07 08:50:22.280, 0 %, 49 MiB, 4096 MiB, 300 MHz, 1.50 W, 51, 0x0000000000000001
2026/10/07 08:50:24.304, 0 %, 49 MiB, 4096 MiB, 300 MHz, 1.36 W, 51, 0x0000000000000001
2026/10/07 08:50:26.330, 0 %, 49 MiB, 4096 MiB, 300 MHz, 1.74 W, 51, 0x0000000000000001
2026/10/07 08:50:28.353, 0 %, 49 MiB, 4096 MiB, 300 MHz, 1.57 W, 51, 0x0000000000000001
2026/10/07 08:50:30.375, 0 %, 49 MiB, 4096 MiB, 300 MHz, 1.89 W, 51, 0x0000000000000001
2026/10/07 08:50:32.398, 0 %, 49 MiB, 4096 MiB, 300 MHz, 1.42 W, 51, 0x0000000000000001
2026/10/07 08:50:34.423, 0 %, 49 MiB, 4096 MiB, 300 MHz, 1.44 W, 51, 0x0000000000000001
2026/10/07 08:50:36.448, 0 %, 49 MiB, 4096 MiB, 300 MHz, 1.35 W, 51, 0x0000000000000001
2026/10/07 08:50:38.472, 0 %, 49 MiB, 4096 MiB, 300 MHz, 1.66 W, 51, 0x0000000000000001
2026/10/07 08:50:40.498, 0 %, 49 MiB, 4096 MiB, 300 MHz, 1.42 W, 51, 0x0000000000000001
2026/10/07 08:50:42.520, 0 %, 49 MiB, 4096 MiB, 300 MHz, 1.20 W, 51, 0x0000000000000001
2026/10/07 08:50:44.544, 0 %, 49 MiB, 4096 MiB, 300 MHz, 1.46 W, 51, 0x0000000000000001
2026/10/07 08:50:46.573, 0 %, 49 MiB, 4096 MiB, 300 MHz, 1.42 W, 51, 0x0000000000000001
2026/10/07 08:50:48.598, 0 %, 49 MiB, 4096 MiB, 300 MHz, 1.55 W, 51, 0x0000000000000001
2026/10/07 08:50:50.620, 0 %, 49 MiB, 4096 MiB, 300 MHz, 1.31 W, 51, 0x0000000000000001
2026/10/07 08:50:52.645, 0 %, 49 MiB, 4096 MiB, 300 MHz, 1.33 W, 51, 0x0000000000000001
2026/10/07 08:50:54.670, 0 %, 49 MiB, 4096 MiB, 300 MHz, 1.36 W, 51, 0x0000000000000001
2026/10/07 08:50:56.692, 0 %, 49 MiB, 4096 MiB, 300 MHz, 1.56 W, 51, 0x0000000000000001
2026/10/07 08:50:58.714, 0 %, 49 MiB, 4096 MiB, 300 MHz, 1.74 W, 51, 0x0000000000000001
2026/10/07 08:51:00.737, 0 %, 56 MiB, 4096 MiB, 300 MHz, 1.30 W, 51, 0x0000000000000001
2026/10/07 08:51:02.763, 0 %, 56 MiB, 4096 MiB, 300 MHz, 1.33 W, 50, 0x0000000000000001
2026/10/07 08:51:04.790, 0 %, 47 MiB, 4096 MiB, 300 MHz, 1.58 W, 50, 0x0000000000000001
2026/10/07 08:51:06.813, 0 %, 47 MiB, 4096 MiB, 300 MHz, 1.84 W, 50, 0x0000000000000001
2026/10/07 08:51:08.838, 0 %, 47 MiB, 4096 MiB, 300 MHz, 1.61 W, 50, 0x0000000000000001
2026/10/07 08:51:10.860, 0 %, 47 MiB, 4096 MiB, 300 MHz, 1.36 W, 50, 0x0000000000000001
2026/10/07 08:51:12.884, 0 %, 56 MiB, 4096 MiB, 300 MHz, 1.32 W, 50, 0x0000000000000001
2026/10/07 08:51:14.907, 0 %, 56 MiB, 4096 MiB, 300 MHz, 1.38 W, 50, 0x0000000000000001
2026/10/07 08:51:16.929, 0 %, 51 MiB, 4096 MiB, 300 MHz, 1.29 W, 50, 0x0000000000000001
2026/10/07 08:51:18.953, 0 %, 51 MiB, 4096 MiB, 300 MHz, 1.22 W, 51, 0x0000000000000001
2026/10/07 08:51:20.975, 0 %, 51 MiB, 4096 MiB, 300 MHz, 1.49 W, 51, 0x0000000000000001
2026/10/07 08:51:22.999, 0 %, 51 MiB, 4096 MiB, 300 MHz, 1.24 W, 51, 0x0000000000000001
2026/10/07 08:51:25.021, 0 %, 51 MiB, 4096 MiB, 300 MHz, 1.81 W, 51, 0x0000000000000001
2026/10/07 08:51:27.046, 0 %, 51 MiB, 4096 MiB, 300 MHz, 1.51 W, 51, 0x0000000000000001
2026/10/07 08:51:29.078, 0 %, 51 MiB, 4096 MiB, 300 MHz, 1.35 W, 51, 0x0000000000000001
2026/10/07 08:51:31.102, 3 %, 63 MiB, 4096 MiB, 300 MHz, 1.62 W, 51, 0x0000000000000001
2026/10/07 08:51:33.126, 0 %, 58 MiB, 4096 MiB, 300 MHz, 1.41 W, 51, 0x0000000000000001
2026/10/07 08:51:35.149, 0 %, 54 MiB, 4096 MiB, 300 MHz, 1.51 W, 51, 0x0000000000000001
2026/10/07 08:51:37.173, 0 %, 54 MiB, 4096 MiB, 300 MHz, 1.33 W, 51, 0x0000000000000001
2026/10/07 08:51:39.197, 0 %, 54 MiB, 4096 MiB, 300 MHz, 1.42 W, 51, 0x0000000000000001
2026/10/07 08:51:41.223, 0 %, 54 MiB, 4096 MiB, 300 MHz, 1.43 W, 51, 0x0000000000000001
2026/10/07 08:51:43.246, 0 %, 54 MiB, 4096 MiB, 300 MHz, 1.84 W, 51, 0x0000000000000001
2026/10/07 08:51:45.269, 0 %, 54 MiB, 4096 MiB, 300 MHz, 1.29 W, 51, 0x0000000000000001
2026/10/07 08:51:47.295, 0 %, 54 MiB, 4096 MiB, 300 MHz, 1.42 W, 51, 0x0000000000000001
2026/10/07 08:51:49.317, 0 %, 54 MiB, 4096 MiB, 300 MHz, 1.40 W, 51, 0x0000000000000001
2026/10/07 08:51:51.339, 0 %, 54 MiB, 4096 MiB, 300 MHz, 1.61 W, 51, 0x0000000000000001
2026/10/07 08:51:53.364, 0 %, 54 MiB, 4096 MiB, 300 MHz, 1.40 W, 51, 0x0000000000000001
2026/10/07 08:51:55.387, 0 %, 54 MiB, 4096 MiB, 300 MHz, 1.50 W, 51, 0x0000000000000001
2026/10/07 08:51:57.412, 0 %, 54 MiB, 4096 MiB, 300 MHz, 1.29 W, 51, 0x0000000000000001
2026/10/07 08:51:59.436, 0 %, 54 MiB, 4096 MiB, 300 MHz, 1.24 W, 51, 0x0000000000000001
2026/10/07 08:52:01.458, 0 %, 53 MiB, 4096 MiB, 300 MHz, 1.81 W, 51, 0x0000000000000001
2026/10/07 08:52:03.486, 1 %, 58 MiB, 4096 MiB, 300 MHz, 1.47 W, 51, 0x0000000000000001
2026/10/07 08:52:05.512, 0 %, 57 MiB, 4096 MiB, 300 MHz, 1.36 W, 51, 0x0000000000000001
2026/10/07 08:52:07.537, 0 %, 49 MiB, 4096 MiB, 300 MHz, 1.44 W, 51, 0x0000000000000001
2026/10/07 08:52:09.564, 0 %, 49 MiB, 4096 MiB, 300 MHz, 1.66 W, 51, 0x0000000000000001
2026/10/07 08:52:11.586, 0 %, 49 MiB, 4096 MiB, 300 MHz, 1.29 W, 51, 0x0000000000000001
2026/10/07 08:52:13.609, 0 %, 49 MiB, 4096 MiB, 300 MHz, 1.47 W, 51, 0x0000000000000001
2026/10/07 08:52:15.634, 0 %, 49 MiB, 4096 MiB, 300 MHz, 1.53 W, 51, 0x0000000000000001
2026/10/07 08:52:17.658, 0 %, 49 MiB, 4096 MiB, 300 MHz, 1.28 W, 51, 0x0000000000000001
2026/10/07 08:52:19.681, 0 %, 49 MiB, 4096 MiB, 300 MHz, 1.63 W, 51, 0x0000000000000001
2026/10/07 08:52:21.706, 0 %, 49 MiB, 4096 MiB, 300 MHz, 1.28 W, 51, 0x0000000000000001
2026/10/07 08:52:23.728, 0 %, 49 MiB, 4096 MiB, 300 MHz, 1.52 W, 51, 0x0000000000000001
2026/10/07 08:52:25.754, 0 %, 49 MiB, 4096 MiB, 300 MHz, 1.35 W, 51, 0x0000000000000001
2026/10/07 08:52:27.776, 0 %, 49 MiB, 4096 MiB, 300 MHz, 1.25 W, 51, 0x0000000000000001
2026/10/07 08:52:29.798, 0 %, 49 MiB, 4096 MiB, 300 MHz, 1.47 W, 51, 0x0000000000000001
2026/10/07 08:52:31.822, 0 %, 47 MiB, 4096 MiB, 300 MHz, 1.31 W, 51, 0x0000000000000001
2026/10/07 08:52:33.847, 0 %, 47 MiB, 4096 MiB, 300 MHz, 1.23 W, 51, 0x0000000000000001
2026/10/07 08:52:35.869, 0 %, 47 MiB, 4096 MiB, 300 MHz, 1.19 W, 51, 0x0000000000000001
2026/10/07 08:52:37.892, 0 %, 47 MiB, 4096 MiB, 300 MHz, 1.63 W, 51, 0x0000000000000001
2026/10/07 08:52:39.917, 0 %, 47 MiB, 4096 MiB, 300 MHz, 1.42 W, 51, 0x0000000000000001
2026/10/07 08:52:41.941, 0 %, 47 MiB, 4096 MiB, 300 MHz, 1.37 W, 51, 0x0000000000000001
2026/10/07 08:52:43.964, 0 %, 47 MiB, 4096 MiB, 300 MHz, 1.49 W, 51, 0x0000000000000001
2026/10/07 08:52:45.991, 0 %, 47 MiB, 4096 MiB, 300 MHz, 1.43 W, 51, 0x0000000000000001
2026/10/07 08:52:48.014, 0 %, 47 MiB, 4096 MiB, 300 MHz, 1.37 W, 51, 0x0000000000000001
2026/10/07 08:52:50.040, 0 %, 47 MiB, 4096 MiB, 300 MHz, 1.44 W, 51, 0x0000000000000001
2026/10/07 08:52:52.063, 0 %, 47 MiB, 4096 MiB, 300 MHz, 1.25 W, 51, 0x0000000000000001
2026/10/07 08:52:54.086, 0 %, 47 MiB, 4096 MiB, 300 MHz, 1.31 W, 51, 0x0000000000000001
2026/10/07 08:52:56.110, 0 %, 47 MiB, 4096 MiB, 300 MHz, 1.74 W, 51, 0x0000000000000001
2026/10/07 08:52:58.132, 0 %, 47 MiB, 4096 MiB, 300 MHz, 1.47 W, 51, 0x0000000000000001
2026/10/07 08:53:00.155, 0 %, 46 MiB, 4096 MiB, 300 MHz, 1.35 W, 51, 0x0000000000000001
2026/10/07 08:53:02.180, 0 %, 46 MiB, 4096 MiB, 300 MHz, 1.66 W, 51, 0x0000000000000001
2026/10/07 08:53:04.206, 0 %, 46 MiB, 4096 MiB, 300 MHz, 1.38 W, 51, 0x0000000000000001
2026/10/07 08:53:06.228, 0 %, 46 MiB, 4096 MiB, 300 MHz, 1.43 W, 51, 0x0000000000000001
2026/10/07 08:53:08.252, 0 %, 46 MiB, 4096 MiB, 300 MHz, 1.37 W, 51, 0x0000000000000001
2026/10/07 08:53:10.278, 0 %, 46 MiB, 4096 MiB, 300 MHz, 1.55 W, 51, 0x0000000000000001
2026/10/07 08:53:12.307, 0 %, 46 MiB, 4096 MiB, 300 MHz, 1.51 W, 51, 0x0000000000000001
2026/10/07 08:53:14.329, 0 %, 46 MiB, 4096 MiB, 300 MHz, 1.67 W, 51, 0x0000000000000001
2026/10/07 08:53:16.354, 0 %, 46 MiB, 4096 MiB, 300 MHz, 1.40 W, 51, 0x0000000000000001
2026/10/07 08:53:18.376, 0 %, 46 MiB, 4096 MiB, 300 MHz, 1.47 W, 51, 0x0000000000000001
2026/10/07 08:53:20.400, 0 %, 46 MiB, 4096 MiB, 300 MHz, 1.45 W, 51, 0x0000000000000001
2026/10/07 08:53:22.425, 0 %, 46 MiB, 4096 MiB, 300 MHz, 1.39 W, 51, 0x0000000000000001
2026/10/07 08:53:24.449, 0 %, 46 MiB, 4096 MiB, 300 MHz, 1.18 W, 51, 0x0000000000000001
2026/10/07 08:53:26.471, 0 %, 46 MiB, 4096 MiB, 300 MHz, 1.28 W, 51, 0x0000000000000001
2026/10/07 08:53:28.497, 0 %, 46 MiB, 4096 MiB, 300 MHz, 1.23 W, 51, 0x0000000000000001
2026/10/07 08:53:30.520, 0 %, 46 MiB, 4096 MiB, 300 MHz, 1.20 W, 51, 0x0000000000000001
2026/10/07 08:53:32.542, 0 %, 46 MiB, 4096 MiB, 300 MHz, 1.54 W, 51, 0x0000000000000001
2026/10/07 08:53:34.566, 0 %, 46 MiB, 4096 MiB, 300 MHz, 1.45 W, 51, 0x0000000000000001
2026/10/07 08:53:36.588, 0 %, 46 MiB, 4096 MiB, 300 MHz, 1.37 W, 51, 0x0000000000000001
2026/10/07 08:53:38.610, 0 %, 46 MiB, 4096 MiB, 300 MHz, 1.42 W, 51, 0x0000000000000001
2026/10/07 08:53:40.634, 0 %, 46 MiB, 4096 MiB, 300 MHz, 1.42 W, 51, 0x0000000000000001
2026/10/07 08:53:42.662, 0 %, 46 MiB, 4096 MiB, 300 MHz, 1.25 W, 51, 0x0000000000000001
2026/10/07 08:53:44.688, 0 %, 46 MiB, 4096 MiB, 300 MHz, 1.27 W, 51, 0x0000000000000001
2026/10/07 08:53:46.713, 0 %, 46 MiB, 4096 MiB, 300 MHz, 1.31 W, 51, 0x0000000000000001
2026/10/07 08:53:48.739, 0 %, 46 MiB, 4096 MiB, 300 MHz, 1.50 W, 51, 0x0000000000000001
2026/10/07 08:53:50.764, 0 %, 46 MiB, 4096 MiB, 300 MHz, 1.62 W, 51, 0x0000000000000001
2026/10/07 08:53:52.788, 0 %, 46 MiB, 4096 MiB, 300 MHz, 1.42 W, 51, 0x0000000000000001
2026/10/07 08:53:54.813, 0 %, 46 MiB, 4096 MiB, 300 MHz, 1.45 W, 51, 0x0000000000000001
2026/10/07 08:53:56.837, 0 %, 46 MiB, 4096 MiB, 300 MHz, 1.31 W, 51, 0x0000000000000001
2026/10/07 08:53:58.861, 0 %, 46 MiB, 4096 MiB, 300 MHz, 1.81 W, 51, 0x0000000000000001
2026/10/07 08:54:00.883, 0 %, 46 MiB, 4096 MiB, 300 MHz, 1.44 W, 51, 0x0000000000000001
2026/10/07 08:54:02.907, 0 %, 46 MiB, 4096 MiB, 300 MHz, 1.30 W, 51, 0x0000000000000001
2026/10/07 08:54:04.930, 0 %, 46 MiB, 4096 MiB, 300 MHz, 1.37 W, 51, 0x0000000000000001
2026/10/07 08:54:06.955, 0 %, 46 MiB, 4096 MiB, 300 MHz, 1.26 W, 51, 0x0000000000000001
2026/10/07 08:54:08.977, 0 %, 46 MiB, 4096 MiB, 300 MHz, 1.59 W, 51, 0x0000000000000001
2026/10/07 08:54:10.999, 0 %, 46 MiB, 4096 MiB, 300 MHz, 1.44 W, 51, 0x0000000000000001
2026/10/07 08:54:13.023, 0 %, 46 MiB, 4096 MiB, 300 MHz, 1.29 W, 51, 0x0000000000000001
2026/10/07 08:54:15.048, 0 %, 46 MiB, 4096 MiB, 300 MHz, 1.45 W, 51, 0x0000000000000001
2026/10/07 08:54:17.070, 0 %, 46 MiB, 4096 MiB, 300 MHz, 1.45 W, 51, 0x0000000000000001
2026/10/07 08:54:19.096, 0 %, 46 MiB, 4096 MiB, 300 MHz, 1.45 W, 51, 0x0000000000000001
2026/10/07 08:54:21.121, 0 %, 46 MiB, 4096 MiB, 300 MHz, 1.46 W, 51, 0x0000000000000001
2026/10/07 08:54:23.146, 0 %, 46 MiB, 4096 MiB, 300 MHz, 1.20 W, 51, 0x0000000000000001
2026/10/07 08:54:25.168, 0 %, 46 MiB, 4096 MiB, 300 MHz, 1.24 W, 51, 0x0000000000000001
2026/10/07 08:54:27.190, 0 %, 46 MiB, 4096 MiB, 300 MHz, 1.74 W, 51, 0x0000000000000001
2026/10/07 08:54:29.214, 0 %, 46 MiB, 4096 MiB, 300 MHz, 1.42 W, 51, 0x0000000000000001
2026/10/07 08:54:31.237, 0 %, 46 MiB, 4096 MiB, 300 MHz, 1.53 W, 51, 0x0000000000000001
2026/10/07 08:54:33.263, 0 %, 46 MiB, 4096 MiB, 300 MHz, 1.45 W, 51, 0x0000000000000001
2026/10/07 08:54:35.286, 0 %, 46 MiB, 4096 MiB, 300 MHz, 1.44 W, 51, 0x0000000000000001
2026/10/07 08:54:37.311, 0 %, 46 MiB, 4096 MiB, 300 MHz, 1.63 W, 51, 0x0000000000000001
2026/10/07 08:54:39.334, 0 %, 46 MiB, 4096 MiB, 300 MHz, 1.25 W, 51, 0x0000000000000001
2026/10/07 08:54:41.356, 0 %, 46 MiB, 4096 MiB, 300 MHz, 1.56 W, 51, 0x0000000000000001
2026/10/07 08:54:43.382, 0 %, 46 MiB, 4096 MiB, 300 MHz, 1.39 W, 51, 0x0000000000000001
2026/10/07 08:54:45.404, 0 %, 46 MiB, 4096 MiB, 300 MHz, 1.72 W, 51, 0x0000000000000001
2026/10/07 08:54:47.428, 0 %, 46 MiB, 4096 MiB, 300 MHz, 1.48 W, 51, 0x0000000000000001
2026/10/07 08:54:49.452, 0 %, 46 MiB, 4096 MiB, 300 MHz, 1.33 W, 51, 0x0000000000000001
2026/10/07 08:54:51.479, 0 %, 46 MiB, 4096 MiB, 300 MHz, 1.34 W, 51, 0x0000000000000001
2026/10/07 08:54:53.502, 0 %, 46 MiB, 4096 MiB, 300 MHz, 1.23 W, 51, 0x0000000000000001
2026/10/07 08:54:55.525, 0 %, 46 MiB, 4096 MiB, 300 MHz, 1.54 W, 51, 0x0000000000000001
2026/10/07 08:54:57.547, 0 %, 46 MiB, 4096 MiB, 300 MHz, 1.27 W, 51, 0x0000000000000001
2026/10/07 08:54:59.571, 0 %, 46 MiB, 4096 MiB, 300 MHz, 1.35 W, 51, 0x0000000000000001
2026/10/07 08:55:01.593, 0 %, 46 MiB, 4096 MiB, 300 MHz, 1.40 W, 51, 0x0000000000000001
2026/10/07 08:55:03.616, 0 %, 46 MiB, 4096 MiB, 300 MHz, 1.81 W, 51, 0x0000000000000001
2026/10/07 08:55:05.641, 0 %, 46 MiB, 4096 MiB, 300 MHz, 1.31 W, 51, 0x0000000000000001
2026/10/07 08:55:07.666, 0 %, 46 MiB, 4096 MiB, 300 MHz, 1.29 W, 51, 0x0000000000000001
2026/10/07 08:55:09.688, 0 %, 46 MiB, 4096 MiB, 300 MHz, 1.28 W, 51, 0x0000000000000001
2026/10/07 08:55:11.710, 0 %, 46 MiB, 4096 MiB, 300 MHz, 1.40 W, 51, 0x0000000000000001
2026/10/07 08:55:13.735, 0 %, 46 MiB, 4096 MiB, 300 MHz, 1.67 W, 51, 0x0000000000000001
2026/10/07 08:55:15.761, 0 %, 46 MiB, 4096 MiB, 300 MHz, 1.44 W, 51, 0x0000000000000001
2026/10/07 08:55:17.784, 0 %, 46 MiB, 4096 MiB, 300 MHz, 1.29 W, 51, 0x0000000000000001
2026/10/07 08:55:19.810, 0 %, 46 MiB, 4096 MiB, 300 MHz, 1.47 W, 51, 0x0000000000000001
2026/10/07 08:55:21.834, 0 %, 46 MiB, 4096 MiB, 300 MHz, 1.85 W, 51, 0x0000000000000001
2026/10/07 08:55:23.857, 0 %, 46 MiB, 4096 MiB, 300 MHz, 1.32 W, 51, 0x0000000000000001
2026/10/07 08:55:25.880, 0 %, 46 MiB, 4096 MiB, 300 MHz, 1.43 W, 51, 0x0000000000000001
2026/10/07 08:55:27.905, 0 %, 46 MiB, 4096 MiB, 300 MHz, 1.24 W, 51, 0x0000000000000001
2026/10/07 08:55:29.927, 0 %, 46 MiB, 4096 MiB, 300 MHz, 1.34 W, 51, 0x0000000000000001
2026/10/07 08:55:31.951, 0 %, 46 MiB, 4096 MiB, 300 MHz, 1.57 W, 51, 0x0000000000000001
2026/10/07 08:55:33.973, 0 %, 46 MiB, 4096 MiB, 300 MHz, 1.25 W, 51, 0x0000000000000001
2026/10/07 08:55:35.995, 0 %, 46 MiB, 4096 MiB, 300 MHz, 1.21 W, 51, 0x0000000000000001
2026/10/07 08:55:38.019, 0 %, 46 MiB, 4096 MiB, 300 MHz, 1.38 W, 51, 0x0000000000000001
2026/10/07 08:55:40.043, 0 %, 46 MiB, 4096 MiB, 300 MHz, 1.20 W, 51, 0x0000000000000001
2026/10/07 08:55:42.065, 0 %, 46 MiB, 4096 MiB, 300 MHz, 1.66 W, 51, 0x0000000000000001
2026/10/07 08:55:44.089, 0 %, 46 MiB, 4096 MiB, 300 MHz, 1.48 W, 51, 0x0000000000000001
2026/10/07 08:55:46.111, 0 %, 46 MiB, 4096 MiB, 300 MHz, 1.45 W, 51, 0x0000000000000001
2026/10/07 08:55:48.135, 0 %, 46 MiB, 4096 MiB, 300 MHz, 1.45 W, 51, 0x0000000000000001
2026/10/07 08:55:50.157, 0 %, 46 MiB, 4096 MiB, 300 MHz, 1.84 W, 51, 0x0000000000000001
2026/10/07 08:55:52.183, 0 %, 46 MiB, 4096 MiB, 300 MHz, 1.23 W, 51, 0x0000000000000001
2026/10/07 08:55:54.205, 0 %, 46 MiB, 4096 MiB, 300 MHz, 1.30 W, 51, 0x0000000000000001
2026/10/07 08:55:56.227, 0 %, 46 MiB, 4096 MiB, 300 MHz, 1.26 W, 51, 0x0000000000000001
2026/10/07 08:55:58.253, 0 %, 46 MiB, 4096 MiB, 300 MHz, 1.26 W, 51, 0x0000000000000001
2026/10/07 08:56:00.281, 0 %, 46 MiB, 4096 MiB, 300 MHz, 1.70 W, 51, 0x0000000000000001
2026/10/07 08:56:02.303, 0 %, 46 MiB, 4096 MiB, 300 MHz, 1.51 W, 51, 0x0000000000000001
2026/10/07 08:56:04.325, 0 %, 46 MiB, 4096 MiB, 300 MHz, 1.52 W, 51, 0x0000000000000001
2026/10/07 08:56:06.353, 0 %, 46 MiB, 4096 MiB, 300 MHz, 1.37 W, 51, 0x0000000000000001
2026/10/07 08:56:08.377, 0 %, 46 MiB, 4096 MiB, 300 MHz, 1.82 W, 51, 0x0000000000000001
2026/10/07 08:56:10.400, 0 %, 46 MiB, 4096 MiB, 300 MHz, 1.43 W, 51, 0x0000000000000001
2026/10/07 08:56:12.423, 0 %, 46 MiB, 4096 MiB, 300 MHz, 1.58 W, 51, 0x0000000000000001
2026/10/07 08:56:14.446, 0 %, 46 MiB, 4096 MiB, 300 MHz, 1.35 W, 51, 0x0000000000000001
2026/10/07 08:56:16.468, 0 %, 46 MiB, 4096 MiB, 300 MHz, 1.34 W, 51, 0x0000000000000001
2026/10/07 08:56:18.492, 0 %, 46 MiB, 4096 MiB, 300 MHz, 1.81 W, 51, 0x0000000000000001
2026/10/07 08:56:20.514, 0 %, 46 MiB, 4096 MiB, 300 MHz, 1.46 W, 51, 0x0000000000000001
2026/10/07 08:56:22.537, 0 %, 46 MiB, 4096 MiB, 300 MHz, 1.36 W, 51, 0x0000000000000001
2026/10/07 08:56:24.562, 0 %, 46 MiB, 4096 MiB, 300 MHz, 1.30 W, 51, 0x0000000000000001
2026/10/07 08:56:26.584, 0 %, 46 MiB, 4096 MiB, 300 MHz, 1.54 W, 51, 0x0000000000000001
2026/10/07 08:56:28.606, 0 %, 46 MiB, 4096 MiB, 300 MHz, 1.46 W, 51, 0x0000000000000001
2026/10/07 08:56:30.631, 0 %, 46 MiB, 4096 MiB, 300 MHz, 1.22 W, 51, 0x0000000000000001
2026/10/07 08:56:32.653, 0 %, 46 MiB, 4096 MiB, 300 MHz, 1.30 W, 51, 0x0000000000000001
2026/10/07 08:56:34.674, 0 %, 46 MiB, 4096 MiB, 300 MHz, 1.25 W, 51, 0x0000000000000001
2026/10/07 08:56:36.703, 0 %, 46 MiB, 4096 MiB, 300 MHz, 1.76 W, 51, 0x0000000000000001
2026/10/07 08:56:38.724, 0 %, 46 MiB, 4096 MiB, 300 MHz, 1.33 W, 51, 0x0000000000000001
2026/10/07 08:56:40.751, 0 %, 46 MiB, 4096 MiB, 300 MHz, 1.26 W, 51, 0x0000000000000001
2026/10/07 08:56:42.773, 0 %, 46 MiB, 4096 MiB, 300 MHz, 1.40 W, 51, 0x0000000000000001
2026/10/07 08:56:44.795, 0 %, 46 MiB, 4096 MiB, 300 MHz, 1.35 W, 51, 0x0000000000000001
2026/10/07 08:56:46.817, 0 %, 46 MiB, 4096 MiB, 300 MHz, 1.67 W, 51, 0x0000000000000001
2026/10/07 08:56:48.841, 0 %, 46 MiB, 4096 MiB, 300 MHz, 1.41 W, 51, 0x0000000000000001
2026/10/07 08:56:50.866, 0 %, 46 MiB, 4096 MiB, 300 MHz, 1.33 W, 51, 0x0000000000000001
2026/10/07 08:56:52.888, 0 %, 46 MiB, 4096 MiB, 300 MHz, 1.46 W, 51, 0x0000000000000001
2026/10/07 08:56:54.914, 0 %, 46 MiB, 4096 MiB, 300 MHz, 1.87 W, 51, 0x0000000000000001
2026/10/07 08:56:56.939, 0 %, 46 MiB, 4096 MiB, 300 MHz, 1.30 W, 51, 0x0000000000000001
2026/10/07 08:56:58.963, 0 %, 46 MiB, 4096 MiB, 300 MHz, 1.30 W, 51, 0x0000000000000001
2026/10/07 08:57:00.985, 0 %, 46 MiB, 4096 MiB, 300 MHz, 1.32 W, 51, 0x0000000000000001
2026/10/07 08:57:03.007, 0 %, 46 MiB, 4096 MiB, 300 MHz, 1.36 W, 51, 0x0000000000000001
2026/10/07 08:57:05.033, 0 %, 46 MiB, 4096 MiB, 300 MHz, 1.75 W, 51, 0x0000000000000001
2026/10/07 08:57:07.055, 0 %, 46 MiB, 4096 MiB, 300 MHz, 1.26 W, 51, 0x0000000000000001
2026/10/07 08:57:09.078, 0 %, 46 MiB, 4096 MiB, 300 MHz, 1.39 W, 51, 0x0000000000000001
2026/10/07 08:57:11.103, 0 %, 46 MiB, 4096 MiB, 300 MHz, 1.25 W, 51, 0x0000000000000001
2026/10/07 08:57:13.125, 0 %, 46 MiB, 4096 MiB, 300 MHz, 1.30 W, 51, 0x0000000000000001
2026/10/07 08:57:15.147, 0 %, 46 MiB, 4096 MiB, 300 MHz, 1.39 W, 51, 0x0000000000000001
2026/10/07 08:57:17.171, 0 %, 46 MiB, 4096 MiB, 300 MHz, 1.22 W, 51, 0x0000000000000001
2026/10/07 08:57:19.194, 0 %, 46 MiB, 4096 MiB, 300 MHz, 1.32 W, 51, 0x0000000000000001
2026/10/07 08:57:21.219, 0 %, 46 MiB, 4096 MiB, 300 MHz, 1.48 W, 51, 0x0000000000000001
2026/10/07 08:57:23.242, 0 %, 46 MiB, 4096 MiB, 300 MHz, 1.83 W, 51, 0x0000000000000001
2026/10/07 08:57:25.268, 0 %, 46 MiB, 4096 MiB, 300 MHz, 1.33 W, 51, 0x0000000000000001
2026/10/07 08:57:27.294, 0 %, 46 MiB, 4096 MiB, 300 MHz, 1.29 W, 51, 0x0000000000000001
2026/10/07 08:57:29.316, 0 %, 46 MiB, 4096 MiB, 300 MHz, 1.21 W, 51, 0x0000000000000001
2026/10/07 08:57:31.340, 0 %, 46 MiB, 4096 MiB, 300 MHz, 1.24 W, 51, 0x0000000000000001
2026/10/07 08:57:33.362, 0 %, 46 MiB, 4096 MiB, 300 MHz, 1.67 W, 51, 0x0000000000000001
2026/10/07 08:57:35.387, 0 %, 46 MiB, 4096 MiB, 300 MHz, 1.56 W, 51, 0x0000000000000001
2026/10/07 08:57:37.412, 0 %, 46 MiB, 4096 MiB, 300 MHz, 1.51 W, 51, 0x0000000000000001
2026/10/07 08:57:39.438, 0 %, 46 MiB, 4096 MiB, 300 MHz, 1.52 W, 51, 0x0000000000000001
2026/10/07 08:57:41.462, 0 %, 46 MiB, 4096 MiB, 300 MHz, 1.60 W, 51, 0x0000000000000001
2026/10/07 08:57:43.489, 0 %, 46 MiB, 4096 MiB, 300 MHz, 1.45 W, 51, 0x0000000000000001
2026/10/07 08:57:45.511, 0 %, 46 MiB, 4096 MiB, 300 MHz, 1.25 W, 51, 0x0000000000000001
2026/10/07 08:57:47.535, 0 %, 46 MiB, 4096 MiB, 300 MHz, 1.41 W, 51, 0x0000000000000001
2026/10/07 08:57:49.560, 0 %, 46 MiB, 4096 MiB, 300 MHz, 1.43 W, 51, 0x0000000000000001
2026/10/07 08:57:51.582, 0 %, 46 MiB, 4096 MiB, 300 MHz, 1.56 W, 51, 0x0000000000000001
2026/10/07 08:57:53.605, 0 %, 46 MiB, 4096 MiB, 300 MHz, 1.23 W, 51, 0x0000000000000001
2026/10/07 08:57:55.629, 0 %, 46 MiB, 4096 MiB, 300 MHz, 1.35 W, 51, 0x0000000000000001
2026/10/07 08:57:57.653, 0 %, 46 MiB, 4096 MiB, 300 MHz, 1.36 W, 51, 0x0000000000000001
2026/10/07 08:57:59.676, 0 %, 46 MiB, 4096 MiB, 300 MHz, 1.75 W, 51, 0x0000000000000001
2026/10/07 08:58:01.702, 0 %, 46 MiB, 4096 MiB, 300 MHz, 1.57 W, 51, 0x0000000000000001
2026/10/07 08:58:03.724, 0 %, 46 MiB, 4096 MiB, 300 MHz, 1.12 W, 51, 0x0000000000000001
2026/10/07 08:58:05.750, 0 %, 46 MiB, 4096 MiB, 300 MHz, 1.19 W, 51, 0x0000000000000001
2026/10/07 08:58:07.772, 0 %, 46 MiB, 4096 MiB, 300 MHz, 1.41 W, 51, 0x0000000000000001
2026/10/07 08:58:09.794, 0 %, 46 MiB, 4096 MiB, 300 MHz, 1.52 W, 51, 0x0000000000000001
2026/10/07 08:58:11.821, 0 %, 46 MiB, 4096 MiB, 300 MHz, 1.30 W, 51, 0x0000000000000001
2026/10/07 08:58:13.843, 0 %, 46 MiB, 4096 MiB, 300 MHz, 1.25 W, 51, 0x0000000000000001
2026/10/07 08:58:15.869, 0 %, 46 MiB, 4096 MiB, 300 MHz, 1.41 W, 51, 0x0000000000000001
2026/10/07 08:58:17.891, 0 %, 46 MiB, 4096 MiB, 300 MHz, 1.60 W, 51, 0x0000000000000001
2026/10/07 08:58:19.917, 0 %, 46 MiB, 4096 MiB, 300 MHz, 1.31 W, 51, 0x0000000000000001
2026/10/07 08:58:21.938, 0 %, 46 MiB, 4096 MiB, 300 MHz, 1.28 W, 51, 0x0000000000000001
2026/10/07 08:58:23.966, 0 %, 46 MiB, 4096 MiB, 300 MHz, 1.21 W, 51, 0x0000000000000001
2026/10/07 08:58:25.989, 0 %, 46 MiB, 4096 MiB, 300 MHz, 1.31 W, 51, 0x0000000000000001
2026/10/07 08:58:28.013, 0 %, 46 MiB, 4096 MiB, 300 MHz, 1.33 W, 51, 0x0000000000000001
2026/10/07 08:58:30.036, 0 %, 46 MiB, 4096 MiB, 300 MHz, 1.40 W, 51, 0x0000000000000001
2026/10/07 08:58:32.059, 0 %, 46 MiB, 4096 MiB, 300 MHz, 1.50 W, 51, 0x0000000000000001
2026/10/07 08:58:34.084, 0 %, 46 MiB, 4096 MiB, 300 MHz, 1.32 W, 51, 0x0000000000000001
2026/10/07 08:58:36.107, 0 %, 46 MiB, 4096 MiB, 300 MHz, 1.78 W, 51, 0x0000000000000001
2026/10/07 08:58:38.130, 0 %, 46 MiB, 4096 MiB, 300 MHz, 1.47 W, 51, 0x0000000000000001
2026/10/07 08:58:40.155, 0 %, 46 MiB, 4096 MiB, 300 MHz, 1.38 W, 51, 0x0000000000000001
2026/10/07 08:58:42.178, 0 %, 46 MiB, 4096 MiB, 300 MHz, 1.27 W, 51, 0x0000000000000001
2026/10/07 08:58:44.199, 0 %, 46 MiB, 4096 MiB, 300 MHz, 1.33 W, 51, 0x0000000000000001
2026/10/07 08:58:46.224, 0 %, 46 MiB, 4096 MiB, 300 MHz, 1.76 W, 51, 0x0000000000000001
2026/10/07 08:58:48.246, 0 %, 46 MiB, 4096 MiB, 300 MHz, 1.33 W, 51, 0x0000000000000001
2026/10/07 08:58:50.268, 0 %, 46 MiB, 4096 MiB, 300 MHz, 1.40 W, 51, 0x0000000000000001
2026/10/07 08:58:52.292, 0 %, 46 MiB, 4096 MiB, 300 MHz, 1.39 W, 51, 0x0000000000000001
2026/10/07 08:58:54.319, 0 %, 46 MiB, 4096 MiB, 300 MHz, 1.84 W, 51, 0x0000000000000001
2026/10/07 08:58:56.345, 0 %, 46 MiB, 4096 MiB, 300 MHz, 1.46 W, 51, 0x0000000000000001
2026/10/07 08:58:58.368, 0 %, 46 MiB, 4096 MiB, 300 MHz, 1.23 W, 51, 0x0000000000000001
2026/10/07 08:59:00.393, 0 %, 46 MiB, 4096 MiB, 300 MHz, 1.28 W, 51, 0x0000000000000001
2026/10/07 08:59:02.415, 0 %, 46 MiB, 4096 MiB, 300 MHz, 1.53 W, 51, 0x0000000000000001
2026/10/07 08:59:04.441, 0 %, 55 MiB, 4096 MiB, 300 MHz, 1.70 W, 51, 0x0000000000000001
2026/10/07 08:59:06.463, 0 %, 55 MiB, 4096 MiB, 300 MHz, 1.47 W, 51, 0x0000000000000001
2026/10/07 08:59:08.488, 0 %, 47 MiB, 4096 MiB, 300 MHz, 1.48 W, 51, 0x0000000000000001
2026/10/07 08:59:10.511, 0 %, 47 MiB, 4096 MiB, 300 MHz, 1.58 W, 51, 0x0000000000000001
2026/10/07 08:59:12.535, 0 %, 47 MiB, 4096 MiB, 300 MHz, 1.27 W, 51, 0x0000000000000001
2026/10/07 08:59:14.557, 0 %, 47 MiB, 4096 MiB, 300 MHz, 1.45 W, 51, 0x0000000000000001
2026/10/07 08:59:16.583, 0 %, 47 MiB, 4096 MiB, 300 MHz, 1.39 W, 51, 0x0000000000000001
2026/10/07 08:59:18.607, 0 %, 47 MiB, 4096 MiB, 300 MHz, 1.54 W, 51, 0x0000000000000001
2026/10/07 08:59:20.629, 0 %, 47 MiB, 4096 MiB, 300 MHz, 1.25 W, 51, 0x0000000000000001
2026/10/07 08:59:22.653, 0 %, 47 MiB, 4096 MiB, 300 MHz, 1.75 W, 51, 0x0000000000000001
2026/10/07 08:59:24.676, 0 %, 47 MiB, 4096 MiB, 300 MHz, 1.44 W, 51, 0x0000000000000001
2026/10/07 08:59:26.700, 0 %, 47 MiB, 4096 MiB, 300 MHz, 1.28 W, 51, 0x0000000000000001
2026/10/07 08:59:28.722, 0 %, 47 MiB, 4096 MiB, 300 MHz, 1.42 W, 51, 0x0000000000000001
2026/10/07 08:59:30.747, 0 %, 47 MiB, 4096 MiB, 300 MHz, 1.40 W, 51, 0x0000000000000001
2026/10/07 08:59:32.772, 0 %, 47 MiB, 4096 MiB, 300 MHz, 1.60 W, 51, 0x0000000000000001
2026/10/07 08:59:34.798, 0 %, 46 MiB, 4096 MiB, 300 MHz, 1.39 W, 51, 0x0000000000000001
2026/10/07 08:59:36.820, 0 %, 46 MiB, 4096 MiB, 300 MHz, 1.40 W, 51, 0x0000000000000001
2026/10/07 08:59:38.844, 0 %, 46 MiB, 4096 MiB, 300 MHz, 1.51 W, 51, 0x0000000000000001
2026/10/07 08:59:40.867, 0 %, 46 MiB, 4096 MiB, 300 MHz, 1.83 W, 51, 0x0000000000000001
2026/10/07 08:59:42.889, 0 %, 46 MiB, 4096 MiB, 300 MHz, 1.41 W, 51, 0x0000000000000001
2026/10/07 08:59:44.914, 0 %, 46 MiB, 4096 MiB, 300 MHz, 1.28 W, 51, 0x0000000000000001
2026/10/07 08:59:46.936, 0 %, 46 MiB, 4096 MiB, 300 MHz, 1.33 W, 51, 0x0000000000000001
2026/10/07 08:59:48.961, 0 %, 46 MiB, 4096 MiB, 300 MHz, 1.31 W, 51, 0x0000000000000001
2026/10/07 08:59:50.985, 0 %, 46 MiB, 4096 MiB, 300 MHz, 1.65 W, 51, 0x0000000000000001
2026/10/07 08:59:53.009, 0 %, 46 MiB, 4096 MiB, 300 MHz, 1.46 W, 51, 0x0000000000000001
2026/10/07 08:59:55.034, 0 %, 46 MiB, 4096 MiB, 300 MHz, 1.58 W, 51, 0x0000000000000001
2026/10/07 08:59:57.057, 0 %, 46 MiB, 4096 MiB, 300 MHz, 1.48 W, 51, 0x0000000000000001
2026/10/07 08:59:59.082, 0 %, 46 MiB, 4096 MiB, 300 MHz, 1.75 W, 51, 0x0000000000000001
2026/10/07 09:00:01.106, 0 %, 46 MiB, 4096 MiB, 300 MHz, 1.35 W, 51, 0x0000000000000001
2026/10/07 09:00:03.128, 0 %, 46 MiB, 4096 MiB, 300 MHz, 1.39 W, 51, 0x0000000000000001
2026/10/07 09:00:05.154, 0 %, 46 MiB, 4096 MiB, 300 MHz, 1.34 W, 51, 0x0000000000000001
2026/10/07 09:00:07.179, 0 %, 46 MiB, 4096 MiB, 300 MHz, 1.35 W, 51, 0x0000000000000001
2026/10/07 09:00:09.204, 0 %, 46 MiB, 4096 MiB, 300 MHz, 1.60 W, 51, 0x0000000000000001
2026/10/07 09:00:11.226, 0 %, 46 MiB, 4096 MiB, 300 MHz, 1.62 W, 51, 0x0000000000000001
2026/10/07 09:00:13.250, 0 %, 46 MiB, 4096 MiB, 300 MHz, 1.38 W, 51, 0x0000000000000001
2026/10/07 09:00:15.273, 0 %, 46 MiB, 4096 MiB, 300 MHz, 1.44 W, 51, 0x0000000000000001
2026/10/07 09:00:17.295, 0 %, 46 MiB, 4096 MiB, 300 MHz, 2.00 W, 51, 0x0000000000000001
2026/10/07 09:00:19.319, 0 %, 46 MiB, 4096 MiB, 300 MHz, 1.37 W, 51, 0x0000000000000001
2026/10/07 09:00:21.341, 0 %, 46 MiB, 4096 MiB, 300 MHz, 1.34 W, 51, 0x0000000000000001
2026/10/07 09:00:23.365, 0 %, 46 MiB, 4096 MiB, 300 MHz, 1.40 W, 51, 0x0000000000000001
2026/10/07 09:00:25.387, 0 %, 46 MiB, 4096 MiB, 300 MHz, 1.35 W, 51, 0x0000000000000001
2026/10/07 09:00:27.412, 0 %, 46 MiB, 4096 MiB, 300 MHz, 1.86 W, 51, 0x0000000000000001
2026/10/07 09:00:29.435, 0 %, 46 MiB, 4096 MiB, 300 MHz, 1.30 W, 51, 0x0000000000000001
2026/10/07 09:00:31.459, 0 %, 46 MiB, 4096 MiB, 300 MHz, 1.39 W, 51, 0x0000000000000001
2026/10/07 09:00:33.481, 0 %, 46 MiB, 4096 MiB, 300 MHz, 1.39 W, 51, 0x0000000000000001
2026/10/07 09:00:35.503, 0 %, 46 MiB, 4096 MiB, 300 MHz, 1.63 W, 51, 0x0000000000000001
2026/10/07 09:00:37.528, 0 %, 46 MiB, 4096 MiB, 300 MHz, 1.57 W, 51, 0x0000000000000001
2026/10/07 09:00:39.550, 0 %, 46 MiB, 4096 MiB, 300 MHz, 1.38 W, 51, 0x0000000000000001
2026/10/07 09:00:41.574, 0 %, 46 MiB, 4096 MiB, 300 MHz, 1.38 W, 51, 0x0000000000000001
2026/10/07 09:00:43.596, 0 %, 46 MiB, 4096 MiB, 300 MHz, 1.50 W, 51, 0x0000000000000001
2026/10/07 09:00:45.618, 0 %, 46 MiB, 4096 MiB, 300 MHz, 1.52 W, 51, 0x0000000000000001
2026/10/07 09:00:47.643, 0 %, 46 MiB, 4096 MiB, 300 MHz, 1.61 W, 51, 0x0000000000000001
2026/10/07 09:00:49.670, 0 %, 46 MiB, 4096 MiB, 300 MHz, 1.40 W, 51, 0x0000000000000001
2026/10/07 09:00:51.696, 0 %, 46 MiB, 4096 MiB, 300 MHz, 1.38 W, 51, 0x0000000000000001
2026/10/07 09:00:53.718, 0 %, 46 MiB, 4096 MiB, 300 MHz, 1.27 W, 51, 0x0000000000000001
2026/10/07 09:00:55.739, 0 %, 46 MiB, 4096 MiB, 300 MHz, 1.66 W, 51, 0x0000000000000001
2026/10/07 09:00:57.763, 0 %, 46 MiB, 4096 MiB, 300 MHz, 1.46 W, 51, 0x0000000000000001
2026/10/07 09:00:59.786, 0 %, 46 MiB, 4096 MiB, 300 MHz, 1.34 W, 51, 0x0000000000000001
2026/10/07 09:01:01.811, 0 %, 46 MiB, 4096 MiB, 300 MHz, 1.40 W, 51, 0x0000000000000001
2026/10/07 09:01:03.834, 0 %, 46 MiB, 4096 MiB, 300 MHz, 1.33 W, 51, 0x0000000000000001
2026/10/07 09:01:05.856, 0 %, 46 MiB, 4096 MiB, 300 MHz, 1.50 W, 51, 0x0000000000000001
2026/10/07 09:01:07.881, 0 %, 46 MiB, 4096 MiB, 300 MHz, 1.55 W, 51, 0x0000000000000001
2026/10/07 09:01:09.907, 0 %, 46 MiB, 4096 MiB, 300 MHz, 1.24 W, 51, 0x0000000000000001
2026/10/07 09:01:11.929, 0 %, 46 MiB, 4096 MiB, 300 MHz, 1.33 W, 51, 0x0000000000000001
2026/10/07 09:01:13.953, 0 %, 46 MiB, 4096 MiB, 300 MHz, 1.68 W, 51, 0x0000000000000001
2026/10/07 09:01:15.978, 0 %, 46 MiB, 4096 MiB, 300 MHz, 1.51 W, 51, 0x0000000000000001
2026/10/07 09:01:18.003, 0 %, 46 MiB, 4096 MiB, 300 MHz, 1.35 W, 51, 0x0000000000000001
2026/10/07 09:01:20.025, 0 %, 46 MiB, 4096 MiB, 300 MHz, 1.51 W, 51, 0x0000000000000001
2026/10/07 09:01:22.053, 0 %, 46 MiB, 4096 MiB, 300 MHz, 1.30 W, 51, 0x0000000000000001
2026/10/07 09:01:24.077, 0 %, 46 MiB, 4096 MiB, 300 MHz, 1.55 W, 51, 0x0000000000000001
2026/10/07 09:01:26.101, 0 %, 46 MiB, 4096 MiB, 300 MHz, 1.53 W, 51, 0x0000000000000001
2026/10/07 09:01:28.124, 0 %, 46 MiB, 4096 MiB, 300 MHz, 1.36 W, 51, 0x0000000000000001
2026/10/07 09:01:30.148, 0 %, 46 MiB, 4096 MiB, 300 MHz, 1.64 W, 51, 0x0000000000000001
2026/10/07 09:01:32.173, 0 %, 46 MiB, 4096 MiB, 300 MHz, 1.54 W, 51, 0x0000000000000001
2026/10/07 09:01:34.195, 0 %, 46 MiB, 4096 MiB, 300 MHz, 1.44 W, 51, 0x0000000000000001
2026/10/07 09:01:36.219, 0 %, 46 MiB, 4096 MiB, 300 MHz, 1.63 W, 51, 0x0000000000000001
2026/10/07 09:01:38.243, 0 %, 46 MiB, 4096 MiB, 300 MHz, 1.43 W, 51, 0x0000000000000001
2026/10/07 09:01:40.269, 0 %, 46 MiB, 4096 MiB, 300 MHz, 1.89 W, 51, 0x0000000000000001
2026/10/07 09:01:42.295, 0 %, 46 MiB, 4096 MiB, 300 MHz, 1.37 W, 51, 0x0000000000000001
2026/10/07 09:01:44.317, 0 %, 46 MiB, 4096 MiB, 300 MHz, 1.34 W, 51, 0x0000000000000001
2026/10/07 09:01:46.339, 0 %, 46 MiB, 4096 MiB, 300 MHz, 1.49 W, 51, 0x0000000000000001
2026/10/07 09:01:48.363, 0 %, 46 MiB, 4096 MiB, 300 MHz, 1.34 W, 51, 0x0000000000000001
2026/10/07 09:01:50.389, 0 %, 46 MiB, 4096 MiB, 300 MHz, 1.58 W, 51, 0x0000000000000001
2026/10/07 09:01:52.411, 0 %, 46 MiB, 4096 MiB, 300 MHz, 1.23 W, 51, 0x0000000000000001
2026/10/07 09:01:54.438, 0 %, 46 MiB, 4096 MiB, 300 MHz, 1.36 W, 51, 0x0000000000000001
2026/10/07 09:01:56.460, 0 %, 46 MiB, 4096 MiB, 300 MHz, 1.51 W, 51, 0x0000000000000001
2026/10/07 09:01:58.484, 0 %, 46 MiB, 4096 MiB, 300 MHz, 1.48 W, 51, 0x0000000000000001
2026/10/07 09:02:00.507, 0 %, 46 MiB, 4096 MiB, 300 MHz, 1.63 W, 51, 0x0000000000000001
2026/10/07 09:02:02.531, 0 %, 46 MiB, 4096 MiB, 300 MHz, 1.58 W, 51, 0x0000000000000001
2026/10/07 09:02:04.555, 0 %, 46 MiB, 4096 MiB, 300 MHz, 1.56 W, 51, 0x0000000000000001
2026/10/07 09:02:06.579, 0 %, 46 MiB, 4096 MiB, 300 MHz, 1.64 W, 51, 0x0000000000000001
2026/10/07 09:02:08.602, 0 %, 46 MiB, 4096 MiB, 300 MHz, 1.60 W, 51, 0x0000000000000001
2026/10/07 09:02:10.631, 0 %, 46 MiB, 4096 MiB, 300 MHz, 1.21 W, 51, 0x0000000000000001
2026/10/07 09:02:12.652, 0 %, 46 MiB, 4096 MiB, 300 MHz, 1.60 W, 51, 0x0000000000000001
2026/10/07 09:02:14.677, 0 %, 46 MiB, 4096 MiB, 300 MHz, 1.59 W, 51, 0x0000000000000001
2026/10/07 09:02:16.702, 0 %, 46 MiB, 4096 MiB, 300 MHz, 1.52 W, 51, 0x0000000000000001
2026/10/07 09:02:18.724, 0 %, 46 MiB, 4096 MiB, 300 MHz, 1.61 W, 51, 0x0000000000000001
2026/10/07 09:02:20.747, 0 %, 46 MiB, 4096 MiB, 300 MHz, 1.43 W, 51, 0x0000000000000001
2026/10/07 09:02:22.775, 0 %, 46 MiB, 4096 MiB, 300 MHz, 1.64 W, 51, 0x0000000000000001
2026/10/07 09:02:24.796, 0 %, 46 MiB, 4096 MiB, 300 MHz, 1.50 W, 51, 0x0000000000000001
2026/10/07 09:02:26.819, 0 %, 46 MiB, 4096 MiB, 300 MHz, 1.80 W, 51, 0x0000000000000001
2026/10/07 09:02:28.845, 0 %, 46 MiB, 4096 MiB, 300 MHz, 1.22 W, 51, 0x0000000000000001
2026/10/07 09:02:30.873, 0 %, 46 MiB, 4096 MiB, 300 MHz, 1.57 W, 51, 0x0000000000000001
2026/10/07 09:02:32.895, 0 %, 46 MiB, 4096 MiB, 300 MHz, 1.50 W, 51, 0x0000000000000001
2026/10/07 09:02:34.919, 0 %, 46 MiB, 4096 MiB, 300 MHz, 2.03 W, 51, 0x0000000000000001
2026/10/07 09:02:36.944, 0 %, 46 MiB, 4096 MiB, 300 MHz, 1.52 W, 51, 0x0000000000000001
2026/10/07 09:02:38.968, 0 %, 46 MiB, 4096 MiB, 300 MHz, 1.55 W, 51, 0x0000000000000001
2026/10/07 09:02:40.990, 0 %, 46 MiB, 4096 MiB, 300 MHz, 1.53 W, 51, 0x0000000000000001
2026/10/07 09:02:43.014, 0 %, 46 MiB, 4096 MiB, 300 MHz, 1.67 W, 51, 0x0000000000000001
2026/10/07 09:02:45.039, 0 %, 46 MiB, 4096 MiB, 300 MHz, 1.76 W, 51, 0x0000000000000001
2026/10/07 09:02:47.060, 0 %, 46 MiB, 4096 MiB, 300 MHz, 1.68 W, 52, 0x0000000000000001
2026/10/07 09:02:49.084, 0 %, 46 MiB, 4096 MiB, 300 MHz, 1.40 W, 51, 0x0000000000000001
2026/10/07 09:02:51.107, 0 %, 46 MiB, 4096 MiB, 300 MHz, 1.53 W, 51, 0x0000000000000001
2026/10/07 09:02:53.128, 0 %, 46 MiB, 4096 MiB, 300 MHz, 1.50 W, 51, 0x0000000000000001
2026/10/07 09:02:55.153, 0 %, 46 MiB, 4096 MiB, 300 MHz, 1.77 W, 51, 0x0000000000000001
2026/10/07 09:02:57.175, 0 %, 46 MiB, 4096 MiB, 300 MHz, 1.63 W, 52, 0x0000000000000001
2026/10/07 09:02:59.198, 0 %, 46 MiB, 4096 MiB, 300 MHz, 1.65 W, 51, 0x0000000000000001
2026/10/07 09:03:01.220, 0 %, 46 MiB, 4096 MiB, 300 MHz, 1.54 W, 52, 0x0000000000000001
2026/10/07 09:03:03.243, 0 %, 46 MiB, 4096 MiB, 300 MHz, 1.68 W, 52, 0x0000000000000001
2026/10/07 09:03:05.265, 0 %, 46 MiB, 4096 MiB, 300 MHz, 1.79 W, 52, 0x0000000000000001
2026/10/07 09:03:07.289, 0 %, 46 MiB, 4096 MiB, 300 MHz, 1.69 W, 52, 0x0000000000000001
2026/10/07 09:03:09.315, 0 %, 46 MiB, 4096 MiB, 300 MHz, 1.65 W, 52, 0x0000000000000001
2026/10/07 09:03:11.339, 0 %, 46 MiB, 4096 MiB, 300 MHz, 1.66 W, 52, 0x0000000000000001
2026/10/07 09:03:13.361, 0 %, 46 MiB, 4096 MiB, 300 MHz, 1.96 W, 52, 0x0000000000000001
2026/10/07 09:03:15.382, 0 %, 46 MiB, 4096 MiB, 300 MHz, 1.80 W, 52, 0x0000000000000001
2026/10/07 09:03:17.405, 0 %, 46 MiB, 4096 MiB, 300 MHz, 1.65 W, 52, 0x0000000000000001
2026/10/07 09:03:19.430, 0 %, 46 MiB, 4096 MiB, 300 MHz, 1.71 W, 52, 0x0000000000000001
2026/10/07 09:03:21.452, 0 %, 46 MiB, 4096 MiB, 300 MHz, 1.43 W, 52, 0x0000000000000001
2026/10/07 09:03:23.477, 0 %, 46 MiB, 4096 MiB, 300 MHz, 1.78 W, 52, 0x0000000000000001
2026/10/07 09:03:25.498, 0 %, 46 MiB, 4096 MiB, 300 MHz, 1.64 W, 52, 0x0000000000000001
2026/10/07 09:03:27.525, 0 %, 46 MiB, 4096 MiB, 300 MHz, 1.46 W, 52, 0x0000000000000001
2026/10/07 09:03:29.547, 0 %, 46 MiB, 4096 MiB, 300 MHz, 1.53 W, 52, 0x0000000000000001
2026/10/07 09:03:31.569, 0 %, 46 MiB, 4096 MiB, 300 MHz, 1.63 W, 52, 0x0000000000000001
2026/10/07 09:03:33.592, 0 %, 46 MiB, 4096 MiB, 300 MHz, 1.67 W, 52, 0x0000000000000001
2026/10/07 09:03:35.616, 0 %, 46 MiB, 4096 MiB, 300 MHz, 1.71 W, 52, 0x0000000000000001
2026/10/07 09:03:37.640, 0 %, 46 MiB, 4096 MiB, 300 MHz, 1.68 W, 52, 0x0000000000000001
2026/10/07 09:03:39.663, 0 %, 46 MiB, 4096 MiB, 300 MHz, 1.57 W, 52, 0x0000000000000001
2026/10/07 09:03:41.685, 0 %, 46 MiB, 4096 MiB, 300 MHz, 1.87 W, 52, 0x0000000000000001
2026/10/07 09:03:43.711, 0 %, 46 MiB, 4096 MiB, 300 MHz, 1.57 W, 52, 0x0000000000000001
2026/10/07 09:03:45.736, 0 %, 46 MiB, 4096 MiB, 300 MHz, 1.61 W, 52, 0x0000000000000001
2026/10/07 09:03:47.758, 0 %, 46 MiB, 4096 MiB, 300 MHz, 1.59 W, 52, 0x0000000000000001
2026/10/07 09:03:49.779, 0 %, 46 MiB, 4096 MiB, 300 MHz, 1.67 W, 52, 0x0000000000000001
2026/10/07 09:03:51.803, 0 %, 46 MiB, 4096 MiB, 300 MHz, 1.76 W, 52, 0x0000000000000001
2026/10/07 09:03:53.826, 0 %, 46 MiB, 4096 MiB, 300 MHz, 1.67 W, 52, 0x0000000000000001
2026/10/07 09:03:55.847, 0 %, 46 MiB, 4096 MiB, 300 MHz, 1.52 W, 52, 0x0000000000000001
2026/10/07 09:03:57.870, 0 %, 46 MiB, 4096 MiB, 300 MHz, 1.57 W, 52, 0x0000000000000001
2026/10/07 09:03:59.898, 0 %, 46 MiB, 4096 MiB, 300 MHz, 2.01 W, 52, 0x0000000000000001
2026/10/07 09:04:01.921, 0 %, 46 MiB, 4096 MiB, 300 MHz, 1.61 W, 52, 0x0000000000000001
2026/10/07 09:04:03.943, 0 %, 46 MiB, 4096 MiB, 300 MHz, 1.59 W, 52, 0x0000000000000001
2026/10/07 09:04:05.966, 0 %, 46 MiB, 4096 MiB, 300 MHz, 1.58 W, 52, 0x0000000000000001
2026/10/07 09:04:07.988, 0 %, 46 MiB, 4096 MiB, 300 MHz, 1.63 W, 52, 0x0000000000000001
2026/10/07 09:04:10.009, 0 %, 46 MiB, 4096 MiB, 300 MHz, 2.01 W, 52, 0x0000000000000001
2026/10/07 09:04:12.034, 0 %, 46 MiB, 4096 MiB, 300 MHz, 1.60 W, 52, 0x0000000000000001
2026/10/07 09:04:14.060, 0 %, 46 MiB, 4096 MiB, 300 MHz, 1.73 W, 52, 0x0000000000000001
2026/10/07 09:04:16.082, 0 %, 46 MiB, 4096 MiB, 300 MHz, 1.49 W, 52, 0x0000000000000001
2026/10/07 09:04:18.106, 0 %, 46 MiB, 4096 MiB, 300 MHz, 1.48 W, 52, 0x0000000000000001
2026/10/07 09:04:20.129, 0 %, 46 MiB, 4096 MiB, 300 MHz, 1.70 W, 52, 0x0000000000000001
2026/10/07 09:04:22.154, 0 %, 46 MiB, 4096 MiB, 300 MHz, 1.61 W, 52, 0x0000000000000001
2026/10/07 09:04:24.179, 0 %, 46 MiB, 4096 MiB, 300 MHz, 1.63 W, 52, 0x0000000000000001
2026/10/07 09:04:26.203, 0 %, 46 MiB, 4096 MiB, 300 MHz, 1.62 W, 52, 0x0000000000000001
2026/10/07 09:04:28.225, 0 %, 46 MiB, 4096 MiB, 300 MHz, 2.04 W, 52, 0x0000000000000001
2026/10/07 09:04:30.246, 0 %, 46 MiB, 4096 MiB, 300 MHz, 1.68 W, 52, 0x0000000000000001
2026/10/07 09:04:32.270, 0 %, 46 MiB, 4096 MiB, 300 MHz, 1.73 W, 52, 0x0000000000000001
2026/10/07 09:04:34.293, 0 %, 46 MiB, 4096 MiB, 300 MHz, 1.50 W, 52, 0x0000000000000001
2026/10/07 09:04:36.317, 0 %, 46 MiB, 4096 MiB, 300 MHz, 1.32 W, 52, 0x0000000000000001
2026/10/07 09:04:38.342, 0 %, 46 MiB, 4096 MiB, 300 MHz, 1.56 W, 52, 0x0000000000000001
2026/10/07 09:04:40.364, 0 %, 46 MiB, 4096 MiB, 300 MHz, 1.43 W, 52, 0x0000000000000001
2026/10/07 09:04:42.388, 0 %, 46 MiB, 4096 MiB, 300 MHz, 1.51 W, 52, 0x0000000000000001
2026/10/07 09:04:44.413, 0 %, 46 MiB, 4096 MiB, 300 MHz, 1.40 W, 52, 0x0000000000000001
2026/10/07 09:04:46.436, 0 %, 46 MiB, 4096 MiB, 300 MHz, 1.59 W, 52, 0x0000000000000001
2026/10/07 09:04:48.463, 0 %, 46 MiB, 4096 MiB, 300 MHz, 1.43 W, 52, 0x0000000000000001
2026/10/07 09:04:50.485, 0 %, 46 MiB, 4096 MiB, 300 MHz, 1.55 W, 52, 0x0000000000000001
2026/10/07 09:04:52.510, 0 %, 46 MiB, 4096 MiB, 300 MHz, 1.23 W, 52, 0x0000000000000001
2026/10/07 09:04:54.533, 0 %, 46 MiB, 4096 MiB, 300 MHz, 1.53 W, 52, 0x0000000000000001
2026/10/07 09:04:56.558, 0 %, 46 MiB, 4096 MiB, 300 MHz, 1.43 W, 52, 0x0000000000000001
2026/10/07 09:04:58.581, 0 %, 46 MiB, 4096 MiB, 300 MHz, 1.34 W, 52, 0x0000000000000001
2026/10/07 09:05:00.607, 0 %, 46 MiB, 4096 MiB, 300 MHz, 1.40 W, 52, 0x0000000000000001
2026/10/07 09:05:02.629, 0 %, 46 MiB, 4096 MiB, 300 MHz, 1.38 W, 52, 0x0000000000000001
2026/10/07 09:05:04.656, 0 %, 46 MiB, 4096 MiB, 300 MHz, 1.94 W, 52, 0x0000000000000001
2026/10/07 09:05:06.678, 0 %, 46 MiB, 4096 MiB, 300 MHz, 1.36 W, 52, 0x0000000000000001
2026/10/07 09:05:08.702, 0 %, 46 MiB, 4096 MiB, 300 MHz, 1.36 W, 52, 0x0000000000000001
2026/10/07 09:05:10.730, 0 %, 46 MiB, 4096 MiB, 300 MHz, 1.38 W, 52, 0x0000000000000001
2026/10/07 09:05:12.752, 0 %, 46 MiB, 4096 MiB, 300 MHz, 1.36 W, 52, 0x0000000000000001
2026/10/07 09:05:14.775, 0 %, 46 MiB, 4096 MiB, 300 MHz, 1.50 W, 52, 0x0000000000000001
2026/10/07 09:05:16.800, 0 %, 46 MiB, 4096 MiB, 300 MHz, 1.38 W, 52, 0x0000000000000001
2026/10/07 09:05:18.822, 0 %, 46 MiB, 4096 MiB, 300 MHz, 1.45 W, 52, 0x0000000000000001
2026/10/07 09:05:20.844, 0 %, 46 MiB, 4096 MiB, 300 MHz, 1.62 W, 52, 0x0000000000000001
2026/10/07 09:05:22.872, 0 %, 46 MiB, 4096 MiB, 300 MHz, 1.92 W, 52, 0x0000000000000001
2026/10/07 09:05:24.897, 0 %, 46 MiB, 4096 MiB, 300 MHz, 1.40 W, 52, 0x0000000000000001
2026/10/07 09:05:26.919, 0 %, 46 MiB, 4096 MiB, 300 MHz, 1.45 W, 52, 0x0000000000000001
2026/10/07 09:05:28.945, 0 %, 46 MiB, 4096 MiB, 300 MHz, 1.33 W, 52, 0x0000000000000001
2026/10/07 09:05:30.970, 0 %, 46 MiB, 4096 MiB, 300 MHz, 1.45 W, 52, 0x0000000000000001
2026/10/07 09:05:32.992, 0 %, 46 MiB, 4096 MiB, 300 MHz, 1.56 W, 52, 0x0000000000000001
2026/10/07 09:05:35.014, 0 %, 46 MiB, 4096 MiB, 300 MHz, 1.32 W, 52, 0x0000000000000001
2026/10/07 09:05:37.038, 0 %, 46 MiB, 4096 MiB, 300 MHz, 1.41 W, 52, 0x0000000000000001
2026/10/07 09:05:39.062, 0 %, 46 MiB, 4096 MiB, 300 MHz, 1.45 W, 52, 0x0000000000000001
2026/10/07 09:05:41.088, 0 %, 46 MiB, 4096 MiB, 300 MHz, 1.84 W, 52, 0x0000000000000001
2026/10/07 09:05:43.113, 0 %, 46 MiB, 4096 MiB, 300 MHz, 1.38 W, 52, 0x0000000000000001
2026/10/07 09:05:45.135, 0 %, 46 MiB, 4096 MiB, 300 MHz, 1.35 W, 52, 0x0000000000000001
2026/10/07 09:05:47.158, 0 %, 46 MiB, 4096 MiB, 300 MHz, 1.65 W, 52, 0x0000000000000001
2026/10/07 09:05:49.184, 0 %, 46 MiB, 4096 MiB, 300 MHz, 1.43 W, 52, 0x0000000000000001
2026/10/07 09:05:51.208, 0 %, 46 MiB, 4096 MiB, 300 MHz, 1.45 W, 51, 0x0000000000000001
2026/10/07 09:05:53.232, 0 %, 46 MiB, 4096 MiB, 300 MHz, 1.39 W, 52, 0x0000000000000001
2026/10/07 09:05:55.255, 0 %, 46 MiB, 4096 MiB, 300 MHz, 1.43 W, 51, 0x0000000000000001
2026/10/07 09:05:57.280, 0 %, 46 MiB, 4096 MiB, 300 MHz, 1.50 W, 52, 0x0000000000000001
2026/10/07 09:05:59.303, 0 %, 46 MiB, 4096 MiB, 300 MHz, 1.89 W, 52, 0x0000000000000001
2026/10/07 09:06:01.326, 0 %, 46 MiB, 4096 MiB, 300 MHz, 1.34 W, 51, 0x0000000000000001
2026/10/07 09:06:03.350, 0 %, 46 MiB, 4096 MiB, 300 MHz, 1.43 W, 52, 0x0000000000000001
2026/10/07 09:06:05.374, 0 %, 46 MiB, 4096 MiB, 300 MHz, 1.36 W, 51, 0x0000000000000001
2026/10/07 09:06:07.395, 1 %, 55 MiB, 4096 MiB, 300 MHz, 1.74 W, 51, 0x0000000000000001
2026/10/07 09:06:09.419, 0 %, 55 MiB, 4096 MiB, 300 MHz, 2.01 W, 51, 0x0000000000000001
2026/10/07 09:06:11.441, 1 %, 5 MiB, 4096 MiB, 300 MHz, 1.66 W, 51, 0x0000000000000001
2026/10/07 09:06:13.464, 0 %, 5 MiB, 4096 MiB, 300 MHz, 1.57 W, 50, 0x0000000000000001
