timestamp, temperature.gpu, utilization.gpu [%], memory.used [MiB], clocks.current.sm [MHz], power.draw [W], clocks_event_reasons.active
2026/09/30 02:16:20.605, 41, 0 %, 5 MiB, 300 MHz, 1.50 W, 0x0000000000000001
2026/09/30 02:16:30.628, 45, 100 %, 1884 MiB, 1800 MHz, 17.56 W, 0x0000000000000000
2026/09/30 02:16:40.632, 50, 17 %, 1817 MiB, 1590 MHz, 17.95 W, 0x0000000000000000
2026/09/30 02:16:50.648, 52, 100 %, 1945 MiB, 1425 MHz, 33.86 W, 0x0000000000000004
2026/09/30 02:17:00.659, 54, 100 %, 1946 MiB, 1410 MHz, 34.83 W, 0x0000000000000004
2026/09/30 02:17:10.661, 55, 100 %, 1947 MiB, 1275 MHz, 34.51 W, 0x0000000000000004
2026/09/30 02:17:20.664, 55, 40 %, 1632 MiB, 1380 MHz, 34.50 W, 0x0000000000000004
2026/09/30 02:17:30.667, 56, 100 %, 1613 MiB, 1395 MHz, 35.64 W, 0x0000000000000004
2026/09/30 02:17:40.671, 57, 100 %, 1607 MiB, 1320 MHz, 35.01 W, 0x0000000000000004
2026/09/30 02:17:50.675, 57, 100 %, 1608 MiB, 1335 MHz, 35.51 W, 0x0000000000000004
2026/09/30 02:18:00.677, 55, 0 %, 727 MiB, 1200 MHz, 27.17 W, 0x0000000000000001
2026/09/30 02:18:10.695, 58, 48 %, 1976 MiB, 1395 MHz, 35.64 W, 0x0000000000000004
2026/09/30 02:18:20.697, 58, 100 %, 1963 MiB, 1395 MHz, 35.69 W, 0x0000000000000004
2026/09/30 02:18:30.700, 58, 100 %, 2076 MiB, 1380 MHz, 35.79 W, 0x0000000000000004
2026/09/30 02:18:40.705, 58, 100 %, 2076 MiB, 1410 MHz, 35.90 W, 0x0000000000000004
2026/09/30 02:18:50.707, 58, 100 %, 2077 MiB, 1395 MHz, 33.08 W, 0x0000000000000004
2026/09/30 02:19:00.710, 58, 100 %, 2512 MiB, 1530 MHz, 28.82 W, 0x0000000000000004
2026/09/30 02:19:10.717, 58, 100 %, 2074 MiB, 1515 MHz, 32.66 W, 0x0000000000000004
2026/09/30 02:19:20.720, 58, 100 %, 1663 MiB, 1395 MHz, 34.13 W, 0x0000000000000004
2026/09/30 02:19:30.723, 58, 100 %, 1654 MiB, 1395 MHz, 35.36 W, 0x0000000000000004
2026/09/30 02:19:40.726, 58, 100 %, 1654 MiB, 1335 MHz, 33.74 W, 0x0000000000000004
2026/09/30 02:19:50.728, 58, 100 %, 1654 MiB, 1425 MHz, 34.44 W, 0x0000000000000004
2026/09/30 02:20:00.731, 58, 100 %, 1653 MiB, 1365 MHz, 33.07 W, 0x0000000000000004
2026/09/30 02:20:10.735, 55, 0 %, 1676 MiB, 1785 MHz, 18.15 W, 0x0000000000000000
2026/09/30 02:20:20.739, 55, 35 %, 1930 MiB, 1785 MHz, 18.13 W, 0x0000000000000000
2026/09/30 02:20:30.741, 58, 100 %, 1967 MiB, 1350 MHz, 33.89 W, 0x0000000000000004
2026/09/30 02:20:40.744, 58, 100 %, 1987 MiB, 1485 MHz, 33.49 W, 0x0000000000000004
2026/09/30 02:20:50.747, 57, 100 %, 2389 MiB, 1395 MHz, 30.57 W, 0x0000000000000004
2026/09/30 02:21:00.755, 58, 100 %, 1966 MiB, 1380 MHz, 35.42 W, 0x0000000000000004
2026/09/30 02:21:10.758, 58, 100 %, 1619 MiB, 1365 MHz, 31.30 W, 0x0000000000000004
2026/09/30 02:21:20.767, 58, 100 %, 1628 MiB, 1395 MHz, 34.36 W, 0x0000000000000004
2026/09/30 02:21:30.770, 56, 40 %, 713 MiB, 1785 MHz, 18.19 W, 0x0000000000000000
2026/09/30 02:21:40.772, 59, 100 %, 1619 MiB, 1380 MHz, 35.67 W, 0x0000000000000004
2026/09/30 02:21:50.775, 58, 100 %, 1923 MiB, 1290 MHz, 34.35 W, 0x0000000000000004
2026/09/30 02:22:00.778, 58, 100 %, 1968 MiB, 1365 MHz, 33.93 W, 0x0000000000000004
2026/09/30 02:22:10.781, 58, 37 %, 1982 MiB, 1335 MHz, 34.63 W, 0x0000000000000004
2026/09/30 02:22:20.784, 59, 100 %, 1960 MiB, 1320 MHz, 32.25 W, 0x0000000000000004
2026/09/30 02:22:30.786, 59, 100 %, 1959 MiB, 1395 MHz, 33.69 W, 0x0000000000000004
2026/09/30 02:22:40.789, 58, 100 %, 1618 MiB, 1425 MHz, 34.58 W, 0x0000000000000004
2026/09/30 02:22:50.798, 59, 100 %, 1639 MiB, 1380 MHz, 35.00 W, 0x0000000000000004
2026/09/30 02:23:00.800, 59, 100 %, 1617 MiB, 1395 MHz, 35.18 W, 0x0000000000000004
2026/09/30 02:23:10.804, 58, 100 %, 1618 MiB, 1260 MHz, 34.52 W, 0x0000000000000004
2026/09/30 02:23:20.808, 59, 100 %, 2068 MiB, 1365 MHz, 33.83 W, 0x0000000000000004
2026/09/30 02:23:30.810, 59, 100 %, 2068 MiB, 1365 MHz, 37.15 W, 0x0000000000000004
2026/09/30 02:23:40.813, 59, 55 %, 733 MiB, 1440 MHz, 36.22 W, 0x0000000000000004
2026/09/30 02:23:50.821, 59, 100 %, 2224 MiB, 1380 MHz, 34.60 W, 0x0000000000000004
2026/09/30 02:24:00.823, 59, 100 %, 2223 MiB, 1395 MHz, 35.43 W, 0x0000000000000004
2026/09/30 02:24:10.826, 59, 100 %, 2223 MiB, 1380 MHz, 35.69 W, 0x0000000000000004
2026/09/30 02:24:20.829, 59, 100 %, 2231 MiB, 1350 MHz, 32.66 W, 0x0000000000000004
2026/09/30 02:24:30.831, 59, 100 %, 2222 MiB, 1335 MHz, 35.07 W, 0x0000000000000004
2026/09/30 02:24:40.833, 59, 100 %, 2222 MiB, 1380 MHz, 35.62 W, 0x0000000000000004
2026/09/30 02:24:50.836, 59, 100 %, 2222 MiB, 1380 MHz, 35.44 W, 0x0000000000000004
2026/09/30 02:25:00.839, 59, 100 %, 2222 MiB, 1335 MHz, 35.15 W, 0x0000000000000004
2026/09/30 02:25:10.842, 59, 100 %, 2222 MiB, 1380 MHz, 35.47 W, 0x0000000000000004
2026/09/30 02:25:20.844, 59, 100 %, 2222 MiB, 1395 MHz, 35.42 W, 0x0000000000000004
2026/09/30 02:25:30.846, 57, 92 %, 2221 MiB, 1785 MHz, 22.30 W, 0x0000000000000000
2026/09/30 02:25:40.848, 59, 100 %, 1709 MiB, 1395 MHz, 32.71 W, 0x0000000000000004
2026/09/30 02:25:50.856, 59, 100 %, 1709 MiB, 1335 MHz, 34.82 W, 0x0000000000000004
2026/09/30 02:26:00.858, 59, 100 %, 1709 MiB, 1380 MHz, 35.86 W, 0x0000000000000004
2026/09/30 02:26:10.861, 59, 36 %, 1728 MiB, 1290 MHz, 31.60 W, 0x0000000000000004
2026/09/30 02:26:20.864, 59, 100 %, 1708 MiB, 1350 MHz, 35.82 W, 0x0000000000000004
2026/09/30 02:26:30.868, 59, 100 %, 1708 MiB, 1395 MHz, 32.23 W, 0x0000000000000004
2026/09/30 02:26:40.871, 59, 100 %, 1707 MiB, 1335 MHz, 34.94 W, 0x0000000000000004
2026/09/30 02:26:50.873, 59, 100 %, 1708 MiB, 1350 MHz, 35.61 W, 0x0000000000000004
2026/09/30 02:27:00.876, 60, 100 %, 1708 MiB, 1380 MHz, 30.86 W, 0x0000000000000004
2026/09/30 02:27:10.878, 59, 100 %, 1708 MiB, 1335 MHz, 34.61 W, 0x0000000000000004
2026/09/30 02:27:20.881, 60, 100 %, 1707 MiB, 1380 MHz, 35.53 W, 0x0000000000000004
2026/09/30 02:27:30.884, 59, 100 %, 2026 MiB, 1395 MHz, 34.78 W, 0x0000000000000004
2026/09/30 02:27:40.889, 60, 100 %, 2097 MiB, 1395 MHz, 34.67 W, 0x0000000000000004
2026/09/30 02:27:50.893, 60, 100 %, 2107 MiB, 1320 MHz, 34.61 W, 0x0000000000000004
2026/09/30 02:28:00.896, 60, 100 %, 2089 MiB, 1380 MHz, 34.58 W, 0x0000000000000004
2026/09/30 02:28:10.898, 60, 100 %, 2089 MiB, 1290 MHz, 35.19 W, 0x0000000000000004
2026/09/30 02:28:20.909, 60, 100 %, 2089 MiB, 1395 MHz, 32.62 W, 0x0000000000000004
2026/09/30 02:28:30.912, 60, 100 %, 2086 MiB, 1305 MHz, 34.94 W, 0x0000000000000004
2026/09/30 02:28:40.915, 60, 100 %, 2087 MiB, 1290 MHz, 34.99 W, 0x0000000000000004
2026/09/30 02:28:50.922, 60, 100 %, 2087 MiB, 1335 MHz, 37.52 W, 0x0000000000000004
2026/09/30 02:29:00.925, 60, 100 %, 2086 MiB, 1365 MHz, 34.59 W, 0x0000000000000004
2026/09/30 02:29:10.927, 60, 100 %, 1665 MiB, 1380 MHz, 34.61 W, 0x0000000000000004
2026/09/30 02:29:20.929, 60, 100 %, 1665 MiB, 1380 MHz, 35.55 W, 0x0000000000000004
2026/09/30 02:29:30.932, 58, 100 %, 1664 MiB, 1785 MHz, 17.65 W, 0x0000000000000000
2026/09/30 02:29:40.936, 60, 100 %, 1665 MiB, 1320 MHz, 36.01 W, 0x0000000000000004
2026/09/30 02:29:50.943, 60, 100 %, 1665 MiB, 1380 MHz, 33.53 W, 0x0000000000000004
2026/09/30 02:30:00.946, 59, 44 %, 1623 MiB, 1380 MHz, 33.98 W, 0x0000000000000004
2026/09/30 02:30:10.954, 60, 100 %, 1665 MiB, 1320 MHz, 35.51 W, 0x0000000000000004
2026/09/30 02:30:20.956, 60, 100 %, 1665 MiB, 1380 MHz, 34.40 W, 0x0000000000000004
2026/09/30 02:30:30.959, 59, 97 %, 2073 MiB, 1380 MHz, 33.16 W, 0x0000000000000004
2026/09/30 02:30:40.961, 60, 100 %, 2073 MiB, 1395 MHz, 34.54 W, 0x0000000000000004
2026/09/30 02:30:50.964, 59, 100 %, 2066 MiB, 1395 MHz, 34.74 W, 0x0000000000000004
2026/09/30 02:31:00.973, 60, 100 %, 2213 MiB, 1260 MHz, 35.19 W, 0x0000000000000004
2026/09/30 02:31:10.981, 60, 100 %, 2213 MiB, 1320 MHz, 32.66 W, 0x0000000000000004
2026/09/30 02:31:20.984, 57, 21 %, 739 MiB, 1785 MHz, 17.89 W, 0x0000000000000000
2026/09/30 02:31:30.987, 60, 100 %, 2212 MiB, 1395 MHz, 35.46 W, 0x0000000000000004
2026/09/30 02:31:40.990, 60, 100 %, 2212 MiB, 1380 MHz, 35.62 W, 0x0000000000000004
2026/09/30 02:31:50.993, 60, 100 %, 2212 MiB, 1380 MHz, 34.88 W, 0x0000000000000004
2026/09/30 02:32:00.996, 60, 100 %, 2211 MiB, 1395 MHz, 35.45 W, 0x0000000000000004
2026/09/30 02:32:10.999, 57, 35 %, 393 MiB, 1770 MHz, 18.59 W, 0x0000000000000001
2026/09/30 02:32:21.014, 60, 100 %, 1706 MiB, 1380 MHz, 35.35 W, 0x0000000000000004
2026/09/30 02:32:31.018, 60, 100 %, 1706 MiB, 1305 MHz, 35.57 W, 0x0000000000000004
2026/09/30 02:32:41.021, 60, 100 %, 1706 MiB, 1335 MHz, 33.93 W, 0x0000000000000004
2026/09/30 02:32:51.024, 60, 100 %, 1706 MiB, 1320 MHz, 37.00 W, 0x0000000000000004
2026/09/30 02:33:01.027, 60, 100 %, 1706 MiB, 1380 MHz, 33.73 W, 0x0000000000000004
2026/09/30 02:33:11.029, 60, 100 %, 1706 MiB, 1260 MHz, 34.98 W, 0x0000000000000004
2026/09/30 02:33:21.038, 60, 100 %, 1706 MiB, 1335 MHz, 30.95 W, 0x0000000000000004
2026/09/30 02:33:31.041, 60, 100 %, 1966 MiB, 1335 MHz, 35.70 W, 0x0000000000000004
2026/09/30 02:33:41.045, 60, 100 %, 1967 MiB, 1500 MHz, 34.24 W, 0x0000000000000004
2026/09/30 02:33:51.048, 60, 100 %, 2043 MiB, 1380 MHz, 35.27 W, 0x0000000000000004
2026/09/30 02:34:01.050, 60, 100 %, 2043 MiB, 1305 MHz, 33.69 W, 0x0000000000000004
2026/09/30 02:34:11.060, 60, 100 %, 2051 MiB, 1395 MHz, 34.47 W, 0x0000000000000004
2026/09/30 02:34:21.063, 60, 100 %, 2043 MiB, 1305 MHz, 35.36 W, 0x0000000000000004
2026/09/30 02:34:31.072, 60, 100 %, 2041 MiB, 1335 MHz, 35.95 W, 0x0000000000000004
2026/09/30 02:34:41.074, 60, 100 %, 2041 MiB, 1320 MHz, 35.67 W, 0x0000000000000004
2026/09/30 02:34:51.083, 60, 100 %, 2041 MiB, 1380 MHz, 33.88 W, 0x0000000000000004
2026/09/30 02:35:01.085, 60, 100 %, 1649 MiB, 1380 MHz, 34.82 W, 0x0000000000000004
2026/09/30 02:35:11.088, 60, 100 %, 1649 MiB, 1320 MHz, 34.10 W, 0x0000000000000004
2026/09/30 02:35:21.091, 60, 100 %, 1649 MiB, 1320 MHz, 36.61 W, 0x0000000000000004
2026/09/30 02:35:31.094, 60, 100 %, 1649 MiB, 1395 MHz, 35.62 W, 0x0000000000000004
2026/09/30 02:35:41.097, 60, 100 %, 1649 MiB, 1275 MHz, 34.27 W, 0x0000000000000004
2026/09/30 02:35:51.100, 60, 100 %, 1658 MiB, 1395 MHz, 34.08 W, 0x0000000000000004
2026/09/30 02:36:01.102, 60, 100 %, 1649 MiB, 1275 MHz, 35.31 W, 0x0000000000000004
2026/09/30 02:36:11.104, 60, 100 %, 1649 MiB, 1335 MHz, 35.79 W, 0x0000000000000004
2026/09/30 02:36:21.107, 60, 100 %, 2059 MiB, 1365 MHz, 34.08 W, 0x0000000000000004
2026/09/30 02:36:31.109, 58, 56 %, 788 MiB, 1785 MHz, 18.24 W, 0x0000000000000000
2026/09/30 02:36:41.112, 60, 48 %, 2229 MiB, 1365 MHz, 31.43 W, 0x0000000000000004
2026/09/30 02:36:51.114, 60, 100 %, 2209 MiB, 1365 MHz, 35.72 W, 0x0000000000000004
2026/09/30 02:37:01.117, 61, 100 %, 2207 MiB, 1380 MHz, 33.37 W, 0x0000000000000004
2026/09/30 02:37:11.124, 60, 100 %, 2207 MiB, 1335 MHz, 34.85 W, 0x0000000000000004
2026/09/30 02:37:21.126, 60, 100 %, 2208 MiB, 1365 MHz, 34.85 W, 0x0000000000000004
2026/09/30 02:37:31.132, 61, 100 %, 2207 MiB, 1365 MHz, 35.20 W, 0x0000000000000004
2026/09/30 02:37:41.134, 61, 100 %, 2207 MiB, 1515 MHz, 31.43 W, 0x0000000000000004
2026/09/30 02:37:51.136, 61, 100 %, 2236 MiB, 1335 MHz, 37.04 W, 0x0000000000000004
2026/09/30 02:38:01.140, 60, 100 %, 2217 MiB, 1350 MHz, 35.43 W, 0x0000000000000004
2026/09/30 02:38:11.142, 60, 100 %, 2219 MiB, 1500 MHz, 34.48 W, 0x0000000000000004
2026/09/30 02:38:21.153, 61, 100 %, 2219 MiB, 1320 MHz, 35.15 W, 0x0000000000000004
2026/09/30 02:38:31.155, 58, 27 %, 789 MiB, 1680 MHz, 24.25 W, 0x0000000000000001
2026/09/30 02:38:41.176, 61, 100 %, 1708 MiB, 1380 MHz, 35.62 W, 0x0000000000000004
2026/09/30 02:38:51.178, 61, 100 %, 1708 MiB, 1380 MHz, 35.49 W, 0x0000000000000004
2026/09/30 02:39:01.181, 61, 100 %, 1699 MiB, 1365 MHz, 35.44 W, 0x0000000000000004
2026/09/30 02:39:11.184, 60, 100 %, 1708 MiB, 1380 MHz, 34.80 W, 0x0000000000000004
2026/09/30 02:39:21.187, 61, 100 %, 1700 MiB, 1380 MHz, 35.46 W, 0x0000000000000004
2026/09/30 02:39:31.190, 60, 100 %, 1699 MiB, 1365 MHz, 35.57 W, 0x0000000000000004
2026/09/30 02:39:41.193, 60, 100 %, 1699 MiB, 1485 MHz, 33.88 W, 0x0000000000000004
2026/09/30 02:39:51.197, 61, 100 %, 1700 MiB, 1380 MHz, 35.50 W, 0x0000000000000004
2026/09/30 02:40:01.201, 60, 100 %, 1699 MiB, 1380 MHz, 35.55 W, 0x0000000000000004
2026/09/30 02:40:11.204, 60, 100 %, 1699 MiB, 1290 MHz, 34.69 W, 0x0000000000000004
2026/09/30 02:40:21.206, 58, 67 %, 1708 MiB, 1785 MHz, 18.41 W, 0x0000000000000000
2026/09/30 02:40:31.209, 61, 100 %, 1917 MiB, 1380 MHz, 35.54 W, 0x0000000000000004
2026/09/30 02:40:41.212, 60, 100 %, 1993 MiB, 1365 MHz, 35.04 W, 0x0000000000000004
2026/09/30 02:40:51.214, 60, 42 %, 2015 MiB, 1305 MHz, 35.77 W, 0x0000000000000004
2026/09/30 02:41:01.217, 60, 100 %, 1988 MiB, 1335 MHz, 34.24 W, 0x0000000000000004
2026/09/30 02:41:11.220, 60, 100 %, 1988 MiB, 1425 MHz, 34.60 W, 0x0000000000000004
2026/09/30 02:41:21.223, 60, 100 %, 1629 MiB, 1350 MHz, 32.82 W, 0x0000000000000004
2026/09/30 02:41:31.232, 59, 100 %, 1648 MiB, 1440 MHz, 33.60 W, 0x0000000000000004
2026/09/30 02:41:41.235, 59, 100 %, 1993 MiB, 1455 MHz, 34.20 W, 0x0000000000000004
2026/09/30 02:41:51.246, 60, 100 %, 1628 MiB, 1380 MHz, 33.43 W, 0x0000000000000004
2026/09/30 02:42:01.249, 59, 67 %, 1896 MiB, 1335 MHz, 35.05 W, 0x0000000000000004
2026/09/30 02:42:11.252, 60, 100 %, 1962 MiB, 1350 MHz, 35.66 W, 0x0000000000000004
2026/09/30 02:42:21.254, 60, 100 %, 1953 MiB, 1395 MHz, 35.80 W, 0x0000000000000004
2026/09/30 02:42:31.257, 60, 100 %, 1953 MiB, 1395 MHz, 35.31 W, 0x0000000000000004
2026/09/30 02:42:41.262, 60, 100 %, 1953 MiB, 1260 MHz, 35.65 W, 0x0000000000000004
2026/09/30 02:42:51.264, 59, 100 %, 1626 MiB, 1365 MHz, 34.79 W, 0x0000000000000004
2026/09/30 02:43:01.271, 57, 15 %, 716 MiB, 1785 MHz, 18.26 W, 0x0000000000000000
2026/09/30 02:43:11.273, 60, 100 %, 1616 MiB, 1365 MHz, 35.76 W, 0x0000000000000004
2026/09/30 02:43:21.276, 59, 100 %, 1616 MiB, 1410 MHz, 34.71 W, 0x0000000000000004
2026/09/30 02:43:31.287, 59, 94 %, 1984 MiB, 1350 MHz, 35.06 W, 0x0000000000000004
2026/09/30 02:43:41.289, 60, 100 %, 1993 MiB, 1395 MHz, 35.28 W, 0x0000000000000004
2026/09/30 02:43:51.293, 60, 100 %, 2079 MiB, 1380 MHz, 35.55 W, 0x0000000000000004
2026/09/30 02:44:01.294, 60, 100 %, 2078 MiB, 1380 MHz, 35.48 W, 0x0000000000000004
2026/09/30 02:44:11.297, 60, 100 %, 2078 MiB, 1380 MHz, 35.32 W, 0x0000000000000004
2026/09/30 02:44:21.300, 60, 100 %, 2078 MiB, 1380 MHz, 35.63 W, 0x0000000000000004
2026/09/30 02:44:31.303, 60, 100 %, 2076 MiB, 1395 MHz, 35.64 W, 0x0000000000000004
2026/09/30 02:44:41.310, 60, 100 %, 2076 MiB, 1275 MHz, 35.71 W, 0x0000000000000004
2026/09/30 02:44:51.313, 60, 100 %, 2076 MiB, 1350 MHz, 35.34 W, 0x0000000000000004
2026/09/30 02:45:01.317, 60, 100 %, 2076 MiB, 1410 MHz, 32.84 W, 0x0000000000000004
2026/09/30 02:45:11.322, 60, 100 %, 2076 MiB, 1320 MHz, 36.86 W, 0x0000000000000004
2026/09/30 02:45:21.325, 60, 100 %, 1657 MiB, 1335 MHz, 37.28 W, 0x0000000000000004
2026/09/30 02:45:31.329, 60, 100 %, 1657 MiB, 1380 MHz, 34.81 W, 0x0000000000000004
2026/09/30 02:45:41.331, 60, 100 %, 1657 MiB, 1380 MHz, 35.51 W, 0x0000000000000004
2026/09/30 02:45:51.339, 60, 100 %, 1665 MiB, 1350 MHz, 35.52 W, 0x0000000000000004
2026/09/30 02:46:01.347, 60, 100 %, 1657 MiB, 1365 MHz, 35.52 W, 0x0000000000000004
2026/09/30 02:46:11.350, 60, 100 %, 1657 MiB, 1320 MHz, 33.82 W, 0x0000000000000004
2026/09/30 02:46:21.352, 60, 100 %, 1677 MiB, 1335 MHz, 35.70 W, 0x0000000000000004
2026/09/30 02:46:31.354, 60, 100 %, 1657 MiB, 1410 MHz, 35.67 W, 0x0000000000000004
2026/09/30 02:46:41.357, 60, 100 %, 1657 MiB, 1260 MHz, 35.24 W, 0x0000000000000004
2026/09/30 02:46:51.367, 57, 4 %, 716 MiB, 1290 MHz, 14.54 W, 0x0000000000000001
2026/09/30 02:47:01.383, 61, 29 %, 1998 MiB, 1380 MHz, 36.01 W, 0x0000000000000004
2026/09/30 02:47:11.386, 61, 100 %, 2060 MiB, 1380 MHz, 35.39 W, 0x0000000000000004
2026/09/30 02:47:21.389, 61, 100 %, 2060 MiB, 1365 MHz, 35.51 W, 0x0000000000000004
2026/09/30 02:47:31.392, 61, 100 %, 2059 MiB, 1380 MHz, 35.50 W, 0x0000000000000004
2026/09/30 02:47:41.395, 61, 100 %, 2059 MiB, 1380 MHz, 35.45 W, 0x0000000000000004
2026/09/30 02:47:51.398, 60, 100 %, 2060 MiB, 1500 MHz, 33.98 W, 0x0000000000000004
2026/09/30 02:48:01.402, 57, 100 %, 2058 MiB, 213 MHz, 14.93 W, 0x0000000000000001
2026/09/30 02:48:11.440, 60, 100 %, 1652 MiB, 1350 MHz, 35.93 W, 0x0000000000000004
2026/09/30 02:48:21.442, 59, 100 %, 1652 MiB, 1395 MHz, 35.29 W, 0x0000000000000004
2026/09/30 02:48:31.445, 60, 100 %, 1652 MiB, 1440 MHz, 35.50 W, 0x0000000000000004
2026/09/30 02:48:41.451, 61, 57 %, 1674 MiB, 1365 MHz, 35.02 W, 0x0000000000000004
2026/09/30 02:48:51.454, 62, 100 %, 1652 MiB, 1455 MHz, 32.86 W, 0x0000000000000004
2026/09/30 02:49:01.456, 63, 34 %, 1941 MiB, 1350 MHz, 33.11 W, 0x0000000000000004
2026/09/30 02:49:11.459, 64, 100 %, 1991 MiB, 1395 MHz, 35.33 W, 0x0000000000000004
2026/09/30 02:49:21.462, 65, 100 %, 1991 MiB, 1395 MHz, 34.93 W, 0x0000000000000004
2026/09/30 02:49:31.465, 66, 100 %, 1991 MiB, 1395 MHz, 32.44 W, 0x0000000000000004
2026/09/30 02:49:41.467, 66, 100 %, 1991 MiB, 1425 MHz, 33.79 W, 0x0000000000000004
2026/09/30 02:49:51.470, 66, 100 %, 1991 MiB, 1380 MHz, 35.49 W, 0x0000000000000004
2026/09/30 02:50:01.472, 67, 100 %, 1989 MiB, 1305 MHz, 35.61 W, 0x0000000000000004
2026/09/30 02:50:11.475, 68, 100 %, 1628 MiB, 1275 MHz, 35.08 W, 0x0000000000000004
2026/09/30 02:50:21.485, 68, 100 %, 1628 MiB, 1350 MHz, 36.67 W, 0x0000000000000004
2026/09/30 02:50:31.488, 69, 100 %, 1628 MiB, 1365 MHz, 31.82 W, 0x0000000000000004
2026/09/30 02:50:41.491, 67, 58 %, 716 MiB, 1770 MHz, 23.21 W, 0x0000000000000000
2026/09/30 02:50:51.493, 70, 100 %, 1628 MiB, 1395 MHz, 35.62 W, 0x0000000000000004
2026/09/30 02:51:01.496, 70, 0 %, 733 MiB, 1425 MHz, 37.08 W, 0x0000000000000004
2026/09/30 02:51:11.504, 70, 69 %, 1902 MiB, 1350 MHz, 38.37 W, 0x0000000000000004
2026/09/30 02:51:21.511, 70, 100 %, 1994 MiB, 1365 MHz, 35.58 W, 0x0000000000000004
2026/09/30 02:51:31.513, 71, 100 %, 1994 MiB, 1380 MHz, 30.89 W, 0x0000000000000004
2026/09/30 02:51:41.516, 70, 46 %, 1860 MiB, 1365 MHz, 18.52 W, 0x0000000000000004
2026/09/30 02:51:51.518, 71, 100 %, 1994 MiB, 1335 MHz, 35.57 W, 0x0000000000000004
2026/09/30 02:52:01.521, 72, 100 %, 1992 MiB, 1320 MHz, 35.25 W, 0x0000000000000004
2026/09/30 02:52:11.524, 72, 100 %, 1992 MiB, 1350 MHz, 34.04 W, 0x0000000000000004
2026/09/30 02:52:21.528, 72, 100 %, 1992 MiB, 1410 MHz, 34.38 W, 0x0000000000000004
2026/09/30 02:52:31.531, 70, 54 %, 732 MiB, 1770 MHz, 18.43 W, 0x0000000000000000
2026/09/30 02:52:41.535, 73, 100 %, 1629 MiB, 1365 MHz, 35.78 W, 0x0000000000000004
2026/09/30 02:52:51.539, 73, 100 %, 1629 MiB, 1365 MHz, 31.20 W, 0x0000000000000004
2026/09/30 02:53:01.549, 73, 100 %, 1629 MiB, 1380 MHz, 35.40 W, 0x0000000000000004
2026/09/30 02:53:11.552, 74, 100 %, 1629 MiB, 1380 MHz, 36.49 W, 0x0000000000000004
2026/09/30 02:53:21.555, 71, 64 %, 733 MiB, 1755 MHz, 18.43 W, 0x0000000000000000
2026/09/30 02:53:31.557, 74, 100 %, 1629 MiB, 1365 MHz, 35.27 W, 0x0000000000000004
2026/09/30 02:53:41.566, 74, 100 %, 1629 MiB, 1260 MHz, 35.32 W, 0x0000000000000004
2026/09/30 02:53:51.568, 74, 100 %, 2070 MiB, 1365 MHz, 33.92 W, 0x0000000000000004
2026/09/30 02:54:01.571, 74, 100 %, 2070 MiB, 1365 MHz, 33.95 W, 0x0000000000000004
2026/09/30 02:54:11.574, 72, 83 %, 302 MiB, 1755 MHz, 19.19 W, 0x0000000000000000
2026/09/30 02:54:21.576, 75, 100 %, 2220 MiB, 1335 MHz, 34.43 W, 0x0000000000000004
2026/09/30 02:54:31.579, 75, 100 %, 2219 MiB, 1320 MHz, 35.15 W, 0x0000000000000004
2026/09/30 02:54:41.587, 76, 100 %, 2219 MiB, 1380 MHz, 34.80 W, 0x0000000000000004
2026/09/30 02:54:51.591, 75, 100 %, 2239 MiB, 1500 MHz, 33.34 W, 0x0000000000000004
2026/09/30 02:55:01.599, 76, 100 %, 2218 MiB, 1335 MHz, 32.69 W, 0x0000000000000004
2026/09/30 02:55:11.602, 76, 100 %, 2218 MiB, 1305 MHz, 34.91 W, 0x0000000000000004
2026/09/30 02:55:21.605, 76, 100 %, 2218 MiB, 1365 MHz, 35.00 W, 0x0000000000000004
2026/09/30 02:55:31.612, 76, 100 %, 2218 MiB, 1335 MHz, 34.00 W, 0x0000000000000004
2026/09/30 02:55:41.615, 77, 100 %, 2218 MiB, 1320 MHz, 35.04 W, 0x0000000000000004
2026/09/30 02:55:51.618, 77, 100 %, 2218 MiB, 1335 MHz, 34.91 W, 0x0000000000000004
2026/09/30 02:56:01.621, 77, 100 %, 2217 MiB, 1395 MHz, 34.70 W, 0x0000000000000004
2026/09/30 02:56:11.623, 78, 100 %, 1706 MiB, 1395 MHz, 34.80 W, 0x0000000000000004
2026/09/30 02:56:21.626, 78, 100 %, 1706 MiB, 1365 MHz, 34.78 W, 0x0000000000000004
2026/09/30 02:56:31.629, 78, 100 %, 1706 MiB, 1365 MHz, 35.58 W, 0x0000000000000004
2026/09/30 02:56:41.633, 76, 16 %, 1300 MiB, 1755 MHz, 18.80 W, 0x0000000000000000
2026/09/30 02:56:51.642, 79, 100 %, 1706 MiB, 1380 MHz, 35.79 W, 0x0000000000000004
2026/09/30 02:57:01.647, 79, 100 %, 1706 MiB, 1365 MHz, 35.19 W, 0x0000000000000004
2026/09/30 02:57:11.650, 79, 100 %, 1706 MiB, 1335 MHz, 35.29 W, 0x0000000000000004
2026/09/30 02:57:21.653, 79, 100 %, 1714 MiB, 1410 MHz, 34.89 W, 0x0000000000000004
2026/09/30 02:57:31.656, 79, 100 %, 1706 MiB, 1350 MHz, 33.86 W, 0x0000000000000004
2026/09/30 02:57:41.658, 80, 100 %, 1706 MiB, 1350 MHz, 34.17 W, 0x0000000000000004
2026/09/30 02:57:51.660, 79, 100 %, 1705 MiB, 1350 MHz, 34.29 W, 0x0000000000000004
2026/09/30 02:58:01.666, 77, 36 %, 718 MiB, 1755 MHz, 19.80 W, 0x0000000000000000
2026/09/30 02:58:11.668, 79, 56 %, 2136 MiB, 1335 MHz, 34.50 W, 0x0000000000000004
2026/09/30 02:58:21.673, 80, 100 %, 2127 MiB, 1320 MHz, 36.28 W, 0x0000000000000004
2026/09/30 02:58:31.676, 80, 100 %, 2127 MiB, 1320 MHz, 36.38 W, 0x0000000000000004
2026/09/30 02:58:41.679, 80, 100 %, 2147 MiB, 1230 MHz, 35.70 W, 0x0000000000000004
2026/09/30 02:58:51.687, 80, 100 %, 2127 MiB, 1200 MHz, 34.76 W, 0x0000000000000004
2026/09/30 02:59:01.689, 81, 100 %, 2125 MiB, 1245 MHz, 34.64 W, 0x0000000000000004
2026/09/30 02:59:11.698, 81, 100 %, 2126 MiB, 1335 MHz, 35.03 W, 0x0000000000000004
2026/09/30 02:59:21.700, 81, 100 %, 2126 MiB, 1335 MHz, 35.33 W, 0x0000000000000004
2026/09/30 02:59:31.708, 81, 100 %, 2125 MiB, 1350 MHz, 35.03 W, 0x0000000000000004
2026/09/30 02:59:41.710, 81, 100 %, 1674 MiB, 1305 MHz, 37.46 W, 0x0000000000000004
2026/09/30 02:59:51.712, 81, 100 %, 1674 MiB, 1290 MHz, 34.79 W, 0x0000000000000004
2026/09/30 03:00:01.715, 82, 100 %, 1674 MiB, 1305 MHz, 35.33 W, 0x0000000000000004
2026/09/30 03:00:11.718, 82, 100 %, 1674 MiB, 1365 MHz, 35.60 W, 0x0000000000000004
2026/09/30 03:00:21.721, 82, 100 %, 1674 MiB, 1380 MHz, 35.51 W, 0x0000000000000004
2026/09/30 03:00:31.723, 81, 100 %, 1674 MiB, 1575 MHz, 35.46 W, 0x0000000000000004
2026/09/30 03:00:41.731, 82, 100 %, 1674 MiB, 1350 MHz, 35.97 W, 0x0000000000000004
2026/09/30 03:00:51.733, 82, 100 %, 1674 MiB, 1350 MHz, 35.43 W, 0x0000000000000004
2026/09/30 03:01:01.736, 80, 13 %, 716 MiB, 1755 MHz, 19.41 W, 0x0000000000000000
2026/09/30 03:01:11.738, 83, 38 %, 1981 MiB, 1365 MHz, 35.60 W, 0x0000000000000004
2026/09/30 03:01:21.740, 83, 100 %, 2054 MiB, 1365 MHz, 35.43 W, 0x0000000000000004
2026/09/30 03:01:31.745, 84, 100 %, 2053 MiB, 1350 MHz, 35.66 W, 0x0000000000000004
2026/09/30 03:01:41.748, 84, 100 %, 2053 MiB, 1350 MHz, 34.98 W, 0x0000000000000004
2026/09/30 03:01:51.751, 84, 100 %, 2053 MiB, 1365 MHz, 34.71 W, 0x0000000000000004
2026/09/30 03:02:01.754, 84, 100 %, 2052 MiB, 1320 MHz, 35.10 W, 0x0000000000000004
2026/09/30 03:02:11.756, 84, 100 %, 2052 MiB, 1305 MHz, 35.47 W, 0x0000000000000004
2026/09/30 03:02:21.759, 84, 100 %, 1649 MiB, 1365 MHz, 35.13 W, 0x0000000000000004
2026/09/30 03:02:31.761, 85, 100 %, 1648 MiB, 1350 MHz, 35.67 W, 0x0000000000000004
2026/09/30 03:02:41.764, 85, 100 %, 1649 MiB, 1335 MHz, 35.44 W, 0x0000000000000004
2026/09/30 03:02:51.766, 82, 58 %, 716 MiB, 1740 MHz, 19.50 W, 0x0000000000000000
2026/09/30 03:03:01.769, 83, 100 %, 1649 MiB, 1350 MHz, 35.63 W, 0x0000000000000004
2026/09/30 03:03:11.773, 80, 29 %, 769 MiB, 1605 MHz, 34.82 W, 0x0000000000000004
2026/09/30 03:03:21.776, 81, 68 %, 1861 MiB, 1335 MHz, 37.33 W, 0x0000000000000004
2026/09/30 03:03:31.779, 81, 100 %, 1947 MiB, 1305 MHz, 35.78 W, 0x0000000000000004
2026/09/30 03:03:41.788, 80, 100 %, 1947 MiB, 1305 MHz, 37.11 W, 0x0000000000000004
2026/09/30 03:03:51.791, 79, 100 %, 1948 MiB, 1290 MHz, 33.52 W, 0x0000000000000004
2026/09/30 03:04:01.801, 79, 61 %, 1968 MiB, 1320 MHz, 34.98 W, 0x0000000000000004
2026/09/30 03:04:11.804, 78, 100 %, 1946 MiB, 1380 MHz, 33.49 W, 0x0000000000000004
2026/09/30 03:04:21.813, 78, 100 %, 1614 MiB, 1365 MHz, 35.22 W, 0x0000000000000004
2026/09/30 03:04:31.816, 78, 100 %, 1613 MiB, 1365 MHz, 35.56 W, 0x0000000000000004
2026/09/30 03:04:41.819, 78, 100 %, 1614 MiB, 1365 MHz, 35.86 W, 0x0000000000000004
2026/09/30 03:04:51.822, 76, 64 %, 769 MiB, 1755 MHz, 18.92 W, 0x0000000000000000
2026/09/30 03:05:01.825, 78, 100 %, 1613 MiB, 1365 MHz, 35.64 W, 0x0000000000000004
2026/09/30 03:05:11.829, 77, 66 %, 2058 MiB, 1335 MHz, 35.60 W, 0x0000000000000004
2026/09/30 03:05:21.832, 77, 63 %, 2070 MiB, 1365 MHz, 35.35 W, 0x0000000000000004
2026/09/30 03:05:31.834, 77, 100 %, 2058 MiB, 1320 MHz, 34.18 W, 0x0000000000000004
2026/09/30 03:05:41.838, 77, 100 %, 2196 MiB, 1335 MHz, 36.40 W, 0x0000000000000004
2026/09/30 03:05:51.841, 77, 100 %, 2196 MiB, 1350 MHz, 34.68 W, 0x0000000000000004
2026/09/30 03:06:01.848, 77, 100 %, 2195 MiB, 1365 MHz, 34.42 W, 0x0000000000000004
2026/09/30 03:06:11.851, 77, 100 %, 2195 MiB, 1365 MHz, 35.07 W, 0x0000000000000004
2026/09/30 03:06:21.853, 77, 100 %, 2195 MiB, 1380 MHz, 33.48 W, 0x0000000000000004
2026/09/30 03:06:31.861, 77, 100 %, 2194 MiB, 1335 MHz, 36.37 W, 0x0000000000000004
2026/09/30 03:06:41.864, 77, 100 %, 2194 MiB, 1305 MHz, 35.07 W, 0x0000000000000004
2026/09/30 03:06:51.867, 76, 100 %, 2194 MiB, 1410 MHz, 34.60 W, 0x0000000000000004
2026/09/30 03:07:01.873, 76, 100 %, 2194 MiB, 1365 MHz, 35.28 W, 0x0000000000000004
2026/09/30 03:07:11.875, 76, 100 %, 2194 MiB, 1365 MHz, 35.64 W, 0x0000000000000004
2026/09/30 03:07:21.878, 76, 100 %, 2194 MiB, 1365 MHz, 35.40 W, 0x0000000000000004
2026/09/30 03:07:31.881, 74, 39 %, 538 MiB, 1755 MHz, 19.55 W, 0x0000000000000000
2026/09/30 03:07:41.885, 77, 100 %, 1697 MiB, 1305 MHz, 35.39 W, 0x0000000000000004
2026/09/30 03:07:51.888, 76, 100 %, 1697 MiB, 1320 MHz, 34.55 W, 0x0000000000000004
2026/09/30 03:08:01.892, 77, 100 %, 1697 MiB, 1365 MHz, 34.09 W, 0x0000000000000004
2026/09/30 03:08:11.894, 77, 42 %, 1643 MiB, 1350 MHz, 34.43 W, 0x0000000000000004
2026/09/30 03:08:21.898, 77, 100 %, 1697 MiB, 1320 MHz, 37.05 W, 0x0000000000000004
2026/09/30 03:08:31.900, 77, 100 %, 1697 MiB, 1320 MHz, 34.69 W, 0x0000000000000004
2026/09/30 03:08:41.905, 77, 100 %, 1696 MiB, 1365 MHz, 34.88 W, 0x0000000000000004
2026/09/30 03:08:51.907, 77, 100 %, 1697 MiB, 1365 MHz, 35.07 W, 0x0000000000000004
2026/09/30 03:09:01.911, 77, 100 %, 1697 MiB, 1365 MHz, 35.61 W, 0x0000000000000004
2026/09/30 03:09:11.914, 77, 100 %, 1697 MiB, 1380 MHz, 35.44 W, 0x0000000000000004
2026/09/30 03:09:21.916, 76, 100 %, 1696 MiB, 1365 MHz, 35.55 W, 0x0000000000000004
2026/09/30 03:09:31.919, 70, 0 %, 5 MiB, 300 MHz, 5.28 W, 0x0000000000000001
2026/09/30 03:09:41.941, 72, 100 %, 1883 MiB, 1755 MHz, 18.37 W, 0x0000000000000000
2026/09/30 03:09:51.944, 74, 100 %, 1875 MiB, 1320 MHz, 30.50 W, 0x0000000000000004
2026/09/30 03:10:01.946, 74, 100 %, 1936 MiB, 1290 MHz, 33.76 W, 0x0000000000000004
2026/09/30 03:10:11.952, 74, 100 %, 1937 MiB, 1275 MHz, 34.94 W, 0x0000000000000004
2026/09/30 03:10:21.961, 72, 14 %, 705 MiB, 1755 MHz, 18.32 W, 0x0000000000000000
2026/09/30 03:10:31.964, 75, 100 %, 1939 MiB, 1380 MHz, 31.26 W, 0x0000000000000004
2026/09/30 03:10:41.972, 74, 100 %, 1603 MiB, 1350 MHz, 35.45 W, 0x0000000000000004
2026/09/30 03:10:51.975, 71, 25 %, 695 MiB, 1140 MHz, 21.58 W, 0x0000000000000001
2026/09/30 03:11:01.993, 74, 100 %, 1603 MiB, 1320 MHz, 36.48 W, 0x0000000000000004
2026/09/30 03:11:11.995, 74, 100 %, 1602 MiB, 1380 MHz, 33.40 W, 0x0000000000000004
2026/09/30 03:11:22.001, 71, 44 %, 1605 MiB, 1755 MHz, 18.27 W, 0x0000000000000000
2026/09/30 03:11:32.005, 74, 100 %, 1949 MiB, 1365 MHz, 34.48 W, 0x0000000000000004
2026/09/30 03:11:42.008, 71, 100 %, 1949 MiB, 1755 MHz, 18.30 W, 0x0000000000000000
2026/09/30 03:11:52.010, 71, 61 %, 1952 MiB, 1680 MHz, 17.30 W, 0x0000000000000001
2026/09/30 03:12:02.027, 74, 100 %, 2072 MiB, 1245 MHz, 35.09 W, 0x0000000000000004
2026/09/30 03:12:12.033, 71, 18 %, 712 MiB, 1755 MHz, 18.24 W, 0x0000000000000000
2026/09/30 03:12:22.036, 74, 100 %, 2070 MiB, 1335 MHz, 35.60 W, 0x0000000000000004
2026/09/30 03:12:32.044, 74, 57 %, 2079 MiB, 1380 MHz, 34.68 W, 0x0000000000000004
2026/09/30 03:12:42.046, 74, 100 %, 2070 MiB, 1260 MHz, 35.15 W, 0x0000000000000004
2026/09/30 03:12:52.048, 74, 100 %, 1651 MiB, 1335 MHz, 35.66 W, 0x0000000000000004
2026/09/30 03:13:02.050, 74, 100 %, 1651 MiB, 1395 MHz, 33.73 W, 0x0000000000000004
2026/09/30 03:13:12.053, 73, 100 %, 1650 MiB, 1380 MHz, 36.07 W, 0x0000000000000004
2026/09/30 03:13:22.056, 74, 100 %, 1650 MiB, 1380 MHz, 35.38 W, 0x0000000000000004
2026/09/30 03:13:32.058, 73, 100 %, 1650 MiB, 1380 MHz, 32.89 W, 0x0000000000000004
2026/09/30 03:13:42.061, 74, 100 %, 1650 MiB, 1320 MHz, 35.46 W, 0x0000000000000004
2026/09/30 03:13:52.063, 73, 100 %, 1863 MiB, 1380 MHz, 34.56 W, 0x0000000000000004
2026/09/30 03:14:02.065, 73, 69 %, 1872 MiB, 1395 MHz, 35.79 W, 0x0000000000000004
2026/09/30 03:14:12.068, 73, 100 %, 1964 MiB, 1380 MHz, 35.43 W, 0x0000000000000004
2026/09/30 03:14:22.071, 73, 81 %, 1972 MiB, 1395 MHz, 34.73 W, 0x0000000000000004
2026/09/30 03:14:32.073, 73, 100 %, 1964 MiB, 1365 MHz, 35.49 W, 0x0000000000000004
2026/09/30 03:14:42.076, 73, 100 %, 1962 MiB, 1365 MHz, 35.29 W, 0x0000000000000004
2026/09/30 03:14:52.079, 73, 100 %, 1616 MiB, 1320 MHz, 35.29 W, 0x0000000000000004
2026/09/30 03:15:02.082, 71, 90 %, 1616 MiB, 1755 MHz, 18.25 W, 0x0000000000000000
2026/09/30 03:15:12.086, 73, 100 %, 1615 MiB, 1335 MHz, 34.65 W, 0x0000000000000004
2026/09/30 03:15:22.093, 72, 0 %, 1574 MiB, 1350 MHz, 31.58 W, 0x0000000000000004
2026/09/30 03:15:32.101, 73, 100 %, 1615 MiB, 1275 MHz, 35.14 W, 0x0000000000000004
2026/09/30 03:15:42.104, 71, 12 %, 697 MiB, 1755 MHz, 22.17 W, 0x0000000000000000
2026/09/30 03:15:52.107, 72, 64 %, 1911 MiB, 1755 MHz, 18.40 W, 0x0000000000000000
2026/09/30 03:16:02.110, 76, 100 %, 1957 MiB, 1350 MHz, 35.44 W, 0x0000000000000004
2026/09/30 03:16:12.113, 77, 100 %, 1957 MiB, 1380 MHz, 34.77 W, 0x0000000000000004
2026/09/30 03:16:22.116, 77, 26 %, 1967 MiB, 1335 MHz, 35.75 W, 0x0000000000000004
2026/09/30 03:16:32.119, 77, 100 %, 1958 MiB, 1500 MHz, 33.42 W, 0x0000000000000004
2026/09/30 03:16:42.123, 78, 100 %, 1615 MiB, 1380 MHz, 33.99 W, 0x0000000000000004
2026/09/30 03:16:52.128, 78, 34 %, 1624 MiB, 1290 MHz, 35.79 W, 0x0000000000000004
2026/09/30 03:17:02.138, 79, 100 %, 1615 MiB, 1290 MHz, 34.23 W, 0x0000000000000004
2026/09/30 03:17:12.141, 79, 100 %, 1614 MiB, 1365 MHz, 35.95 W, 0x0000000000000004
2026/09/30 03:17:22.143, 79, 30 %, 2073 MiB, 1350 MHz, 31.81 W, 0x0000000000000004
2026/09/30 03:17:32.146, 80, 56 %, 2074 MiB, 1395 MHz, 33.06 W, 0x0000000000000004
2026/09/30 03:17:42.157, 80, 72 %, 2073 MiB, 1320 MHz, 35.86 W, 0x0000000000000004
2026/09/30 03:17:52.160, 80, 79 %, 2229 MiB, 1470 MHz, 32.27 W, 0x0000000000000004
2026/09/30 03:18:02.163, 81, 100 %, 2221 MiB, 1485 MHz, 32.75 W, 0x0000000000000004
2026/09/30 03:18:12.167, 81, 100 %, 2219 MiB, 1410 MHz, 33.32 W, 0x0000000000000004
2026/09/30 03:18:22.170, 81, 100 %, 2219 MiB, 1455 MHz, 31.16 W, 0x0000000000000004
2026/09/30 03:18:32.183, 81, 100 %, 2228 MiB, 1320 MHz, 34.61 W, 0x0000000000000004
2026/09/30 03:18:42.186, 82, 100 %, 2218 MiB, 1350 MHz, 35.53 W, 0x0000000000000004
2026/09/30 03:18:52.189, 82, 100 %, 2218 MiB, 1350 MHz, 35.74 W, 0x0000000000000004
2026/09/30 03:19:02.191, 83, 100 %, 2218 MiB, 1350 MHz, 35.58 W, 0x0000000000000004
2026/09/30 03:19:12.194, 83, 100 %, 2218 MiB, 1335 MHz, 34.74 W, 0x0000000000000004
2026/09/30 03:19:22.197, 83, 100 %, 2218 MiB, 1350 MHz, 35.57 W, 0x0000000000000004
2026/09/30 03:19:32.200, 83, 100 %, 2218 MiB, 1350 MHz, 35.52 W, 0x0000000000000004
2026/09/30 03:19:42.203, 83, 100 %, 2217 MiB, 1350 MHz, 35.41 W, 0x0000000000000004
2026/09/30 03:19:52.213, 82, 100 %, 1705 MiB, 1215 MHz, 34.35 W, 0x0000000000000004
2026/09/30 03:20:02.215, 83, 100 %, 1705 MiB, 1185 MHz, 35.20 W, 0x0000000000000004
2026/09/30 03:20:12.224, 84, 100 %, 1705 MiB, 1320 MHz, 34.51 W, 0x0000000000000004
2026/09/30 03:20:22.228, 84, 100 %, 1704 MiB, 1305 MHz, 35.24 W, 0x0000000000000004
2026/09/30 03:20:32.230, 83, 34 %, 1704 MiB, 1410 MHz, 35.75 W, 0x0000000000000004
2026/09/30 03:20:42.251, 84, 100 %, 1704 MiB, 1335 MHz, 34.49 W, 0x0000000000000004
2026/09/30 03:20:52.257, 84, 100 %, 1704 MiB, 1290 MHz, 35.21 W, 0x0000000000000004
2026/09/30 03:21:02.260, 85, 100 %, 1703 MiB, 1290 MHz, 35.37 W, 0x0000000000000004
2026/09/30 03:21:12.262, 79, 0 %, 1634 MiB, 405 MHz, 11.35 W, 0x0000000000000001
2026/09/30 03:21:22.315, 82, 100 %, 1704 MiB, 1335 MHz, 35.74 W, 0x0000000000000004
2026/09/30 03:21:32.318, 82, 100 %, 1704 MiB, 1350 MHz, 35.58 W, 0x0000000000000004
2026/09/30 03:21:42.320, 81, 100 %, 1703 MiB, 1350 MHz, 35.86 W, 0x0000000000000004
2026/09/30 03:21:52.324, 78, 77 %, 719 MiB, 1605 MHz, 34.30 W, 0x0000000000000004
2026/09/30 03:22:02.326, 80, 100 %, 2002 MiB, 1365 MHz, 35.56 W, 0x0000000000000004
2026/09/30 03:22:12.329, 79, 48 %, 2093 MiB, 1320 MHz, 35.60 W, 0x0000000000000004
2026/09/30 03:22:22.332, 79, 100 %, 2084 MiB, 1305 MHz, 34.69 W, 0x0000000000000004
2026/09/30 03:22:32.336, 79, 100 %, 2084 MiB, 1320 MHz, 35.12 W, 0x0000000000000004
2026/09/30 03:22:42.338, 79, 100 %, 2085 MiB, 1320 MHz, 34.88 W, 0x0000000000000004
2026/09/30 03:22:52.340, 79, 100 %, 2083 MiB, 1365 MHz, 35.79 W, 0x0000000000000004
2026/09/30 03:23:02.343, 79, 100 %, 2083 MiB, 1365 MHz, 35.37 W, 0x0000000000000004
2026/09/30 03:23:12.350, 78, 100 %, 2091 MiB, 1305 MHz, 34.16 W, 0x0000000000000004
2026/09/30 03:23:22.360, 78, 100 %, 2083 MiB, 1320 MHz, 33.44 W, 0x0000000000000004
2026/09/30 03:23:32.363, 78, 100 %, 2083 MiB, 1470 MHz, 33.58 W, 0x0000000000000004
2026/09/30 03:23:42.371, 78, 64 %, 1661 MiB, 1365 MHz, 35.72 W, 0x0000000000000004
2026/09/30 03:23:52.374, 78, 100 %, 1661 MiB, 1365 MHz, 35.70 W, 0x0000000000000004
2026/09/30 03:24:02.377, 78, 100 %, 1661 MiB, 1365 MHz, 35.28 W, 0x0000000000000004
2026/09/30 03:24:12.383, 74, 0 %, 720 MiB, 480 MHz, 14.58 W, 0x0000000000000001
2026/09/30 03:24:22.405, 78, 100 %, 1661 MiB, 1320 MHz, 35.96 W, 0x0000000000000004
2026/09/30 03:24:32.407, 78, 100 %, 1661 MiB, 1380 MHz, 34.49 W, 0x0000000000000004
2026/09/30 03:24:42.410, 75, 20 %, 721 MiB, 1755 MHz, 18.75 W, 0x0000000000000000
2026/09/30 03:24:52.412, 78, 100 %, 1661 MiB, 1365 MHz, 35.39 W, 0x0000000000000004
2026/09/30 03:25:02.416, 78, 100 %, 1661 MiB, 1395 MHz, 35.03 W, 0x0000000000000004
2026/09/30 03:25:12.419, 74, 0 %, 1670 MiB, 390 MHz, 13.21 W, 0x0000000000000001
2026/09/30 03:25:22.437, 78, 100 %, 2060 MiB, 1365 MHz, 35.31 W, 0x0000000000000004
2026/09/30 03:25:32.440, 78, 100 %, 2061 MiB, 1350 MHz, 34.91 W, 0x0000000000000004
2026/09/30 03:25:42.443, 75, 100 %, 2062 MiB, 1755 MHz, 18.66 W, 0x0000000000000000
2026/09/30 03:25:52.446, 77, 100 %, 2209 MiB, 1260 MHz, 34.32 W, 0x0000000000000004
2026/09/30 03:26:02.449, 77, 100 %, 2209 MiB, 1395 MHz, 33.81 W, 0x0000000000000004
2026/09/30 03:26:12.457, 77, 33 %, 1990 MiB, 1395 MHz, 32.67 W, 0x0000000000000004
2026/09/30 03:26:22.460, 78, 100 %, 2208 MiB, 1320 MHz, 33.24 W, 0x0000000000000004
2026/09/30 03:26:32.463, 78, 100 %, 2208 MiB, 1320 MHz, 34.50 W, 0x0000000000000004
2026/09/30 03:26:42.467, 74, 100 %, 2208 MiB, 300 MHz, 8.23 W, 0x0000000000000024
2026/09/30 03:26:52.470, 78, 100 %, 2208 MiB, 1380 MHz, 35.37 W, 0x0000000000000004
2026/09/30 03:27:02.473, 77, 100 %, 2208 MiB, 1380 MHz, 35.42 W, 0x0000000000000004
2026/09/30 03:27:12.484, 77, 100 %, 1702 MiB, 1365 MHz, 36.08 W, 0x0000000000000004
2026/09/30 03:27:22.487, 77, 100 %, 1702 MiB, 1365 MHz, 35.39 W, 0x0000000000000004
2026/09/30 03:27:32.491, 77, 100 %, 1702 MiB, 1365 MHz, 35.56 W, 0x0000000000000004
2026/09/30 03:27:42.495, 77, 100 %, 1702 MiB, 1365 MHz, 35.46 W, 0x0000000000000004
2026/09/30 03:27:52.498, 77, 100 %, 1702 MiB, 1365 MHz, 35.60 W, 0x0000000000000004
2026/09/30 03:28:02.501, 75, 0 %, 2143 MiB, 1020 MHz, 27.57 W, 0x0000000000000001
2026/09/30 03:28:12.518, 77, 100 %, 1702 MiB, 1380 MHz, 35.38 W, 0x0000000000000004
2026/09/30 03:28:22.521, 76, 100 %, 1702 MiB, 1395 MHz, 35.54 W, 0x0000000000000004
2026/09/30 03:28:32.525, 72, 0 %, 704 MiB, 330 MHz, 10.29 W, 0x0000000000000001
2026/09/30 03:28:42.548, 76, 100 %, 1955 MiB, 1365 MHz, 35.39 W, 0x0000000000000004
2026/09/30 03:28:52.551, 76, 100 %, 2047 MiB, 1260 MHz, 34.95 W, 0x0000000000000004
2026/09/30 03:29:02.554, 76, 100 %, 2039 MiB, 1335 MHz, 33.52 W, 0x0000000000000004
2026/09/30 03:29:12.558, 76, 100 %, 2039 MiB, 1335 MHz, 32.53 W, 0x0000000000000004
2026/09/30 03:29:22.561, 76, 100 %, 2037 MiB, 1365 MHz, 35.30 W, 0x0000000000000004
2026/09/30 03:29:32.564, 76, 100 %, 2037 MiB, 1350 MHz, 35.36 W, 0x0000000000000004
2026/09/30 03:29:42.567, 73, 16 %, 704 MiB, 1755 MHz, 18.54 W, 0x0000000000000000
2026/09/30 03:29:52.570, 77, 100 %, 2037 MiB, 1380 MHz, 33.78 W, 0x0000000000000004
2026/09/30 03:30:02.572, 77, 100 %, 2037 MiB, 1365 MHz, 34.78 W, 0x0000000000000004
2026/09/30 03:30:12.575, 76, 100 %, 1646 MiB, 1365 MHz, 34.11 W, 0x0000000000000004
2026/09/30 03:30:22.578, 77, 100 %, 1645 MiB, 1365 MHz, 35.45 W, 0x0000000000000004
2026/09/30 03:30:32.582, 77, 100 %, 1645 MiB, 1365 MHz, 35.38 W, 0x0000000000000004
2026/09/30 03:30:42.585, 76, 100 %, 1646 MiB, 1365 MHz, 34.08 W, 0x0000000000000004
2026/09/30 03:30:52.588, 77, 100 %, 1645 MiB, 1365 MHz, 35.60 W, 0x0000000000000004
2026/09/30 03:31:02.591, 77, 100 %, 1645 MiB, 1365 MHz, 35.24 W, 0x0000000000000004
2026/09/30 03:31:12.601, 76, 100 %, 1646 MiB, 1365 MHz, 35.59 W, 0x0000000000000004
2026/09/30 03:31:22.604, 77, 100 %, 1645 MiB, 1365 MHz, 35.40 W, 0x0000000000000004
2026/09/30 03:31:32.606, 73, 0 %, 1645 MiB, 480 MHz, 13.25 W, 0x0000000000000001
2026/09/30 03:31:42.625, 76, 100 %, 2055 MiB, 1350 MHz, 35.44 W, 0x0000000000000004
2026/09/30 03:31:52.633, 76, 100 %, 2055 MiB, 1380 MHz, 35.36 W, 0x0000000000000004
2026/09/30 03:32:02.636, 76, 100 %, 2056 MiB, 1500 MHz, 31.73 W, 0x0000000000000004
2026/09/30 03:32:12.639, 76, 100 %, 2205 MiB, 1335 MHz, 34.34 W, 0x0000000000000004
2026/09/30 03:32:22.642, 76, 100 %, 2204 MiB, 1320 MHz, 35.69 W, 0x0000000000000004
2026/09/30 03:32:32.645, 76, 100 %, 2204 MiB, 1380 MHz, 33.70 W, 0x0000000000000004
2026/09/30 03:32:42.653, 76, 100 %, 2204 MiB, 1365 MHz, 35.37 W, 0x0000000000000004
2026/09/30 03:32:52.656, 76, 100 %, 2203 MiB, 1320 MHz, 37.27 W, 0x0000000000000004
2026/09/30 03:33:02.659, 76, 100 %, 2203 MiB, 1425 MHz, 34.30 W, 0x0000000000000004
2026/09/30 03:33:12.664, 76, 100 %, 2203 MiB, 1365 MHz, 34.85 W, 0x0000000000000004
2026/09/30 03:33:22.667, 76, 100 %, 2202 MiB, 1365 MHz, 35.32 W, 0x0000000000000004
2026/09/30 03:33:32.669, 76, 100 %, 2203 MiB, 1365 MHz, 35.53 W, 0x0000000000000004
2026/09/30 03:33:42.672, 76, 100 %, 2203 MiB, 1410 MHz, 35.64 W, 0x0000000000000004
2026/09/30 03:33:52.681, 76, 100 %, 2203 MiB, 1365 MHz, 35.17 W, 0x0000000000000004
2026/09/30 03:34:02.683, 73, 40 %, 2202 MiB, 1755 MHz, 18.45 W, 0x0000000000000000
2026/09/30 03:34:12.686, 76, 100 %, 1701 MiB, 1365 MHz, 35.50 W, 0x0000000000000004
2026/09/30 03:34:22.688, 76, 100 %, 1701 MiB, 1380 MHz, 35.59 W, 0x0000000000000004
2026/09/30 03:34:32.692, 76, 100 %, 1701 MiB, 1380 MHz, 35.41 W, 0x0000000000000004
2026/09/30 03:34:42.695, 73, 20 %, 1700 MiB, 1755 MHz, 18.45 W, 0x0000000000000000
2026/09/30 03:34:52.698, 76, 100 %, 1701 MiB, 1365 MHz, 35.51 W, 0x0000000000000004
2026/09/30 03:35:02.700, 76, 100 %, 1701 MiB, 1380 MHz, 35.50 W, 0x0000000000000004
2026/09/30 03:35:12.703, 76, 100 %, 1701 MiB, 1380 MHz, 35.60 W, 0x0000000000000004
2026/09/30 03:35:22.706, 74, 49 %, 769 MiB, 1755 MHz, 18.31 W, 0x0000000000000000
2026/09/30 03:35:32.709, 76, 100 %, 1701 MiB, 1500 MHz, 32.73 W, 0x0000000000000004
2026/09/30 03:35:42.712, 76, 100 %, 1701 MiB, 1320 MHz, 33.47 W, 0x0000000000000004
2026/09/30 03:35:52.715, 76, 100 %, 1701 MiB, 1320 MHz, 35.83 W, 0x0000000000000004
2026/09/30 03:36:02.719, 72, 0 %, 289 MiB, 330 MHz, 8.50 W, 0x0000000000000001
2026/09/30 03:36:12.798, 76, 100 %, 1906 MiB, 1335 MHz, 35.01 W, 0x0000000000000004
2026/09/30 03:36:22.802, 75, 100 %, 1998 MiB, 1335 MHz, 34.26 W, 0x0000000000000004
2026/09/30 03:36:32.805, 75, 100 %, 1990 MiB, 1380 MHz, 35.44 W, 0x0000000000000004
2026/09/30 03:36:42.808, 75, 100 %, 1990 MiB, 1380 MHz, 34.94 W, 0x0000000000000004
2026/09/30 03:36:52.811, 76, 100 %, 1991 MiB, 1365 MHz, 35.02 W, 0x0000000000000004
2026/09/30 03:37:02.813, 73, 5 %, 704 MiB, 1755 MHz, 17.85 W, 0x0000000000000000
2026/09/30 03:37:12.815, 76, 100 %, 1629 MiB, 1365 MHz, 34.64 W, 0x0000000000000004
2026/09/30 03:37:22.819, 75, 100 %, 1630 MiB, 1380 MHz, 35.96 W, 0x0000000000000004
2026/09/30 03:37:32.823, 73, 35 %, 1629 MiB, 1755 MHz, 18.38 W, 0x0000000000000000
2026/09/30 03:37:42.825, 76, 100 %, 1629 MiB, 1365 MHz, 34.76 W, 0x0000000000000004
2026/09/30 03:37:52.829, 75, 100 %, 1897 MiB, 1380 MHz, 35.54 W, 0x0000000000000004
2026/09/30 03:38:02.833, 74, 11 %, 1774 MiB, 1350 MHz, 19.21 W, 0x0000000000000004
2026/09/30 03:38:12.840, 75, 100 %, 1955 MiB, 1395 MHz, 34.30 W, 0x0000000000000004
2026/09/30 03:38:22.843, 74, 4 %, 2372 MiB, 1605 MHz, 18.41 W, 0x0000000000000004
2026/09/30 03:38:32.846, 75, 100 %, 1953 MiB, 1365 MHz, 35.31 W, 0x0000000000000004
2026/09/30 03:38:42.849, 75, 100 %, 1954 MiB, 1380 MHz, 35.33 W, 0x0000000000000004
2026/09/30 03:38:52.856, 72, 18 %, 705 MiB, 1755 MHz, 18.31 W, 0x0000000000000000
2026/09/30 03:39:02.858, 76, 100 %, 1617 MiB, 1320 MHz, 34.56 W, 0x0000000000000004
2026/09/30 03:39:12.864, 75, 100 %, 1617 MiB, 1485 MHz, 32.84 W, 0x0000000000000004
2026/09/30 03:39:22.866, 72, 16 %, 705 MiB, 1755 MHz, 18.35 W, 0x0000000000000000
2026/09/30 03:39:32.868, 75, 100 %, 1617 MiB, 1380 MHz, 35.28 W, 0x0000000000000004
2026/09/30 03:39:42.872, 74, 100 %, 1986 MiB, 1350 MHz, 35.56 W, 0x0000000000000004
2026/09/30 03:39:52.874, 72, 5 %, 706 MiB, 1755 MHz, 18.35 W, 0x0000000000000000
2026/09/30 03:40:02.876, 75, 100 %, 2088 MiB, 1395 MHz, 34.06 W, 0x0000000000000004
2026/09/30 03:40:12.878, 75, 100 %, 2079 MiB, 1335 MHz, 35.67 W, 0x0000000000000004
2026/09/30 03:40:22.882, 76, 100 %, 2079 MiB, 1305 MHz, 34.40 W, 0x0000000000000004
2026/09/30 03:40:32.884, 74, 40 %, 1904 MiB, 1425 MHz, 34.96 W, 0x0000000000000004
2026/09/30 03:40:48.291, 61, 0 %, 2077 MiB, 855 MHz, 13.54 W, 0x0000000000000000
2026/09/30 03:40:58.310, 57, 0 %, 2077 MiB, 300 MHz, 5.44 W, 0x0000000000000001
2026/09/30 03:41:08.333, 54, 0 %, 2076 MiB, 300 MHz, 5.30 W, 0x0000000000000001
2026/09/30 03:41:18.360, 54, 0 %, 2076 MiB, 300 MHz, 5.27 W, 0x0000000000000001
2026/09/30 03:41:28.384, 53, 0 %, 2076 MiB, 300 MHz, 5.24 W, 0x0000000000000001
2026/09/30 03:41:38.408, 52, 0 %, 2076 MiB, 300 MHz, 5.21 W, 0x0000000000000001
2026/09/30 03:41:48.434, 51, 0 %, 2076 MiB, 300 MHz, 5.23 W, 0x0000000000000001
2026/09/30 03:41:58.457, 50, 0 %, 2076 MiB, 300 MHz, 5.20 W, 0x0000000000000001
2026/09/30 03:42:08.480, 50, 0 %, 2076 MiB, 300 MHz, 5.17 W, 0x0000000000000001
2026/09/30 03:42:18.504, 49, 0 %, 2076 MiB, 300 MHz, 5.24 W, 0x0000000000000001
2026/09/30 03:42:28.531, 49, 0 %, 2076 MiB, 300 MHz, 5.09 W, 0x0000000000000001
2026/09/30 03:42:38.556, 49, 0 %, 2076 MiB, 300 MHz, 5.11 W, 0x0000000000000001
2026/09/30 03:42:48.581, 48, 0 %, 2076 MiB, 300 MHz, 5.14 W, 0x0000000000000001
2026/09/30 03:42:58.604, 48, 0 %, 2076 MiB, 300 MHz, 5.11 W, 0x0000000000000001
2026/09/30 03:43:08.629, 48, 0 %, 2076 MiB, 300 MHz, 5.22 W, 0x0000000000000001
2026/09/30 03:43:18.653, 48, 0 %, 2076 MiB, 300 MHz, 5.20 W, 0x0000000000000001
2026/09/30 03:43:28.680, 48, 0 %, 2076 MiB, 300 MHz, 5.18 W, 0x0000000000000001
2026/09/30 03:43:38.707, 48, 0 %, 2076 MiB, 300 MHz, 5.12 W, 0x0000000000000001
2026/09/30 03:43:48.729, 47, 0 %, 2076 MiB, 300 MHz, 5.14 W, 0x0000000000000001
2026/09/30 03:43:58.754, 47, 0 %, 2076 MiB, 300 MHz, 5.11 W, 0x0000000000000001
2026/09/30 03:44:08.779, 47, 0 %, 2076 MiB, 300 MHz, 5.13 W, 0x0000000000000001
2026/09/30 03:44:18.804, 47, 0 %, 2076 MiB, 300 MHz, 5.13 W, 0x0000000000000001
2026/09/30 03:44:28.827, 47, 0 %, 2076 MiB, 300 MHz, 5.14 W, 0x0000000000000001
2026/09/30 03:44:38.852, 47, 0 %, 2076 MiB, 300 MHz, 5.12 W, 0x0000000000000001
2026/09/30 03:44:48.877, 46, 0 %, 2076 MiB, 300 MHz, 5.09 W, 0x0000000000000001
2026/09/30 03:44:58.904, 47, 0 %, 2076 MiB, 300 MHz, 5.07 W, 0x0000000000000001
2026/09/30 03:45:08.926, 46, 0 %, 2076 MiB, 300 MHz, 5.07 W, 0x0000000000000001
2026/09/30 03:45:18.949, 46, 0 %, 2076 MiB, 300 MHz, 5.10 W, 0x0000000000000001
2026/09/30 03:45:28.973, 46, 0 %, 2076 MiB, 300 MHz, 4.99 W, 0x0000000000000001
2026/09/30 03:45:38.997, 46, 0 %, 2076 MiB, 300 MHz, 5.10 W, 0x0000000000000001
2026/09/30 03:45:49.023, 46, 0 %, 2076 MiB, 300 MHz, 5.09 W, 0x0000000000000001
2026/09/30 03:45:59.048, 46, 0 %, 2076 MiB, 300 MHz, 5.12 W, 0x0000000000000001
2026/09/30 03:46:09.072, 46, 0 %, 2076 MiB, 300 MHz, 5.11 W, 0x0000000000000001
2026/09/30 03:46:19.097, 46, 0 %, 2076 MiB, 300 MHz, 5.12 W, 0x0000000000000001
2026/09/30 03:46:29.123, 46, 0 %, 2076 MiB, 300 MHz, 5.11 W, 0x0000000000000001
2026/09/30 03:46:39.148, 46, 0 %, 2076 MiB, 300 MHz, 5.03 W, 0x0000000000000001
2026/09/30 03:46:49.174, 46, 0 %, 2076 MiB, 300 MHz, 5.08 W, 0x0000000000000001
2026/09/30 03:46:59.200, 46, 0 %, 2076 MiB, 300 MHz, 5.10 W, 0x0000000000000001
2026/09/30 03:47:09.224, 46, 0 %, 2076 MiB, 300 MHz, 5.03 W, 0x0000000000000001
2026/09/30 03:47:19.248, 46, 0 %, 2076 MiB, 300 MHz, 5.03 W, 0x0000000000000001
2026/09/30 03:47:29.272, 46, 0 %, 2076 MiB, 300 MHz, 5.10 W, 0x0000000000000001
2026/09/30 03:47:39.296, 46, 0 %, 2076 MiB, 300 MHz, 5.02 W, 0x0000000000000001
2026/09/30 03:47:49.320, 46, 0 %, 2076 MiB, 300 MHz, 5.07 W, 0x0000000000000001
2026/09/30 03:47:59.344, 46, 0 %, 2076 MiB, 300 MHz, 5.00 W, 0x0000000000000001
2026/09/30 03:48:09.368, 46, 0 %, 2076 MiB, 300 MHz, 5.07 W, 0x0000000000000001
2026/09/30 03:48:19.396, 46, 0 %, 2076 MiB, 300 MHz, 4.99 W, 0x0000000000000001
2026/09/30 03:48:29.419, 46, 0 %, 2076 MiB, 300 MHz, 5.05 W, 0x0000000000000001
2026/09/30 03:48:39.441, 46, 0 %, 2076 MiB, 300 MHz, 5.08 W, 0x0000000000000001
2026/09/30 03:48:49.466, 46, 0 %, 2076 MiB, 300 MHz, 5.11 W, 0x0000000000000001
2026/09/30 03:48:59.489, 46, 0 %, 2076 MiB, 300 MHz, 5.03 W, 0x0000000000000001
2026/09/30 03:49:09.514, 45, 0 %, 2076 MiB, 300 MHz, 5.07 W, 0x0000000000000001
2026/09/30 03:49:19.541, 45, 0 %, 2076 MiB, 300 MHz, 5.03 W, 0x0000000000000001
2026/09/30 03:49:29.565, 45, 0 %, 2076 MiB, 300 MHz, 5.05 W, 0x0000000000000001
2026/09/30 03:49:39.589, 45, 0 %, 2076 MiB, 300 MHz, 5.03 W, 0x0000000000000001
2026/09/30 03:49:49.615, 45, 0 %, 2076 MiB, 300 MHz, 5.05 W, 0x0000000000000001
2026/09/30 03:49:59.639, 45, 0 %, 2076 MiB, 300 MHz, 5.12 W, 0x0000000000000001
2026/09/30 03:50:09.664, 45, 0 %, 2076 MiB, 300 MHz, 5.09 W, 0x0000000000000001
2026/09/30 03:50:19.688, 45, 0 %, 2076 MiB, 300 MHz, 5.02 W, 0x0000000000000001
2026/09/30 03:50:29.712, 45, 0 %, 2076 MiB, 300 MHz, 5.04 W, 0x0000000000000001
2026/09/30 03:50:39.738, 45, 0 %, 2076 MiB, 300 MHz, 5.07 W, 0x0000000000000001
2026/09/30 03:50:49.761, 45, 0 %, 2076 MiB, 300 MHz, 5.07 W, 0x0000000000000001
2026/09/30 03:50:59.785, 45, 0 %, 2076 MiB, 300 MHz, 5.03 W, 0x0000000000000001
2026/09/30 03:51:09.810, 45, 0 %, 2076 MiB, 300 MHz, 5.04 W, 0x0000000000000001
2026/09/30 03:51:19.834, 45, 0 %, 2076 MiB, 300 MHz, 5.05 W, 0x0000000000000001
2026/09/30 03:51:29.859, 45, 0 %, 2076 MiB, 300 MHz, 5.05 W, 0x0000000000000001
2026/09/30 03:51:39.883, 46, 0 %, 2076 MiB, 300 MHz, 5.06 W, 0x0000000000000001
2026/09/30 03:51:49.910, 45, 0 %, 2076 MiB, 300 MHz, 5.07 W, 0x0000000000000001
2026/09/30 03:51:59.936, 45, 0 %, 2076 MiB, 300 MHz, 5.07 W, 0x0000000000000001
2026/09/30 03:52:09.961, 45, 0 %, 2076 MiB, 300 MHz, 5.01 W, 0x0000000000000001
2026/09/30 03:52:19.987, 45, 0 %, 2076 MiB, 300 MHz, 5.02 W, 0x0000000000000001
2026/09/30 03:52:30.010, 45, 0 %, 2076 MiB, 300 MHz, 5.02 W, 0x0000000000000001
2026/09/30 03:52:40.034, 45, 0 %, 2076 MiB, 300 MHz, 5.07 W, 0x0000000000000001
2026/09/30 03:52:50.060, 45, 0 %, 2076 MiB, 300 MHz, 5.11 W, 0x0000000000000001
2026/09/30 03:53:00.084, 45, 0 %, 2076 MiB, 300 MHz, 5.07 W, 0x0000000000000001
2026/09/30 03:53:10.107, 45, 0 %, 2076 MiB, 300 MHz, 5.04 W, 0x0000000000000001
2026/09/30 03:53:20.131, 45, 0 %, 2076 MiB, 300 MHz, 5.02 W, 0x0000000000000001
2026/09/30 03:53:30.155, 45, 0 %, 2076 MiB, 300 MHz, 5.06 W, 0x0000000000000001
2026/09/30 03:53:40.182, 45, 0 %, 2076 MiB, 300 MHz, 5.06 W, 0x0000000000000001
2026/09/30 03:53:50.206, 45, 0 %, 2076 MiB, 300 MHz, 5.04 W, 0x0000000000000001
2026/09/30 03:54:00.231, 45, 0 %, 2076 MiB, 300 MHz, 5.04 W, 0x0000000000000001
2026/09/30 03:54:10.257, 45, 0 %, 2076 MiB, 300 MHz, 5.05 W, 0x0000000000000001
2026/09/30 03:54:20.281, 45, 0 %, 2076 MiB, 300 MHz, 5.04 W, 0x0000000000000001
2026/09/30 03:54:30.305, 45, 0 %, 2076 MiB, 300 MHz, 5.08 W, 0x0000000000000001
2026/09/30 03:54:40.329, 45, 0 %, 2076 MiB, 300 MHz, 4.98 W, 0x0000000000000001
2026/09/30 03:54:50.353, 45, 0 %, 2076 MiB, 300 MHz, 5.00 W, 0x0000000000000001
2026/09/30 03:55:00.379, 45, 0 %, 2076 MiB, 300 MHz, 5.02 W, 0x0000000000000001
2026/09/30 03:55:10.403, 45, 0 %, 2076 MiB, 300 MHz, 5.07 W, 0x0000000000000001
2026/09/30 03:55:20.426, 44, 0 %, 2076 MiB, 300 MHz, 5.00 W, 0x0000000000000001
2026/09/30 03:55:30.450, 45, 0 %, 2076 MiB, 300 MHz, 5.06 W, 0x0000000000000001
2026/09/30 03:55:40.476, 45, 0 %, 2076 MiB, 300 MHz, 5.01 W, 0x0000000000000001
2026/09/30 03:55:50.501, 45, 0 %, 2076 MiB, 300 MHz, 5.01 W, 0x0000000000000001
2026/09/30 03:56:00.525, 45, 0 %, 2076 MiB, 300 MHz, 4.99 W, 0x0000000000000001
2026/09/30 03:56:10.550, 45, 0 %, 2076 MiB, 300 MHz, 5.02 W, 0x0000000000000001
2026/09/30 03:56:20.577, 45, 0 %, 2076 MiB, 300 MHz, 5.01 W, 0x0000000000000001
2026/09/30 03:56:30.600, 45, 0 %, 2076 MiB, 300 MHz, 5.08 W, 0x0000000000000001
2026/09/30 03:56:40.625, 45, 0 %, 2076 MiB, 300 MHz, 4.99 W, 0x0000000000000001
2026/09/30 03:56:50.649, 45, 0 %, 2076 MiB, 300 MHz, 5.05 W, 0x0000000000000001
2026/09/30 03:57:00.674, 45, 0 %, 2076 MiB, 300 MHz, 5.03 W, 0x0000000000000001
2026/09/30 03:57:10.698, 44, 0 %, 2076 MiB, 300 MHz, 5.04 W, 0x0000000000000001
2026/09/30 03:57:20.722, 44, 0 %, 2076 MiB, 300 MHz, 5.05 W, 0x0000000000000001
2026/09/30 03:57:30.747, 44, 0 %, 2076 MiB, 300 MHz, 5.05 W, 0x0000000000000001
2026/09/30 03:57:40.771, 44, 0 %, 2076 MiB, 300 MHz, 5.03 W, 0x0000000000000001
2026/09/30 03:57:50.794, 44, 0 %, 2076 MiB, 300 MHz, 5.03 W, 0x0000000000000001
2026/09/30 03:58:00.820, 44, 0 %, 2076 MiB, 300 MHz, 5.00 W, 0x0000000000000001
2026/09/30 03:58:10.845, 44, 0 %, 2076 MiB, 300 MHz, 5.01 W, 0x0000000000000001
2026/09/30 03:58:20.868, 44, 0 %, 2076 MiB, 300 MHz, 4.95 W, 0x0000000000000001
2026/09/30 03:58:30.894, 44, 0 %, 2076 MiB, 300 MHz, 5.04 W, 0x0000000000000001
2026/09/30 03:58:40.921, 44, 0 %, 2076 MiB, 300 MHz, 5.01 W, 0x0000000000000001
2026/09/30 03:58:50.946, 45, 0 %, 2076 MiB, 300 MHz, 5.08 W, 0x0000000000000001
2026/09/30 03:59:00.971, 45, 0 %, 2076 MiB, 300 MHz, 5.03 W, 0x0000000000000001
2026/09/30 03:59:10.995, 45, 0 %, 2076 MiB, 300 MHz, 5.03 W, 0x0000000000000001
2026/09/30 03:59:21.021, 44, 0 %, 2076 MiB, 300 MHz, 5.02 W, 0x0000000000000001
2026/09/30 03:59:31.045, 45, 0 %, 2076 MiB, 300 MHz, 5.08 W, 0x0000000000000001
2026/09/30 03:59:41.069, 45, 0 %, 2076 MiB, 300 MHz, 5.04 W, 0x0000000000000001
2026/09/30 03:59:51.093, 45, 0 %, 2076 MiB, 300 MHz, 5.03 W, 0x0000000000000001
2026/09/30 04:00:01.117, 45, 0 %, 2076 MiB, 300 MHz, 5.04 W, 0x0000000000000001
2026/09/30 04:00:11.142, 45, 0 %, 2076 MiB, 300 MHz, 5.10 W, 0x0000000000000001
2026/09/30 04:00:21.170, 45, 0 %, 2076 MiB, 300 MHz, 5.04 W, 0x0000000000000001
2026/09/30 04:00:31.196, 45, 0 %, 2076 MiB, 300 MHz, 5.01 W, 0x0000000000000001
2026/09/30 04:00:41.221, 45, 0 %, 2076 MiB, 300 MHz, 4.96 W, 0x0000000000000001
