timestamp, temperature.gpu, utilization.gpu [%], memory.used [MiB], memory.total [MiB], clocks.current.sm [MHz], power.draw [W], clocks_event_reasons.active
2026/10/03 22:45:45.981, 40, 0 %, 3 MiB, 4096 MiB, 300 MHz, 1.45 W, 0x0000000000000001
2026/10/03 22:45:56.005, 45, 10 %, 2704 MiB, 4096 MiB, 1470 MHz, 34.00 W, 0x0000000000000004
2026/10/03 22:46:06.009, 44, 0 %, 3897 MiB, 4096 MiB, 330 MHz, 5.18 W, 0x0000000000000001
2026/10/03 22:46:16.030, 43, 0 %, 3897 MiB, 4096 MiB, 300 MHz, 1.30 W, 0x0000000000000001
2026/10/03 22:46:26.054, 45, 0 %, 3897 MiB, 4096 MiB, 300 MHz, 1.40 W, 0x0000000000000001
2026/10/03 22:46:36.078, 46, 0 %, 3897 MiB, 4096 MiB, 300 MHz, 1.19 W, 0x0000000000000001
2026/10/03 22:46:46.102, 46, 0 %, 3897 MiB, 4096 MiB, 300 MHz, 1.38 W, 0x0000000000000001
2026/10/03 22:46:56.128, 47, 0 %, 3888 MiB, 4096 MiB, 300 MHz, 1.41 W, 0x0000000000000001
2026/10/03 22:47:06.149, 48, 0 %, 3888 MiB, 4096 MiB, 300 MHz, 1.44 W, 0x0000000000000001
2026/10/03 22:47:16.172, 48, 0 %, 3888 MiB, 4096 MiB, 300 MHz, 1.39 W, 0x0000000000000001
2026/10/03 22:47:26.194, 49, 0 %, 3888 MiB, 4096 MiB, 300 MHz, 1.39 W, 0x0000000000000001
2026/10/03 22:47:36.219, 49, 0 %, 3888 MiB, 4096 MiB, 300 MHz, 1.72 W, 0x0000000000000001
2026/10/03 22:47:46.241, 49, 0 %, 3888 MiB, 4096 MiB, 300 MHz, 1.51 W, 0x0000000000000001
2026/10/03 22:47:56.267, 50, 0 %, 3888 MiB, 4096 MiB, 300 MHz, 1.48 W, 0x0000000000000001
2026/10/03 22:48:06.293, 50, 0 %, 3888 MiB, 4096 MiB, 300 MHz, 1.50 W, 0x0000000000000001
2026/10/03 22:48:16.314, 50, 0 %, 3888 MiB, 4096 MiB, 300 MHz, 1.52 W, 0x0000000000000001
2026/10/03 22:48:26.336, 50, 0 %, 3888 MiB, 4096 MiB, 300 MHz, 1.57 W, 0x0000000000000001
2026/10/03 22:48:36.359, 50, 0 %, 3888 MiB, 4096 MiB, 300 MHz, 1.90 W, 0x0000000000000001
2026/10/03 22:48:46.385, 50, 0 %, 3888 MiB, 4096 MiB, 300 MHz, 1.50 W, 0x0000000000000001
2026/10/03 22:48:56.407, 50, 0 %, 3888 MiB, 4096 MiB, 300 MHz, 1.42 W, 0x0000000000000001
2026/10/03 22:49:06.432, 50, 0 %, 3888 MiB, 4096 MiB, 300 MHz, 1.46 W, 0x0000000000000001
2026/10/03 22:49:16.456, 50, 0 %, 3888 MiB, 4096 MiB, 300 MHz, 1.41 W, 0x0000000000000001
2026/10/03 22:49:26.481, 51, 0 %, 3888 MiB, 4096 MiB, 300 MHz, 1.45 W, 0x0000000000000001
2026/10/03 22:49:36.505, 51, 0 %, 3888 MiB, 4096 MiB, 300 MHz, 1.46 W, 0x0000000000000001
2026/10/03 22:49:46.528, 51, 0 %, 3888 MiB, 4096 MiB, 300 MHz, 1.89 W, 0x0000000000000001
2026/10/03 22:49:56.550, 51, 0 %, 3888 MiB, 4096 MiB, 300 MHz, 1.65 W, 0x0000000000000001
2026/10/03 22:50:06.578, 51, 0 %, 3888 MiB, 4096 MiB, 300 MHz, 1.62 W, 0x0000000000000001
2026/10/03 22:50:16.599, 51, 0 %, 3888 MiB, 4096 MiB, 300 MHz, 1.64 W, 0x0000000000000001
2026/10/03 22:50:26.621, 51, 0 %, 3888 MiB, 4096 MiB, 300 MHz, 1.63 W, 0x0000000000000001
2026/10/03 22:50:36.647, 51, 0 %, 3888 MiB, 4096 MiB, 300 MHz, 1.59 W, 0x0000000000000001
2026/10/03 22:50:46.670, 51, 0 %, 3888 MiB, 4096 MiB, 300 MHz, 1.66 W, 0x0000000000000001
2026/10/03 22:50:56.693, 50, 0 %, 3888 MiB, 4096 MiB, 300 MHz, 1.61 W, 0x0000000000000001
2026/10/03 22:51:06.719, 50, 0 %, 3888 MiB, 4096 MiB, 300 MHz, 1.42 W, 0x0000000000000001
2026/10/03 22:51:16.741, 50, 0 %, 3888 MiB, 4096 MiB, 300 MHz, 1.28 W, 0x0000000000000001
2026/10/03 22:51:26.763, 50, 0 %, 3888 MiB, 4096 MiB, 300 MHz, 1.28 W, 0x0000000000000001
2026/10/03 22:51:36.787, 50, 0 %, 3888 MiB, 4096 MiB, 300 MHz, 1.28 W, 0x0000000000000001
2026/10/03 22:51:46.813, 50, 0 %, 3888 MiB, 4096 MiB, 300 MHz, 1.26 W, 0x0000000000000001
2026/10/03 22:51:56.835, 50, 0 %, 3888 MiB, 4096 MiB, 300 MHz, 1.33 W, 0x0000000000000001
2026/10/03 22:52:06.858, 50, 0 %, 3888 MiB, 4096 MiB, 300 MHz, 1.50 W, 0x0000000000000001
2026/10/03 22:52:16.881, 50, 0 %, 3888 MiB, 4096 MiB, 300 MHz, 1.26 W, 0x0000000000000001
2026/10/03 22:52:26.907, 50, 0 %, 3888 MiB, 4096 MiB, 300 MHz, 1.27 W, 0x0000000000000001
2026/10/03 22:52:36.930, 50, 0 %, 3888 MiB, 4096 MiB, 300 MHz, 1.34 W, 0x0000000000000001
2026/10/03 22:52:46.955, 50, 0 %, 3888 MiB, 4096 MiB, 300 MHz, 1.34 W, 0x0000000000000001
2026/10/03 22:52:56.980, 50, 0 %, 3888 MiB, 4096 MiB, 300 MHz, 1.34 W, 0x0000000000000001
2026/10/03 22:53:07.003, 50, 0 %, 3888 MiB, 4096 MiB, 300 MHz, 1.73 W, 0x0000000000000001
2026/10/03 22:53:17.026, 50, 0 %, 3888 MiB, 4096 MiB, 300 MHz, 1.35 W, 0x0000000000000001
2026/10/03 22:53:27.049, 51, 0 %, 3888 MiB, 4096 MiB, 300 MHz, 1.21 W, 0x0000000000000001
2026/10/03 22:53:37.076, 50, 0 %, 3888 MiB, 4096 MiB, 300 MHz, 1.45 W, 0x0000000000000001
2026/10/03 22:53:47.101, 50, 0 %, 3888 MiB, 4096 MiB, 300 MHz, 1.29 W, 0x0000000000000001
2026/10/03 22:53:57.124, 51, 0 %, 3888 MiB, 4096 MiB, 300 MHz, 1.48 W, 0x0000000000000001
2026/10/03 22:54:07.146, 50, 0 %, 3888 MiB, 4096 MiB, 300 MHz, 1.47 W, 0x0000000000000001
2026/10/03 22:54:17.168, 51, 0 %, 3888 MiB, 4096 MiB, 300 MHz, 1.88 W, 0x0000000000000001
2026/10/03 22:54:27.190, 51, 0 %, 3888 MiB, 4096 MiB, 300 MHz, 1.54 W, 0x0000000000000001
2026/10/03 22:54:37.213, 51, 0 %, 3888 MiB, 4096 MiB, 300 MHz, 1.58 W, 0x0000000000000001
2026/10/03 22:54:47.239, 51, 0 %, 3888 MiB, 4096 MiB, 300 MHz, 1.51 W, 0x0000000000000001
2026/10/03 22:54:57.261, 51, 0 %, 3888 MiB, 4096 MiB, 300 MHz, 1.51 W, 0x0000000000000001
2026/10/03 22:55:07.286, 51, 0 %, 37 MiB, 4096 MiB, 300 MHz, 1.56 W, 0x0000000000000001
2026/10/03 22:55:17.313, 51, 0 %, 37 MiB, 4096 MiB, 300 MHz, 1.52 W, 0x0000000000000001
2026/10/03 22:55:27.338, 51, 0 %, 37 MiB, 4096 MiB, 300 MHz, 1.88 W, 0x0000000000000001
2026/10/03 22:55:37.363, 51, 0 %, 37 MiB, 4096 MiB, 300 MHz, 1.34 W, 0x0000000000000001
2026/10/03 22:55:47.387, 51, 0 %, 37 MiB, 4096 MiB, 300 MHz, 1.41 W, 0x0000000000000001
2026/10/03 22:55:57.415, 51, 0 %, 37 MiB, 4096 MiB, 300 MHz, 1.42 W, 0x0000000000000001
2026/10/03 22:56:07.440, 51, 0 %, 35 MiB, 4096 MiB, 300 MHz, 1.28 W, 0x0000000000000001
2026/10/03 22:56:17.463, 51, 0 %, 35 MiB, 4096 MiB, 300 MHz, 1.32 W, 0x0000000000000001
2026/10/03 22:56:27.486, 51, 0 %, 35 MiB, 4096 MiB, 300 MHz, 1.97 W, 0x0000000000000001
2026/10/03 22:56:37.511, 51, 0 %, 35 MiB, 4096 MiB, 300 MHz, 1.69 W, 0x0000000000000001
2026/10/03 22:56:47.541, 51, 0 %, 35 MiB, 4096 MiB, 300 MHz, 1.21 W, 0x0000000000000001
2026/10/03 22:56:57.569, 51, 0 %, 35 MiB, 4096 MiB, 300 MHz, 1.59 W, 0x0000000000000001
2026/10/03 22:57:07.594, 51, 0 %, 35 MiB, 4096 MiB, 300 MHz, 1.22 W, 0x0000000000000001
2026/10/03 22:57:17.622, 51, 0 %, 35 MiB, 4096 MiB, 300 MHz, 1.18 W, 0x0000000000000001
2026/10/03 22:57:27.643, 51, 0 %, 35 MiB, 4096 MiB, 300 MHz, 1.89 W, 0x0000000000000001
2026/10/03 22:57:37.666, 51, 0 %, 35 MiB, 4096 MiB, 300 MHz, 1.43 W, 0x0000000000000001
2026/10/03 22:57:47.689, 51, 0 %, 35 MiB, 4096 MiB, 300 MHz, 1.26 W, 0x0000000000000001
2026/10/03 22:57:57.712, 51, 0 %, 35 MiB, 4096 MiB, 300 MHz, 1.42 W, 0x0000000000000001
2026/10/03 22:58:07.738, 51, 0 %, 35 MiB, 4096 MiB, 300 MHz, 1.36 W, 0x0000000000000001
2026/10/03 22:58:17.760, 51, 0 %, 35 MiB, 4096 MiB, 300 MHz, 1.31 W, 0x0000000000000001
2026/10/03 22:58:27.782, 51, 0 %, 35 MiB, 4096 MiB, 300 MHz, 1.41 W, 0x0000000000000001
2026/10/03 22:58:37.809, 51, 0 %, 35 MiB, 4096 MiB, 300 MHz, 1.53 W, 0x0000000000000001
2026/10/03 22:58:47.831, 51, 0 %, 35 MiB, 4096 MiB, 300 MHz, 1.37 W, 0x0000000000000001
2026/10/03 22:58:57.856, 51, 0 %, 35 MiB, 4096 MiB, 300 MHz, 1.44 W, 0x0000000000000001
2026/10/03 22:59:07.880, 51, 0 %, 35 MiB, 4096 MiB, 300 MHz, 1.58 W, 0x0000000000000001
2026/10/03 22:59:17.903, 51, 0 %, 35 MiB, 4096 MiB, 300 MHz, 1.23 W, 0x0000000000000001
2026/10/03 22:59:27.928, 51, 0 %, 35 MiB, 4096 MiB, 300 MHz, 1.27 W, 0x0000000000000001
2026/10/03 22:59:37.952, 51, 0 %, 35 MiB, 4096 MiB, 300 MHz, 1.68 W, 0x0000000000000001
2026/10/03 22:59:47.977, 51, 0 %, 35 MiB, 4096 MiB, 300 MHz, 1.48 W, 0x0000000000000001
2026/10/03 22:59:58.000, 51, 0 %, 35 MiB, 4096 MiB, 300 MHz, 1.39 W, 0x0000000000000001
2026/10/03 23:00:08.025, 51, 0 %, 35 MiB, 4096 MiB, 300 MHz, 1.38 W, 0x0000000000000001
2026/10/03 23:00:18.048, 51, 0 %, 35 MiB, 4096 MiB, 300 MHz, 1.61 W, 0x0000000000000001
2026/10/03 23:00:28.072, 51, 0 %, 35 MiB, 4096 MiB, 300 MHz, 1.31 W, 0x0000000000000001
2026/10/03 23:00:38.095, 51, 0 %, 35 MiB, 4096 MiB, 300 MHz, 1.67 W, 0x0000000000000001
2026/10/03 23:00:48.117, 51, 0 %, 35 MiB, 4096 MiB, 300 MHz, 1.55 W, 0x0000000000000001
2026/10/03 23:00:58.141, 51, 0 %, 35 MiB, 4096 MiB, 300 MHz, 1.18 W, 0x0000000000000001
2026/10/03 23:01:08.163, 51, 0 %, 35 MiB, 4096 MiB, 300 MHz, 1.15 W, 0x0000000000000001
2026/10/03 23:01:18.186, 51, 0 %, 35 MiB, 4096 MiB, 300 MHz, 1.44 W, 0x0000000000000001
2026/10/03 23:01:28.211, 51, 0 %, 35 MiB, 4096 MiB, 300 MHz, 1.25 W, 0x0000000000000001
2026/10/03 23:01:38.234, 51, 0 %, 35 MiB, 4096 MiB, 300 MHz, 1.16 W, 0x0000000000000001
2026/10/03 23:01:48.261, 51, 0 %, 35 MiB, 4096 MiB, 300 MHz, 1.56 W, 0x0000000000000001
2026/10/03 23:01:58.283, 51, 0 %, 35 MiB, 4096 MiB, 300 MHz, 1.31 W, 0x0000000000000001
2026/10/03 23:02:08.308, 51, 0 %, 35 MiB, 4096 MiB, 300 MHz, 1.34 W, 0x0000000000000001
2026/10/03 23:02:18.336, 51, 0 %, 35 MiB, 4096 MiB, 300 MHz, 1.54 W, 0x0000000000000001
2026/10/03 23:02:28.358, 51, 0 %, 35 MiB, 4096 MiB, 300 MHz, 1.42 W, 0x0000000000000001
2026/10/03 23:02:38.381, 51, 0 %, 35 MiB, 4096 MiB, 300 MHz, 1.49 W, 0x0000000000000001
2026/10/03 23:02:48.404, 51, 0 %, 35 MiB, 4096 MiB, 300 MHz, 1.89 W, 0x0000000000000001
2026/10/03 23:02:58.429, 51, 0 %, 35 MiB, 4096 MiB, 300 MHz, 1.32 W, 0x0000000000000001
2026/10/03 23:03:08.452, 51, 0 %, 35 MiB, 4096 MiB, 300 MHz, 1.05 W, 0x0000000000000001
2026/10/03 23:03:18.476, 51, 0 %, 35 MiB, 4096 MiB, 300 MHz, 1.41 W, 0x0000000000000001
2026/10/03 23:03:28.500, 51, 0 %, 35 MiB, 4096 MiB, 300 MHz, 1.26 W, 0x0000000000000001
2026/10/03 23:03:38.524, 51, 0 %, 35 MiB, 4096 MiB, 300 MHz, 1.28 W, 0x0000000000000001
2026/10/03 23:03:48.546, 51, 0 %, 35 MiB, 4096 MiB, 300 MHz, 1.52 W, 0x0000000000000001
2026/10/03 23:03:58.568, 51, 0 %, 35 MiB, 4096 MiB, 300 MHz, 1.74 W, 0x0000000000000001
2026/10/03 23:04:08.594, 51, 0 %, 35 MiB, 4096 MiB, 300 MHz, 1.30 W, 0x0000000000000001
2026/10/03 23:04:18.616, 51, 0 %, 35 MiB, 4096 MiB, 300 MHz, 1.51 W, 0x0000000000000001
2026/10/03 23:04:28.641, 51, 0 %, 35 MiB, 4096 MiB, 300 MHz, 1.34 W, 0x0000000000000001
2026/10/03 23:04:38.668, 51, 0 %, 35 MiB, 4096 MiB, 300 MHz, 1.31 W, 0x0000000000000001
2026/10/03 23:04:48.692, 51, 0 %, 35 MiB, 4096 MiB, 300 MHz, 1.60 W, 0x0000000000000001
2026/10/03 23:04:58.714, 51, 0 %, 35 MiB, 4096 MiB, 300 MHz, 1.33 W, 0x0000000000000001
2026/10/03 23:05:08.738, 51, 0 %, 35 MiB, 4096 MiB, 300 MHz, 1.53 W, 0x0000000000000001
2026/10/03 23:05:18.760, 51, 0 %, 35 MiB, 4096 MiB, 300 MHz, 1.23 W, 0x0000000000000001
2026/10/03 23:05:28.783, 51, 0 %, 35 MiB, 4096 MiB, 300 MHz, 1.30 W, 0x0000000000000001
2026/10/03 23:05:38.805, 51, 0 %, 35 MiB, 4096 MiB, 300 MHz, 1.25 W, 0x0000000000000001
2026/10/03 23:05:48.827, 51, 0 %, 35 MiB, 4096 MiB, 300 MHz, 1.24 W, 0x0000000000000001
2026/10/03 23:05:58.849, 51, 0 %, 35 MiB, 4096 MiB, 300 MHz, 1.35 W, 0x0000000000000001
2026/10/03 23:06:08.873, 51, 0 %, 35 MiB, 4096 MiB, 300 MHz, 1.25 W, 0x0000000000000001
2026/10/03 23:06:18.895, 51, 0 %, 35 MiB, 4096 MiB, 300 MHz, 1.64 W, 0x0000000000000001
2026/10/03 23:06:28.919, 51, 0 %, 35 MiB, 4096 MiB, 300 MHz, 1.16 W, 0x0000000000000001
2026/10/03 23:06:38.941, 51, 0 %, 35 MiB, 4096 MiB, 300 MHz, 1.39 W, 0x0000000000000001
2026/10/03 23:06:48.963, 51, 0 %, 35 MiB, 4096 MiB, 300 MHz, 1.20 W, 0x0000000000000001
2026/10/03 23:06:58.985, 51, 0 %, 35 MiB, 4096 MiB, 300 MHz, 1.23 W, 0x0000000000000001
2026/10/03 23:07:09.007, 51, 0 %, 35 MiB, 4096 MiB, 300 MHz, 1.37 W, 0x0000000000000001
2026/10/03 23:07:19.029, 51, 0 %, 35 MiB, 4096 MiB, 300 MHz, 1.32 W, 0x0000000000000001
2026/10/03 23:07:29.054, 51, 0 %, 35 MiB, 4096 MiB, 300 MHz, 1.53 W, 0x0000000000000001
2026/10/03 23:07:39.080, 51, 0 %, 35 MiB, 4096 MiB, 300 MHz, 1.54 W, 0x0000000000000001
2026/10/03 23:07:49.102, 51, 0 %, 35 MiB, 4096 MiB, 300 MHz, 1.33 W, 0x0000000000000001
2026/10/03 23:07:59.125, 51, 0 %, 35 MiB, 4096 MiB, 300 MHz, 1.41 W, 0x0000000000000001
2026/10/03 23:08:09.147, 51, 0 %, 35 MiB, 4096 MiB, 300 MHz, 1.53 W, 0x0000000000000001
2026/10/03 23:08:19.172, 51, 0 %, 35 MiB, 4096 MiB, 300 MHz, 1.37 W, 0x0000000000000001
2026/10/03 23:08:29.195, 51, 0 %, 35 MiB, 4096 MiB, 300 MHz, 1.61 W, 0x0000000000000001
2026/10/03 23:08:39.217, 51, 0 %, 35 MiB, 4096 MiB, 300 MHz, 1.42 W, 0x0000000000000001
2026/10/03 23:08:49.242, 51, 0 %, 35 MiB, 4096 MiB, 300 MHz, 1.24 W, 0x0000000000000001
2026/10/03 23:08:59.264, 51, 0 %, 35 MiB, 4096 MiB, 300 MHz, 1.17 W, 0x0000000000000001
2026/10/03 23:09:09.286, 51, 0 %, 35 MiB, 4096 MiB, 300 MHz, 1.47 W, 0x0000000000000001
2026/10/03 23:09:19.308, 51, 0 %, 35 MiB, 4096 MiB, 300 MHz, 1.19 W, 0x0000000000000001
2026/10/03 23:09:29.333, 51, 0 %, 35 MiB, 4096 MiB, 300 MHz, 1.27 W, 0x0000000000000001
2026/10/03 23:09:39.355, 51, 0 %, 35 MiB, 4096 MiB, 300 MHz, 1.75 W, 0x0000000000000001
2026/10/03 23:09:49.377, 51, 0 %, 35 MiB, 4096 MiB, 300 MHz, 1.26 W, 0x0000000000000001
2026/10/03 23:09:59.403, 51, 0 %, 35 MiB, 4096 MiB, 300 MHz, 1.51 W, 0x0000000000000001
2026/10/03 23:10:09.425, 51, 0 %, 35 MiB, 4096 MiB, 300 MHz, 1.44 W, 0x0000000000000001
2026/10/03 23:10:19.447, 51, 0 %, 35 MiB, 4096 MiB, 300 MHz, 1.37 W, 0x0000000000000001
2026/10/03 23:10:29.471, 51, 0 %, 35 MiB, 4096 MiB, 300 MHz, 1.38 W, 0x0000000000000001
2026/10/03 23:10:39.497, 51, 0 %, 35 MiB, 4096 MiB, 300 MHz, 1.93 W, 0x0000000000000001
2026/10/03 23:10:49.521, 51, 0 %, 35 MiB, 4096 MiB, 300 MHz, 1.33 W, 0x0000000000000001
2026/10/03 23:10:59.546, 51, 0 %, 35 MiB, 4096 MiB, 300 MHz, 1.18 W, 0x0000000000000001
2026/10/03 23:11:09.568, 51, 0 %, 35 MiB, 4096 MiB, 300 MHz, 1.45 W, 0x0000000000000001
2026/10/03 23:11:19.594, 51, 0 %, 35 MiB, 4096 MiB, 300 MHz, 1.33 W, 0x0000000000000001
2026/10/03 23:11:29.615, 52, 0 %, 35 MiB, 4096 MiB, 300 MHz, 1.40 W, 0x0000000000000001
2026/10/03 23:11:39.640, 51, 0 %, 35 MiB, 4096 MiB, 300 MHz, 1.52 W, 0x0000000000000001
2026/10/03 23:11:49.665, 51, 0 %, 35 MiB, 4096 MiB, 300 MHz, 1.73 W, 0x0000000000000001
2026/10/03 23:11:59.690, 51, 0 %, 35 MiB, 4096 MiB, 300 MHz, 1.44 W, 0x0000000000000001
2026/10/03 23:12:09.716, 52, 0 %, 35 MiB, 4096 MiB, 300 MHz, 1.56 W, 0x0000000000000001
2026/10/03 23:12:19.742, 51, 0 %, 35 MiB, 4096 MiB, 300 MHz, 1.40 W, 0x0000000000000001
2026/10/03 23:12:29.768, 52, 0 %, 35 MiB, 4096 MiB, 300 MHz, 1.44 W, 0x0000000000000001
2026/10/03 23:12:39.790, 52, 0 %, 35 MiB, 4096 MiB, 300 MHz, 1.42 W, 0x0000000000000001
2026/10/03 23:12:49.817, 51, 0 %, 35 MiB, 4096 MiB, 300 MHz, 1.55 W, 0x0000000000000001
2026/10/03 23:12:59.842, 52, 0 %, 35 MiB, 4096 MiB, 300 MHz, 1.37 W, 0x0000000000000001
2026/10/03 23:13:09.868, 51, 0 %, 35 MiB, 4096 MiB, 300 MHz, 1.30 W, 0x0000000000000001
2026/10/03 23:13:19.890, 52, 0 %, 35 MiB, 4096 MiB, 300 MHz, 1.49 W, 0x0000000000000001
2026/10/03 23:13:29.912, 51, 0 %, 35 MiB, 4096 MiB, 300 MHz, 1.56 W, 0x0000000000000001
2026/10/03 23:13:39.935, 51, 0 %, 35 MiB, 4096 MiB, 300 MHz, 1.41 W, 0x0000000000000001
2026/10/03 23:13:49.961, 51, 0 %, 35 MiB, 4096 MiB, 300 MHz, 1.78 W, 0x0000000000000001
2026/10/03 23:13:59.984, 51, 0 %, 35 MiB, 4096 MiB, 300 MHz, 1.62 W, 0x0000000000000001
2026/10/03 23:14:10.009, 51, 0 %, 35 MiB, 4096 MiB, 300 MHz, 1.63 W, 0x0000000000000001
2026/10/03 23:14:20.033, 52, 0 %, 35 MiB, 4096 MiB, 300 MHz, 1.46 W, 0x0000000000000001
2026/10/03 23:14:30.055, 51, 0 %, 35 MiB, 4096 MiB, 300 MHz, 1.49 W, 0x0000000000000001
2026/10/03 23:14:40.081, 51, 0 %, 35 MiB, 4096 MiB, 300 MHz, 1.23 W, 0x0000000000000001
2026/10/03 23:14:50.104, 51, 0 %, 35 MiB, 4096 MiB, 300 MHz, 1.27 W, 0x0000000000000001
2026/10/03 23:15:00.129, 51, 0 %, 35 MiB, 4096 MiB, 300 MHz, 1.59 W, 0x0000000000000001
2026/10/03 23:15:10.151, 52, 0 %, 35 MiB, 4096 MiB, 300 MHz, 1.45 W, 0x0000000000000001
2026/10/03 23:15:20.179, 51, 0 %, 35 MiB, 4096 MiB, 300 MHz, 1.16 W, 0x0000000000000001
2026/10/03 23:15:30.203, 51, 0 %, 5 MiB, 4096 MiB, 300 MHz, 1.61 W, 0x0000000000000001
2026/10/03 23:15:40.226, 49, 0 %, 5 MiB, 4096 MiB, 300 MHz, 1.56 W, 0x0000000000000001
2026/10/03 23:15:50.250, 48, 0 %, 5 MiB, 4096 MiB, 300 MHz, 1.52 W, 0x0000000000000001
