timestamp, utilization.gpu [%], memory.used [MiB], clocks.current.sm [MHz], power.draw [W]
2026/10/03 23:45:10.415, 0 %, 5 MiB, 300 MHz, 1.56 W
2026/10/03 23:45:15.418, 0 %, 23 MiB, 855 MHz, 13.18 W
2026/10/03 23:45:20.420, 1 %, 266 MiB, 300 MHz, 1.29 W
2026/10/03 23:45:25.423, 0 %, 266 MiB, 300 MHz, 1.46 W
2026/10/03 23:45:30.426, 0 %, 266 MiB, 300 MHz, 1.66 W
2026/10/03 23:45:35.429, 0 %, 266 MiB, 300 MHz, 1.31 W
2026/10/03 23:45:40.432, 0 %, 266 MiB, 300 MHz, 1.32 W
2026/10/03 23:45:45.435, 0 %, 266 MiB, 300 MHz, 1.41 W
2026/10/03 23:45:50.441, 0 %, 266 MiB, 300 MHz, 1.30 W
2026/10/03 23:45:55.443, 0 %, 266 MiB, 300 MHz, 1.21 W
2026/10/03 23:46:00.449, 0 %, 266 MiB, 300 MHz, 1.55 W
2026/10/03 23:46:05.453, 0 %, 266 MiB, 300 MHz, 1.50 W
2026/10/03 23:46:10.456, 0 %, 266 MiB, 300 MHz, 1.34 W
2026/10/03 23:46:15.459, 0 %, 266 MiB, 300 MHz, 1.56 W
2026/10/03 23:46:20.462, 0 %, 266 MiB, 300 MHz, 1.31 W
2026/10/03 23:46:25.465, 0 %, 266 MiB, 300 MHz, 1.58 W
2026/10/03 23:46:30.471, 0 %, 266 MiB, 300 MHz, 1.36 W
2026/10/03 23:46:35.474, 0 %, 266 MiB, 300 MHz, 1.54 W
2026/10/03 23:46:40.476, 0 %, 266 MiB, 300 MHz, 1.57 W
2026/10/03 23:46:45.489, 0 %, 266 MiB, 300 MHz, 1.54 W
2026/10/03 23:46:50.494, 0 %, 266 MiB, 300 MHz, 1.52 W
2026/10/03 23:46:55.497, 0 %, 266 MiB, 300 MHz, 1.50 W
2026/10/03 23:47:00.501, 0 %, 266 MiB, 300 MHz, 1.52 W
2026/10/03 23:47:05.503, 0 %, 266 MiB, 300 MHz, 1.51 W
2026/10/03 23:47:10.506, 0 %, 266 MiB, 300 MHz, 1.54 W
2026/10/03 23:47:15.508, 0 %, 266 MiB, 300 MHz, 1.55 W
2026/10/03 23:47:20.511, 0 %, 266 MiB, 300 MHz, 1.62 W
2026/10/03 23:47:25.517, 0 %, 266 MiB, 300 MHz, 1.55 W
2026/10/03 23:47:30.520, 0 %, 266 MiB, 300 MHz, 1.55 W
2026/10/03 23:47:35.523, 0 %, 266 MiB, 300 MHz, 1.55 W
2026/10/03 23:47:40.528, 0 %, 266 MiB, 300 MHz, 1.50 W
2026/10/03 23:47:45.531, 0 %, 266 MiB, 300 MHz, 1.58 W
2026/10/03 23:47:50.535, 0 %, 266 MiB, 300 MHz, 1.52 W
2026/10/03 23:47:55.538, 0 %, 266 MiB, 300 MHz, 1.53 W
2026/10/03 23:48:00.541, 0 %, 266 MiB, 300 MHz, 1.50 W
2026/10/03 23:48:05.543, 0 %, 266 MiB, 300 MHz, 1.62 W
2026/10/03 23:48:10.546, 0 %, 266 MiB, 300 MHz, 1.54 W
2026/10/03 23:48:15.552, 0 %, 266 MiB, 300 MHz, 1.53 W
2026/10/03 23:48:20.557, 0 %, 266 MiB, 300 MHz, 1.55 W
2026/10/03 23:48:25.560, 0 %, 266 MiB, 300 MHz, 1.46 W
2026/10/03 23:48:30.562, 0 %, 266 MiB, 300 MHz, 1.48 W
2026/10/03 23:48:35.565, 0 %, 266 MiB, 300 MHz, 1.28 W
2026/10/03 23:48:40.568, 0 %, 266 MiB, 300 MHz, 1.58 W
2026/10/03 23:48:45.570, 0 %, 266 MiB, 300 MHz, 1.53 W
2026/10/03 23:48:50.573, 0 %, 266 MiB, 300 MHz, 1.60 W
2026/10/03 23:48:55.580, 0 %, 266 MiB, 300 MHz, 1.46 W
2026/10/03 23:49:00.583, 0 %, 266 MiB, 300 MHz, 1.48 W
2026/10/03 23:49:05.586, 0 %, 266 MiB, 300 MHz, 1.55 W
2026/10/03 23:49:10.589, 0 %, 266 MiB, 300 MHz, 1.54 W
2026/10/03 23:49:15.593, 0 %, 266 MiB, 300 MHz, 1.51 W
2026/10/03 23:49:20.598, 0 %, 266 MiB, 300 MHz, 1.51 W
2026/10/03 23:49:25.600, 0 %, 266 MiB, 300 MHz, 1.58 W
2026/10/03 23:49:30.606, 0 %, 266 MiB, 300 MHz, 1.53 W
2026/10/03 23:49:35.608, 0 %, 266 MiB, 300 MHz, 1.53 W
2026/10/03 23:49:40.611, 0 %, 266 MiB, 300 MHz, 1.57 W
2026/10/03 23:49:45.614, 0 %, 266 MiB, 300 MHz, 1.64 W
2026/10/03 23:49:50.618, 0 %, 266 MiB, 300 MHz, 1.56 W
2026/10/03 23:49:55.622, 0 %, 266 MiB, 300 MHz, 1.50 W
2026/10/03 23:50:00.624, 0 %, 266 MiB, 300 MHz, 1.53 W
2026/10/03 23:50:05.627, 0 %, 266 MiB, 300 MHz, 1.52 W
2026/10/03 23:50:10.629, 0 %, 266 MiB, 300 MHz, 1.53 W
2026/10/03 23:50:15.634, 0 %, 266 MiB, 300 MHz, 1.52 W
2026/10/03 23:50:20.636, 0 %, 266 MiB, 300 MHz, 1.48 W
2026/10/03 23:50:25.638, 0 %, 266 MiB, 300 MHz, 1.56 W
2026/10/03 23:50:30.641, 0 %, 266 MiB, 300 MHz, 1.48 W
2026/10/03 23:50:35.645, 0 %, 266 MiB, 300 MHz, 1.51 W
2026/10/03 23:50:40.658, 0 %, 266 MiB, 300 MHz, 1.49 W
2026/10/03 23:50:45.661, 0 %, 266 MiB, 300 MHz, 1.54 W
2026/10/03 23:50:50.664, 0 %, 266 MiB, 300 MHz, 1.53 W
2026/10/03 23:50:55.667, 0 %, 266 MiB, 300 MHz, 1.49 W
2026/10/03 23:51:00.670, 0 %, 266 MiB, 300 MHz, 1.52 W
2026/10/03 23:51:05.673, 0 %, 266 MiB, 300 MHz, 1.48 W
2026/10/03 23:51:10.676, 0 %, 266 MiB, 300 MHz, 1.57 W
2026/10/03 23:51:15.679, 0 %, 266 MiB, 300 MHz, 1.49 W
2026/10/03 23:51:20.682, 0 %, 266 MiB, 300 MHz, 1.46 W
2026/10/03 23:51:25.685, 0 %, 266 MiB, 300 MHz, 1.45 W
2026/10/03 23:51:30.688, 0 %, 266 MiB, 300 MHz, 1.47 W
2026/10/03 23:51:35.691, 0 %, 266 MiB, 300 MHz, 1.53 W
2026/10/03 23:51:40.694, 0 %, 266 MiB, 300 MHz, 1.05 W
2026/10/03 23:51:45.697, 0 %, 266 MiB, 300 MHz, 1.55 W
2026/10/03 23:51:50.700, 0 %, 266 MiB, 300 MHz, 1.43 W
2026/10/03 23:51:55.703, 0 %, 266 MiB, 300 MHz, 1.52 W
2026/10/03 23:52:00.707, 0 %, 266 MiB, 300 MHz, 1.05 W
2026/10/03 23:52:05.709, 0 %, 266 MiB, 300 MHz, 1.43 W
2026/10/03 23:52:10.712, 0 %, 266 MiB, 300 MHz, 1.50 W
2026/10/03 23:52:15.715, 0 %, 266 MiB, 300 MHz, 1.49 W
2026/10/03 23:52:20.718, 0 %, 266 MiB, 300 MHz, 1.48 W
2026/10/03 23:52:25.725, 0 %, 266 MiB, 300 MHz, 1.49 W
2026/10/03 23:52:30.732, 0 %, 266 MiB, 300 MHz, 1.49 W
2026/10/03 23:52:35.734, 0 %, 266 MiB, 300 MHz, 1.46 W
2026/10/03 23:52:40.737, 0 %, 266 MiB, 300 MHz, 1.50 W
2026/10/03 23:52:45.740, 0 %, 266 MiB, 300 MHz, 1.46 W
2026/10/03 23:52:50.743, 0 %, 266 MiB, 300 MHz, 1.45 W
2026/10/03 23:52:55.746, 0 %, 266 MiB, 300 MHz, 1.63 W
2026/10/03 23:53:00.749, 0 %, 266 MiB, 300 MHz, 1.29 W
2026/10/03 23:53:05.752, 0 %, 266 MiB, 300 MHz, 1.50 W
2026/10/03 23:53:10.758, 0 %, 266 MiB, 300 MHz, 1.17 W
2026/10/03 23:53:15.761, 0 %, 266 MiB, 300 MHz, 1.57 W
2026/10/03 23:53:20.768, 0 %, 266 MiB, 300 MHz, 1.28 W
2026/10/03 23:53:25.771, 0 %, 266 MiB, 300 MHz, 1.23 W
2026/10/03 23:53:30.774, 0 %, 266 MiB, 300 MHz, 1.27 W
2026/10/03 23:53:35.776, 0 %, 266 MiB, 300 MHz, 1.16 W
2026/10/03 23:53:40.779, 0 %, 266 MiB, 300 MHz, 1.38 W
2026/10/03 23:53:45.781, 0 %, 266 MiB, 300 MHz, 1.53 W
2026/10/03 23:53:50.784, 0 %, 266 MiB, 300 MHz, 1.50 W
2026/10/03 23:53:55.787, 0 %, 266 MiB, 300 MHz, 1.55 W
2026/10/03 23:54:00.790, 0 %, 266 MiB, 300 MHz, 1.55 W
2026/10/03 23:54:05.792, 0 %, 266 MiB, 300 MHz, 1.48 W
2026/10/03 23:54:10.795, 0 %, 266 MiB, 300 MHz, 1.57 W
2026/10/03 23:54:15.797, 0 %, 266 MiB, 300 MHz, 1.59 W
2026/10/03 23:54:20.800, 0 %, 266 MiB, 300 MHz, 1.52 W
2026/10/03 23:54:25.803, 0 %, 266 MiB, 300 MHz, 1.51 W
2026/10/03 23:54:30.806, 0 %, 266 MiB, 300 MHz, 1.56 W
2026/10/03 23:54:35.809, 0 %, 266 MiB, 300 MHz, 1.53 W
2026/10/03 23:54:40.811, 0 %, 266 MiB, 300 MHz, 1.58 W
2026/10/03 23:54:45.814, 0 %, 266 MiB, 300 MHz, 1.38 W
2026/10/03 23:54:50.821, 0 %, 266 MiB, 300 MHz, 1.52 W
2026/10/03 23:54:55.823, 0 %, 266 MiB, 300 MHz, 1.54 W
2026/10/03 23:55:00.828, 0 %, 266 MiB, 300 MHz, 1.53 W
2026/10/03 23:55:05.830, 0 %, 266 MiB, 300 MHz, 1.58 W
2026/10/03 23:55:10.843, 0 %, 266 MiB, 300 MHz, 1.51 W
2026/10/03 23:55:15.847, 0 %, 266 MiB, 300 MHz, 1.51 W
2026/10/03 23:55:20.850, 0 %, 266 MiB, 300 MHz, 1.50 W
2026/10/03 23:55:25.856, 0 %, 266 MiB, 300 MHz, 1.60 W
2026/10/03 23:55:30.858, 0 %, 266 MiB, 300 MHz, 1.68 W
2026/10/03 23:55:35.861, 0 %, 266 MiB, 300 MHz, 1.58 W
2026/10/03 23:55:40.864, 0 %, 266 MiB, 300 MHz, 1.57 W
2026/10/03 23:55:45.867, 0 %, 266 MiB, 300 MHz, 1.69 W
2026/10/03 23:55:50.869, 0 %, 266 MiB, 300 MHz, 1.64 W
2026/10/03 23:55:55.872, 0 %, 266 MiB, 300 MHz, 1.64 W
2026/10/03 23:56:00.875, 0 %, 266 MiB, 300 MHz, 1.46 W
2026/10/03 23:56:05.877, 0 %, 266 MiB, 300 MHz, 1.62 W
2026/10/03 23:56:10.880, 0 %, 266 MiB, 300 MHz, 1.61 W
2026/10/03 23:56:15.882, 0 %, 266 MiB, 300 MHz, 1.58 W
2026/10/03 23:56:20.884, 0 %, 266 MiB, 300 MHz, 1.58 W
2026/10/03 23:56:25.887, 0 %, 266 MiB, 300 MHz, 1.65 W
2026/10/03 23:56:30.890, 0 %, 266 MiB, 300 MHz, 1.66 W
2026/10/03 23:56:35.893, 0 %, 266 MiB, 300 MHz, 1.61 W
2026/10/03 23:56:40.896, 0 %, 266 MiB, 300 MHz, 1.63 W
2026/10/03 23:56:45.898, 0 %, 266 MiB, 300 MHz, 1.60 W
2026/10/03 23:56:50.901, 0 %, 266 MiB, 300 MHz, 1.61 W
2026/10/03 23:56:55.904, 0 %, 266 MiB, 300 MHz, 1.61 W
2026/10/03 23:57:00.907, 0 %, 266 MiB, 300 MHz, 1.66 W
2026/10/03 23:57:05.910, 0 %, 266 MiB, 300 MHz, 1.58 W
2026/10/03 23:57:10.913, 0 %, 266 MiB, 300 MHz, 1.60 W
2026/10/03 23:57:15.916, 0 %, 266 MiB, 300 MHz, 1.72 W
2026/10/03 23:57:20.919, 0 %, 266 MiB, 300 MHz, 1.62 W
2026/10/03 23:57:25.932, 0 %, 266 MiB, 300 MHz, 1.83 W
2026/10/03 23:57:30.935, 0 %, 266 MiB, 300 MHz, 1.62 W
2026/10/03 23:57:35.938, 0 %, 266 MiB, 300 MHz, 1.64 W
2026/10/03 23:57:40.941, 0 %, 266 MiB, 300 MHz, 1.60 W
2026/10/03 23:57:45.945, 0 %, 266 MiB, 300 MHz, 1.63 W
2026/10/03 23:57:50.948, 0 %, 266 MiB, 300 MHz, 1.60 W
2026/10/03 23:57:55.951, 0 %, 266 MiB, 300 MHz, 1.63 W
2026/10/03 23:58:00.955, 0 %, 266 MiB, 300 MHz, 1.64 W
2026/10/03 23:58:05.960, 0 %, 266 MiB, 300 MHz, 1.71 W
2026/10/03 23:58:10.962, 0 %, 266 MiB, 300 MHz, 1.61 W
2026/10/03 23:58:15.967, 0 %, 266 MiB, 300 MHz, 1.64 W
2026/10/03 23:58:20.974, 0 %, 266 MiB, 300 MHz, 1.64 W
2026/10/03 23:58:25.977, 0 %, 266 MiB, 300 MHz, 1.67 W
2026/10/03 23:58:30.979, 0 %, 266 MiB, 300 MHz, 1.56 W
2026/10/03 23:58:35.982, 0 %, 266 MiB, 300 MHz, 1.40 W
2026/10/03 23:58:40.985, 0 %, 266 MiB, 300 MHz, 1.29 W
2026/10/03 23:58:45.989, 0 %, 266 MiB, 300 MHz, 1.51 W
2026/10/03 23:58:50.992, 0 %, 266 MiB, 300 MHz, 1.48 W
2026/10/03 23:58:55.994, 0 %, 266 MiB, 300 MHz, 1.35 W
2026/10/03 23:59:00.997, 0 %, 266 MiB, 300 MHz, 1.37 W
2026/10/03 23:59:06.004, 0 %, 266 MiB, 300 MHz, 1.48 W
2026/10/03 23:59:11.007, 0 %, 266 MiB, 300 MHz, 1.68 W
2026/10/03 23:59:16.014, 0 %, 266 MiB, 300 MHz, 1.35 W
2026/10/03 23:59:21.017, 0 %, 266 MiB, 300 MHz, 1.54 W
2026/10/03 23:59:26.020, 0 %, 266 MiB, 300 MHz, 1.36 W
2026/10/03 23:59:31.022, 0 %, 266 MiB, 300 MHz, 1.55 W
2026/10/03 23:59:36.028, 0 %, 266 MiB, 300 MHz, 1.34 W
2026/10/03 23:59:41.030, 0 %, 266 MiB, 300 MHz, 1.45 W
2026/10/03 23:59:46.033, 0 %, 266 MiB, 300 MHz, 1.43 W
2026/10/03 23:59:51.036, 0 %, 266 MiB, 300 MHz, 1.34 W
2026/10/03 23:59:56.039, 0 %, 266 MiB, 300 MHz, 1.47 W
2026/10/04 00:00:01.042, 0 %, 266 MiB, 300 MHz, 1.44 W
2026/10/04 00:00:06.045, 0 %, 266 MiB, 300 MHz, 1.41 W
2026/10/04 00:00:11.048, 0 %, 266 MiB, 300 MHz, 1.35 W
2026/10/04 00:00:16.053, 0 %, 266 MiB, 300 MHz, 1.43 W
2026/10/04 00:00:21.058, 0 %, 266 MiB, 300 MHz, 1.42 W
2026/10/04 00:00:26.060, 0 %, 266 MiB, 300 MHz, 1.39 W
2026/10/04 00:00:31.063, 0 %, 266 MiB, 300 MHz, 1.73 W
2026/10/04 00:00:36.066, 0 %, 266 MiB, 300 MHz, 1.47 W
2026/10/04 00:00:41.069, 0 %, 266 MiB, 300 MHz, 1.37 W
2026/10/04 00:00:46.072, 0 %, 266 MiB, 300 MHz, 1.32 W
2026/10/04 00:00:51.074, 0 %, 266 MiB, 300 MHz, 1.29 W
2026/10/04 00:00:56.077, 0 %, 266 MiB, 300 MHz, 1.28 W
2026/10/04 00:01:01.079, 0 %, 266 MiB, 300 MHz, 1.35 W
2026/10/04 00:01:06.082, 0 %, 266 MiB, 300 MHz, 1.36 W
2026/10/04 00:01:11.085, 0 %, 266 MiB, 300 MHz, 1.22 W
2026/10/04 00:01:16.092, 0 %, 266 MiB, 300 MHz, 1.32 W
2026/10/04 00:01:21.094, 0 %, 266 MiB, 300 MHz, 1.47 W
2026/10/04 00:01:26.097, 0 %, 266 MiB, 300 MHz, 1.57 W
2026/10/04 00:01:31.100, 0 %, 266 MiB, 300 MHz, 1.54 W
2026/10/04 00:01:36.103, 0 %, 266 MiB, 300 MHz, 1.52 W
2026/10/04 00:01:41.107, 0 %, 266 MiB, 300 MHz, 1.51 W
2026/10/04 00:01:46.117, 0 %, 266 MiB, 300 MHz, 1.53 W
2026/10/04 00:01:51.120, 0 %, 266 MiB, 300 MHz, 1.49 W
2026/10/04 00:01:56.130, 0 %, 266 MiB, 300 MHz, 1.45 W
2026/10/04 00:02:01.133, 0 %, 266 MiB, 300 MHz, 1.51 W
2026/10/04 00:02:06.139, 0 %, 266 MiB, 300 MHz, 1.47 W
2026/10/04 00:02:11.146, 0 %, 266 MiB, 300 MHz, 1.56 W
2026/10/04 00:02:16.149, 0 %, 266 MiB, 300 MHz, 1.59 W
2026/10/04 00:02:21.158, 0 %, 266 MiB, 300 MHz, 1.51 W
2026/10/04 00:02:26.161, 0 %, 266 MiB, 300 MHz, 1.47 W
2026/10/04 00:02:31.168, 0 %, 266 MiB, 300 MHz, 1.51 W
2026/10/04 00:02:36.179, 0 %, 266 MiB, 300 MHz, 1.44 W
2026/10/04 00:02:41.182, 0 %, 266 MiB, 300 MHz, 1.42 W
2026/10/04 00:02:46.184, 0 %, 266 MiB, 300 MHz, 1.54 W
2026/10/04 00:02:51.192, 0 %, 266 MiB, 300 MHz, 1.45 W
2026/10/04 00:02:56.198, 0 %, 266 MiB, 300 MHz, 1.55 W
2026/10/04 00:03:01.200, 0 %, 266 MiB, 300 MHz, 1.50 W
2026/10/04 00:03:06.210, 0 %, 266 MiB, 300 MHz, 1.43 W
2026/10/04 00:03:11.213, 0 %, 266 MiB, 300 MHz, 1.53 W
2026/10/04 00:03:16.216, 0 %, 266 MiB, 300 MHz, 1.48 W
2026/10/04 00:03:21.220, 0 %, 266 MiB, 300 MHz, 1.50 W
2026/10/04 00:03:26.229, 0 %, 266 MiB, 300 MHz, 1.46 W
2026/10/04 00:03:31.232, 0 %, 266 MiB, 300 MHz, 1.52 W
2026/10/04 00:03:36.236, 0 %, 266 MiB, 300 MHz, 1.50 W
2026/10/04 00:03:41.246, 0 %, 266 MiB, 300 MHz, 1.45 W
2026/10/04 00:03:46.249, 0 %, 266 MiB, 300 MHz, 1.51 W
2026/10/04 00:03:51.253, 0 %, 266 MiB, 300 MHz, 1.48 W
2026/10/04 00:03:56.261, 0 %, 266 MiB, 300 MHz, 1.47 W
2026/10/04 00:04:01.264, 0 %, 266 MiB, 300 MHz, 1.49 W
2026/10/04 00:04:06.269, 0 %, 266 MiB, 300 MHz, 1.48 W
2026/10/04 00:04:11.273, 0 %, 266 MiB, 300 MHz, 1.43 W
2026/10/04 00:04:16.284, 0 %, 266 MiB, 300 MHz, 1.47 W
2026/10/04 00:04:21.290, 0 %, 266 MiB, 300 MHz, 1.52 W
2026/10/04 00:04:26.302, 0 %, 266 MiB, 300 MHz, 1.49 W
2026/10/04 00:04:31.305, 0 %, 266 MiB, 300 MHz, 1.56 W
2026/10/04 00:04:36.308, 0 %, 266 MiB, 300 MHz, 1.54 W
2026/10/04 00:04:41.311, 0 %, 266 MiB, 300 MHz, 1.49 W
2026/10/04 00:04:46.314, 0 %, 266 MiB, 300 MHz, 1.46 W
2026/10/04 00:04:51.317, 0 %, 266 MiB, 300 MHz, 1.44 W
2026/10/04 00:04:56.325, 0 %, 266 MiB, 300 MHz, 1.61 W
2026/10/04 00:05:01.328, 0 %, 266 MiB, 300 MHz, 1.50 W
2026/10/04 00:05:06.338, 0 %, 266 MiB, 300 MHz, 1.48 W
2026/10/04 00:05:11.341, 0 %, 266 MiB, 300 MHz, 1.46 W
2026/10/04 00:05:16.355, 0 %, 266 MiB, 300 MHz, 1.54 W
2026/10/04 00:05:21.357, 0 %, 266 MiB, 300 MHz, 1.53 W
2026/10/04 00:05:26.360, 0 %, 266 MiB, 300 MHz, 1.52 W
2026/10/04 00:05:31.362, 0 %, 266 MiB, 300 MHz, 1.51 W
2026/10/04 00:05:36.366, 0 %, 266 MiB, 300 MHz, 1.50 W
2026/10/04 00:05:41.375, 0 %, 266 MiB, 300 MHz, 1.51 W
2026/10/04 00:05:46.378, 0 %, 266 MiB, 300 MHz, 1.49 W
2026/10/04 00:05:51.388, 0 %, 266 MiB, 300 MHz, 1.51 W
2026/10/04 00:05:56.393, 0 %, 266 MiB, 300 MHz, 1.45 W
2026/10/04 00:06:01.396, 0 %, 266 MiB, 300 MHz, 1.57 W
2026/10/04 00:06:06.399, 0 %, 266 MiB, 300 MHz, 1.53 W
2026/10/04 00:06:11.410, 0 %, 266 MiB, 300 MHz, 1.49 W
2026/10/04 00:06:16.412, 0 %, 266 MiB, 300 MHz, 1.53 W
2026/10/04 00:06:21.420, 0 %, 266 MiB, 300 MHz, 1.50 W
2026/10/04 00:06:26.423, 0 %, 266 MiB, 300 MHz, 1.49 W
2026/10/04 00:06:31.433, 0 %, 266 MiB, 300 MHz, 1.78 W
2026/10/04 00:06:36.436, 3 %, 5 MiB, 300 MHz, 1.64 W
