environment,case,task,roi,shape,runs,runs_identical,hash,differing_voxels,min_dice,seconds,load_seconds,wasm_memory_mib
desktop_webgpu,lits_001,liver_segments,-,512x512x123,3,True,741e004f,0,1.0,3.921,0.478,712
desktop_webgpu,lits_001,liver_vessels,-,512x512x123,3,True,25ee5a0c,0,1.0,3.915,0.478,712
desktop_webgpu,lits_001,total,liver,512x512x123,3,True,00a14870,0,1.0,1.141,0.478,593
desktop_webgpu,lits_002,liver_segments,-,512x512x517,3,True,5e098e18,0,1.0,5.988,1.834,1756
desktop_webgpu,lits_002,liver_vessels,-,512x512x517,3,True,98ce96bf,0,1.0,6.127,1.834,1924
desktop_webgpu,lits_002,total,liver,512x512x517,3,True,1bcf62a9,0,1.0,1.447,1.834,1651
desktop_webgpu,lits_015,liver_segments,-,512x512x565,3,True,fdb6bb88,3,0.999997,3.663,2.071,2037
desktop_webgpu,lits_015,liver_vessels,-,512x512x565,3,True,57ee0b37,0,1.0,3.821,2.071,2037
desktop_webgpu,lits_015,total,liver,512x512x565,3,True,577fe8de,0,1.0,1.928,2.071,2037
desktop_webgpu,lits_022,liver_segments,-,512x512x247,3,True,2c37fe47,1,0.999989,3.223,0.761,2037
desktop_webgpu,lits_022,liver_vessels,-,512x512x247,3,True,4677c388,0,1.0,3.149,0.761,2037
desktop_webgpu,lits_022,total,liver,512x512x247,3,True,0ad1c29f,0,1.0,1.558,0.761,2037
desktop_webgpu,lits_023,liver_segments,-,512x512x391,3,True,ad016d13,0,1.0,3.906,1.276,2037
desktop_webgpu,lits_023,liver_vessels,-,512x512x391,3,True,d5181f13,0,1.0,3.999,1.276,2037
desktop_webgpu,lits_023,total,liver,512x512x391,3,True,a5ea7a0b,0,1.0,1.128,1.276,2037
desktop_webgpu,lits_048,liver_segments,-,512x512x244,3,True,0e29d62c,0,1.0,7.613,0.721,2037
desktop_webgpu,lits_048,liver_vessels,-,512x512x244,3,True,8d4d0287,0,1.0,7.602,0.721,2037
desktop_webgpu,lits_048,total,liver,512x512x244,3,True,09dd4d67,0,1.0,2.114,0.721,2037
desktop_webgpu,lits_054,liver_segments,-,512x512x96,3,True,e1a40aca,0,1.0,5.796,0.316,2037
desktop_webgpu,lits_054,liver_vessels,-,512x512x96,3,True,9d2314b7,0,1.0,5.747,0.316,2037
desktop_webgpu,lits_054,total,liver,512x512x96,3,True,93832328,0,1.0,1.324,0.316,2037
desktop_webgpu,lits_062,liver_segments,-,512x512x188,3,True,aac04c52,0,1.0,3.451,0.591,2037
desktop_webgpu,lits_062,liver_vessels,-,512x512x188,3,True,0ada1d13,0,1.0,3.474,0.591,2037
desktop_webgpu,lits_062,total,liver,512x512x188,3,True,f8af27ab,0,1.0,1.082,0.591,2037
desktop_webgpu,lits_063,liver_segments,-,512x512x104,3,True,4a5a52f5,0,1.0,5.036,0.318,2037
desktop_webgpu,lits_063,liver_vessels,-,512x512x104,3,True,60e94ee1,0,1.0,5.005,0.318,2037
desktop_webgpu,lits_063,total,liver,512x512x104,3,True,1662ff1c,0,1.0,1.801,0.318,2037
desktop_webgpu,lits_072,liver_segments,-,512x512x93,3,True,c0498692,0,1.0,5.61,0.287,2037
desktop_webgpu,lits_072,liver_vessels,-,512x512x93,3,True,1b5d9bed,0,1.0,5.67,0.287,2037
desktop_webgpu,lits_072,total,liver,512x512x93,3,True,5311366c,0,1.0,1.08,0.287,2037
desktop_webgpu,lits_080,liver_segments,-,512x512x217,3,True,8e3e1eb7,0,1.0,3.963,0.682,2037
desktop_webgpu,lits_080,liver_vessels,-,512x512x217,3,True,54d67d91,0,1.0,3.998,0.682,2037
desktop_webgpu,lits_080,total,liver,512x512x217,3,True,5c4fb1d9,0,1.0,0.798,0.682,2037
desktop_webgpu,lits_084,liver_segments,-,512x512x733,3,True,69ed450e,0,1.0,7.862,2.884,2431
desktop_webgpu,lits_084,liver_vessels,-,512x512x733,3,True,aa4681c8,0,1.0,8.019,2.884,2739
desktop_webgpu,lits_084,total,liver,512x512x733,3,True,68170344,0,1.0,2.203,2.884,2431
desktop_webgpu,lits_087,liver_segments,-,512x512x896,3,True,18a0fd04,0,1.0,8.063,3.402,2739
desktop_webgpu,lits_087,liver_vessels,-,512x512x896,3,True,4c85f610,0,1.0,8.215,3.402,2848
desktop_webgpu,lits_087,total,liver,512x512x896,3,True,bc8ce4d9,0,1.0,2.379,3.402,2739
desktop_webgpu,lits_092,liver_segments,-,512x512x836,3,True,252bec24,2,0.999998,4.099,2.981,2848
desktop_webgpu,lits_092,liver_vessels,-,512x512x836,3,True,ed2c2fd2,0,1.0,4.321,2.981,2848
desktop_webgpu,lits_092,total,liver,512x512x836,3,True,d04aad44,8,0.999999,1.257,2.981,2848
desktop_webgpu,lits_102,liver_segments,-,512x512x677,3,True,c20cea3f,0,1.0,7.599,2.423,2848
desktop_webgpu,lits_102,liver_vessels,-,512x512x677,3,True,9dbda8a3,0,1.0,7.934,2.423,2848
desktop_webgpu,lits_102,total,liver,512x512x677,3,True,c14907d5,0,1.0,1.968,2.423,2848
desktop_webgpu,lits_107,liver_segments,-,512x512x771,3,True,0fdf2817,2,0.999998,5.423,2.683,2848
desktop_webgpu,lits_107,liver_vessels,-,512x512x771,3,True,56f23381,0,1.0,5.583,2.683,2848
desktop_webgpu,lits_107,total,liver,512x512x771,3,True,7f07aed5,0,1.0,2.169,2.683,2848
desktop_webgpu,lits_120,liver_segments,-,512x512x424,3,True,57a091e3,2,0.999999,6.275,1.354,2848
desktop_webgpu,lits_120,liver_vessels,-,512x512x424,3,True,93639e1c,0,1.0,6.345,1.354,2848
desktop_webgpu,lits_120,total,liver,512x512x424,3,True,6726bbb5,0,1.0,1.889,1.354,2848
desktop_webgpu,lits_129,liver_segments,-,512x512x338,3,True,57f21ccd,2,0.999999,9.763,1.125,2848
desktop_webgpu,lits_129,liver_vessels,-,512x512x338,3,True,ea149e6e,1,1.0,10.164,1.125,2848
desktop_webgpu,lits_129,total,liver,512x512x338,3,True,2dda7078,0,1.0,1.931,1.125,2848
desktop_webgpu,lits_139,liver_segments,-,512x512x147,3,True,ff6e8d46,0,1.0,5.855,0.45,2848
desktop_webgpu,lits_139,liver_vessels,-,512x512x147,3,True,ac32fe58,0,1.0,5.81,0.45,2848
desktop_webgpu,lits_139,total,liver,512x512x147,3,True,a305f58f,0,1.0,1.346,0.45,2848
desktop_webgpu,lits_143,liver_segments,-,512x512x84,3,True,5a178b62,0,1.0,2.701,0.278,2848
desktop_webgpu,lits_143,liver_vessels,-,512x512x84,3,True,cc4ab15d,0,1.0,2.694,0.278,2848
desktop_webgpu,lits_143,total,liver,512x512x84,3,True,4933d4ce,0,1.0,0.737,0.278,2848
desktop_webgpu,lits_144,liver_segments,-,512x512x267,3,True,9096c119,0,1.0,7.725,0.778,2848
desktop_webgpu,lits_144,liver_vessels,-,512x512x267,3,True,af8da062,0,1.0,7.664,0.778,2848
desktop_webgpu,lits_144,total,liver,512x512x267,3,True,3e00c934,0,1.0,2.173,0.778,2848
desktop_webgpu,lits_147,liver_segments,-,512x512x87,3,True,d6616a2a,0,1.0,3.485,0.288,2848
desktop_webgpu,lits_147,liver_vessels,-,512x512x87,3,True,7980352b,0,1.0,3.475,0.288,2848
desktop_webgpu,lits_147,total,liver,512x512x87,3,True,1c642614,0,1.0,1.776,0.288,2848
desktop_webgpu,lits_151,liver_segments,-,512x512x112,3,True,cfbb7dc3,0,1.0,7.541,0.335,2848
desktop_webgpu,lits_151,liver_vessels,-,512x512x112,3,True,9a6373b6,0,1.0,7.628,0.335,2848
desktop_webgpu,lits_151,total,liver,512x512x112,3,True,2183b5d3,0,1.0,2.001,0.335,2848
desktop_webgpu,lits_152,liver_segments,-,512x512x89,3,True,4a96cea0,0,1.0,7.744,0.266,2848
desktop_webgpu,lits_152,liver_vessels,-,512x512x89,3,True,c205e6e2,0,1.0,7.656,0.266,2848
desktop_webgpu,lits_152,total,liver,512x512x89,3,True,8d387b6e,0,1.0,2.088,0.266,2848
desktop_webgpu,lits_163,liver_segments,-,512x512x472,3,True,69ea87b1,1,0.999995,7.612,1.63,2848
desktop_webgpu,lits_163,liver_vessels,-,512x512x472,3,True,497b3bea,0,1.0,7.692,1.63,2848
desktop_webgpu,lits_163,total,liver,512x512x472,3,True,0f49696a,0,1.0,1.974,1.63,2848
desktop_webgpu,lits_166,liver_segments,-,512x512x206,3,True,e3bb5546,0,1.0,3.541,0.617,2848
desktop_webgpu,lits_166,liver_vessels,-,512x512x206,3,True,c794f469,0,1.0,3.525,0.617,2848
desktop_webgpu,lits_166,total,liver,512x512x206,3,True,8dafff1a,0,1.0,0.766,0.617,2848
desktop_webgpu,lits_167,liver_segments,-,512x512x1026,3,True,c1f82952,0,1.0,2.892,4.064,2848
desktop_webgpu,lits_167,liver_vessels,-,512x512x1026,3,True,ec3fd67f,0,1.0,3.315,4.064,3228
desktop_webgpu,lits_167,total,liver,512x512x1026,3,True,465da92e,0,1.0,1.278,4.064,2848
desktop_webgpu,lits_169,liver_segments,-,512x512x42,3,True,bfbe94cf,0,1.0,5.079,0.144,3228
desktop_webgpu,lits_169,liver_vessels,-,512x512x42,3,True,f54cb560,0,1.0,5.077,0.144,3228
desktop_webgpu,lits_169,total,liver,512x512x42,3,True,cb63b13c,0,1.0,1.743,0.144,3228
desktop_webgpu,lits_185,liver_segments,-,512x512x629,3,True,3de98d2f,2,0.999998,7.741,2.081,3228
desktop_webgpu,lits_185,liver_vessels,-,512x512x629,3,True,90f82071,0,1.0,8.011,2.081,3228
desktop_webgpu,lits_185,total,liver,512x512x629,3,True,fc3b5862,0,1.0,2.175,2.081,3228
desktop_webgpu,lits_194,liver_segments,-,512x512x321,3,True,9e31b8d4,0,1.0,5.832,1.074,3228
desktop_webgpu,lits_194,liver_vessels,-,512x512x321,3,True,46d4fe85,0,1.0,5.871,1.074,3228
desktop_webgpu,lits_194,total,liver,512x512x321,3,True,9f00cd75,0,1.0,1.214,1.074,3228
desktop_cpu,lits_001,liver_segments,-,512x512x123,1,True,741e004f,0,1.0,79.436,0.472,1956
desktop_cpu,lits_001,liver_vessels,-,512x512x123,1,True,25ee5a0c,0,1.0,78.341,0.472,1956
desktop_cpu,lits_001,total,liver,512x512x123,1,True,00a14870,0,1.0,16.295,0.472,1554
desktop_cpu,lits_002,liver_segments,-,512x512x517,1,True,5e098e18,0,1.0,114.139,2.22,2840
desktop_cpu,lits_002,liver_vessels,-,512x512x517,1,True,98ce96bf,0,1.0,115.91,2.22,2840
desktop_cpu,lits_002,total,liver,512x512x517,1,True,1bcf62a9,0,1.0,17.608,2.22,2444
desktop_cpu,lits_015,liver_segments,-,512x512x565,1,True,8eb49400,1,0.999997,65.56,1.915,3059
desktop_cpu,lits_015,liver_vessels,-,512x512x565,1,True,57ee0b37,0,1.0,65.607,1.915,3059
desktop_cpu,lits_015,total,liver,512x512x565,1,True,577fe8de,0,1.0,30.275,1.915,2840
desktop_cpu,lits_022,liver_segments,-,512x512x247,1,True,84888523,0,1.0,57.162,0.727,2270
desktop_cpu,lits_022,liver_vessels,-,512x512x247,1,True,4677c388,0,1.0,56.141,0.727,2270
desktop_cpu,lits_022,total,liver,512x512x247,1,True,0ad1c29f,0,1.0,22.025,0.727,2270
desktop_cpu,lits_023,liver_segments,-,512x512x391,1,True,ad016d13,0,1.0,77.622,1.584,2431
desktop_cpu,lits_023,liver_vessels,-,512x512x391,1,True,d5181f13,0,1.0,77.889,1.584,2431
desktop_cpu,lits_023,total,liver,512x512x391,1,True,a5ea7a0b,0,1.0,15.594,1.584,2002
desktop_cpu,lits_048,liver_segments,-,512x512x244,1,True,0e29d62c,0,1.0,150.677,0.734,2431
desktop_cpu,lits_048,liver_vessels,-,512x512x244,1,True,8d4d0287,0,1.0,150.351,0.734,2431
desktop_cpu,lits_048,total,liver,512x512x244,1,True,09dd4d67,0,1.0,35.119,0.734,2431
desktop_cpu,lits_054,liver_segments,-,512x512x96,1,True,e1a40aca,0,1.0,112.201,0.314,2270
desktop_cpu,lits_054,liver_vessels,-,512x512x96,1,True,ba0c392e,1,0.999955,111.549,0.314,2270
desktop_cpu,lits_054,total,liver,512x512x96,1,True,93832328,0,1.0,18.907,0.314,2270
desktop_cpu,lits_062,liver_segments,-,512x512x188,1,True,aac04c52,0,1.0,64.989,0.602,2431
desktop_cpu,lits_062,liver_vessels,-,512x512x188,1,True,0ada1d13,0,1.0,66.534,0.602,2431
desktop_cpu,lits_062,total,liver,512x512x188,1,True,f8af27ab,0,1.0,15.124,0.602,2431
desktop_cpu,lits_063,liver_segments,-,512x512x104,1,True,4a5a52f5,0,1.0,97.03,0.34,2270
desktop_cpu,lits_063,liver_vessels,-,512x512x104,1,True,60e94ee1,0,1.0,101.907,0.34,2270
desktop_cpu,lits_063,total,liver,512x512x104,1,True,1662ff1c,0,1.0,30.241,0.34,2270
desktop_cpu,lits_072,liver_segments,-,512x512x93,1,True,c0498692,0,1.0,108.901,0.298,3059
desktop_cpu,lits_072,liver_vessels,-,512x512x93,1,True,1b5d9bed,0,1.0,110.422,0.298,3059
desktop_cpu,lits_072,total,liver,512x512x93,1,True,5311366c,0,1.0,15.181,0.298,3059
desktop_cpu,lits_080,liver_segments,-,512x512x217,1,True,8e3e1eb7,0,1.0,75.545,0.707,2431
desktop_cpu,lits_080,liver_vessels,-,512x512x217,1,True,54d67d91,0,1.0,73.07,0.707,2431
desktop_cpu,lits_080,total,liver,512x512x217,1,True,5c4fb1d9,0,1.0,8.454,0.707,2431
desktop_cpu,lits_084,liver_segments,-,512x512x733,1,True,69ed450e,0,1.0,154.678,2.667,3360
desktop_cpu,lits_084,liver_vessels,-,512x512x733,1,True,aa4681c8,0,1.0,154.095,2.667,3360
desktop_cpu,lits_084,total,liver,512x512x733,1,True,68170344,0,1.0,33.781,2.667,3360
desktop_cpu,lits_087,liver_segments,-,512x512x896,1,True,18a0fd04,0,1.0,152.208,3.366,3870
desktop_cpu,lits_087,liver_vessels,-,512x512x896,1,True,4c85f610,0,1.0,160.612,3.366,3870
desktop_cpu,lits_087,total,liver,512x512x896,1,True,bc8ce4d9,0,1.0,36.055,3.366,3744
desktop_cpu,lits_092,liver_segments,-,512x512x836,1,True,77f87cd8,0,1.0,78.326,2.969,3870
desktop_cpu,lits_092,liver_vessels,-,512x512x836,1,True,ed2c2fd2,0,1.0,77.776,2.969,3870
desktop_cpu,lits_092,total,liver,512x512x836,1,True,d04aad44,8,0.999999,16.085,2.969,3870
desktop_cpu,lits_102,liver_segments,-,512x512x677,1,True,c20cea3f,0,1.0,154.614,2.541,3870
desktop_cpu,lits_102,liver_vessels,-,512x512x677,1,True,9dbda8a3,0,1.0,154.696,2.541,3870
desktop_cpu,lits_102,total,liver,512x512x677,1,True,c14907d5,0,1.0,31.28,2.541,3870
desktop_cpu,lits_107,liver_segments,-,512x512x771,1,True,0fdf2817,2,0.999998,106.517,2.537,3870
desktop_cpu,lits_107,liver_vessels,-,512x512x771,1,True,56f23381,0,1.0,106.652,2.537,3870
desktop_cpu,lits_107,total,liver,512x512x771,1,True,7f07aed5,0,1.0,34.322,2.537,3870
desktop_cpu,lits_120,liver_segments,-,512x512x424,1,True,57a091e3,2,0.999999,121.109,1.398,3056
desktop_cpu,lits_120,liver_vessels,-,512x512x424,1,True,93639e1c,0,1.0,121.593,1.398,3056
desktop_cpu,lits_120,total,liver,512x512x424,1,True,6726bbb5,0,1.0,30.219,1.398,2704
desktop_cpu,lits_129,liver_segments,-,512x512x338,1,True,d50f3ced,4,0.999999,205.097,1.149,3870
desktop_cpu,lits_129,liver_vessels,-,512x512x338,1,True,ea149e6e,1,1.0,205.244,1.149,3870
desktop_cpu,lits_129,total,liver,512x512x338,1,True,2dda7078,0,1.0,30.777,1.149,3870
desktop_cpu,lits_139,liver_segments,-,512x512x147,1,True,ff6e8d46,0,1.0,118.89,0.449,2388
desktop_cpu,lits_139,liver_vessels,-,512x512x147,1,True,ac32fe58,0,1.0,118.805,0.449,2388
desktop_cpu,lits_139,total,liver,512x512x147,1,True,a305f58f,0,1.0,19.286,0.449,2270
desktop_cpu,lits_143,liver_segments,-,512x512x84,1,True,5a178b62,0,1.0,52.074,0.289,2388
desktop_cpu,lits_143,liver_vessels,-,512x512x84,1,True,cc4ab15d,0,1.0,52.089,0.289,2388
desktop_cpu,lits_143,total,liver,512x512x84,1,True,4933d4ce,0,1.0,8.638,0.289,2388
desktop_cpu,lits_144,liver_segments,-,512x512x267,1,True,9096c119,0,1.0,148.273,0.801,3056
desktop_cpu,lits_144,liver_vessels,-,512x512x267,1,True,af8da062,0,1.0,158.543,0.801,3056
desktop_cpu,lits_144,total,liver,512x512x267,1,True,3e00c934,0,1.0,33.438,0.801,3056
desktop_cpu,lits_147,liver_segments,-,512x512x87,1,True,d6616a2a,0,1.0,69.176,0.294,2388
desktop_cpu,lits_147,liver_vessels,-,512x512x87,1,True,7980352b,0,1.0,69.165,0.294,2388
desktop_cpu,lits_147,total,liver,512x512x87,1,True,1c642614,0,1.0,31.445,0.294,2388
desktop_cpu,lits_151,liver_segments,-,512x512x112,1,True,cfbb7dc3,0,1.0,157.745,0.364,2388
desktop_cpu,lits_151,liver_vessels,-,512x512x112,1,True,9a6373b6,0,1.0,158.126,0.364,2388
desktop_cpu,lits_151,total,liver,512x512x112,1,True,2183b5d3,0,1.0,34.524,0.364,2388
desktop_cpu,lits_152,liver_segments,-,512x512x89,1,True,4a96cea0,0,1.0,157.181,0.27,2388
desktop_cpu,lits_152,liver_vessels,-,512x512x89,1,True,c205e6e2,0,1.0,157.644,0.27,2388
desktop_cpu,lits_152,total,liver,512x512x89,1,True,8d387b6e,0,1.0,34.732,0.27,2388
desktop_cpu,lits_163,liver_segments,-,512x512x472,1,True,69ea87b1,1,0.999995,155.677,1.61,3056
desktop_cpu,lits_163,liver_vessels,-,512x512x472,1,True,497b3bea,0,1.0,154.684,1.61,3056
desktop_cpu,lits_163,total,liver,512x512x472,1,True,0f49696a,0,1.0,32.733,1.61,3056
desktop_cpu,lits_166,liver_segments,-,512x512x206,1,True,e3bb5546,0,1.0,68.971,0.667,3056
desktop_cpu,lits_166,liver_vessels,-,512x512x206,1,True,c794f469,0,1.0,69.215,0.667,3056
desktop_cpu,lits_166,total,liver,512x512x206,1,True,8dafff1a,0,1.0,8.603,0.667,3056
desktop_cpu,lits_167,liver_segments,-,512x512x1026,1,True,c1f82952,0,1.0,52.31,4.558,3768
desktop_cpu,lits_167,liver_vessels,-,512x512x1026,1,True,ec3fd67f,0,1.0,52.299,4.558,3768
desktop_cpu,lits_167,total,liver,512x512x1026,1,True,465da92e,0,1.0,15.351,4.558,3032
desktop_cpu,lits_169,liver_segments,-,512x512x42,1,True,bfbe94cf,0,1.0,104.426,0.148,3056
desktop_cpu,lits_169,liver_vessels,-,512x512x42,1,True,f54cb560,0,1.0,102.213,0.148,3056
desktop_cpu,lits_169,total,liver,512x512x42,1,True,cb63b13c,0,1.0,31.3,0.148,3056
desktop_cpu,lits_185,liver_segments,-,512x512x629,1,True,3de98d2f,2,0.999998,158.085,2.16,3870
desktop_cpu,lits_185,liver_vessels,-,512x512x629,1,True,90f82071,0,1.0,157.952,2.16,3870
desktop_cpu,lits_185,total,liver,512x512x629,1,True,fc3b5862,0,1.0,34.513,2.16,3870
desktop_cpu,lits_194,liver_segments,-,512x512x321,1,True,9e31b8d4,0,1.0,115.832,1.059,3056
desktop_cpu,lits_194,liver_vessels,-,512x512x321,1,True,46d4fe85,0,1.0,116.787,1.059,3056
desktop_cpu,lits_194,total,liver,512x512x321,1,True,9f00cd75,0,1.0,16.234,1.059,3056
laptop_webgpu,lits_001,liver_segments,-,512x512x123,3,True,741e004f,0,1.0,19.577,1.703,666
laptop_webgpu,lits_001,liver_vessels,-,512x512x123,3,True,25ee5a0c,0,1.0,19.118,1.703,666
laptop_webgpu,lits_001,total,liver,512x512x123,3,True,00a14870,0,1.0,5.136,1.703,555
laptop_webgpu,lits_002,liver_segments,-,512x512x517,3,True,5e098e18,0,1.0,28.833,5.149,1724
laptop_webgpu,lits_002,liver_vessels,-,512x512x517,3,True,98ce96bf,0,1.0,30.494,5.149,1892
laptop_webgpu,lits_002,total,liver,512x512x517,3,True,1bcf62a9,0,1.0,5.517,5.149,1613
laptop_webgpu,lits_015,liver_segments,-,512x512x565,3,True,fdb6bb88,3,0.999997,18.114,7.947,2005
laptop_webgpu,lits_015,liver_vessels,-,512x512x565,3,True,57ee0b37,0,1.0,19.32,7.947,2005
laptop_webgpu,lits_015,total,liver,512x512x565,3,True,577fe8de,0,1.0,9.025,7.947,2005
laptop_webgpu,lits_022,liver_segments,-,512x512x247,3,True,2c37fe47,1,0.999989,14.523,2.594,2005
laptop_webgpu,lits_022,liver_vessels,-,512x512x247,3,True,4677c388,0,1.0,14.277,2.594,2005
laptop_webgpu,lits_022,total,liver,512x512x247,3,True,0ad1c29f,0,1.0,6.776,2.594,2005
laptop_webgpu,lits_023,liver_segments,-,512x512x391,3,True,ad016d13,0,1.0,18.979,3.159,2005
laptop_webgpu,lits_023,liver_vessels,-,512x512x391,3,True,d5181f13,0,1.0,19.15,3.159,2005
laptop_webgpu,lits_023,total,liver,512x512x391,3,True,a5ea7a0b,0,1.0,4.623,3.159,2005
laptop_webgpu,lits_048,liver_segments,-,512x512x244,3,True,0e29d62c,0,1.0,37.805,1.811,2005
laptop_webgpu,lits_048,liver_vessels,-,512x512x244,3,True,8d4d0287,0,1.0,37.553,1.811,2005
laptop_webgpu,lits_048,total,liver,512x512x244,3,True,09dd4d67,0,1.0,9.074,1.811,2005
laptop_webgpu,lits_054,liver_segments,-,512x512x96,3,True,e1a40aca,0,1.0,28.336,0.652,2005
laptop_webgpu,lits_054,liver_vessels,-,512x512x96,3,True,9d2314b7,0,1.0,28.152,0.652,2005
laptop_webgpu,lits_054,total,liver,512x512x96,3,True,93832328,0,1.0,5.273,0.652,2005
laptop_webgpu,lits_062,liver_segments,-,512x512x188,3,True,aac04c52,0,1.0,16.58,1.285,2005
laptop_webgpu,lits_062,liver_vessels,-,512x512x188,3,True,0ada1d13,0,1.0,16.595,1.285,2005
laptop_webgpu,lits_062,total,liver,512x512x188,3,True,f8af27ab,0,1.0,4.313,1.285,2005
laptop_webgpu,lits_063,liver_segments,-,512x512x104,3,True,4a5a52f5,0,1.0,24.703,0.679,2005
laptop_webgpu,lits_063,liver_vessels,-,512x512x104,3,True,60e94ee1,0,1.0,24.57,0.679,2005
laptop_webgpu,lits_063,total,liver,512x512x104,3,True,1662ff1c,0,1.0,7.956,0.679,2005
laptop_webgpu,lits_072,liver_segments,-,512x512x93,3,True,c0498692,0,1.0,27.425,0.607,2005
laptop_webgpu,lits_072,liver_vessels,-,512x512x93,3,True,1b5d9bed,0,1.0,27.46,0.607,2005
laptop_webgpu,lits_072,total,liver,512x512x93,3,True,5311366c,0,1.0,4.329,0.607,2005
laptop_webgpu,lits_080,liver_segments,-,512x512x217,3,True,8e3e1eb7,0,1.0,18.683,1.317,2005
laptop_webgpu,lits_080,liver_vessels,-,512x512x217,3,True,54d67d91,0,1.0,18.813,1.317,2005
laptop_webgpu,lits_080,total,liver,512x512x217,3,True,5c4fb1d9,0,1.0,2.717,1.317,2005
laptop_webgpu,lits_084,liver_segments,-,512x512x733,3,True,69ed450e,0,1.0,37.715,6.218,2399
laptop_webgpu,lits_084,liver_vessels,-,512x512x733,3,True,aa4681c8,0,1.0,38.435,6.218,2707
laptop_webgpu,lits_084,total,liver,512x512x733,3,True,68170344,0,1.0,9.094,6.218,2399
laptop_webgpu,lits_087,liver_segments,-,512x512x896,3,True,18a0fd04,0,1.0,38.4,7.035,2707
laptop_webgpu,lits_087,liver_vessels,-,512x512x896,3,True,4c85f610,0,1.0,38.899,7.035,2815
laptop_webgpu,lits_087,total,liver,512x512x896,3,True,bc8ce4d9,0,1.0,9.828,7.035,2707
laptop_webgpu,lits_092,liver_segments,-,512x512x836,3,True,252bec24,2,0.999998,19.2,6.965,2815
laptop_webgpu,lits_092,liver_vessels,-,512x512x836,3,True,ed2c2fd2,0,1.0,19.696,6.965,2815
laptop_webgpu,lits_092,total,liver,512x512x836,3,True,d04aad44,8,0.999999,4.916,6.965,2815
laptop_webgpu,lits_102,liver_segments,-,512x512x677,3,True,c20cea3f,0,1.0,36.968,5.866,2815
laptop_webgpu,lits_102,liver_vessels,-,512x512x677,3,True,9dbda8a3,0,1.0,37.756,5.866,2815
laptop_webgpu,lits_102,total,liver,512x512x677,3,True,c14907d5,0,1.0,8.429,5.866,2815
laptop_webgpu,lits_107,liver_segments,-,512x512x771,3,True,0fdf2817,2,0.999998,25.908,6.215,2815
laptop_webgpu,lits_107,liver_vessels,-,512x512x771,3,True,56f23381,0,1.0,26.382,6.215,2815
laptop_webgpu,lits_107,total,liver,512x512x771,3,True,7f07aed5,0,1.0,9.154,6.215,2815
laptop_webgpu,lits_120,liver_segments,-,512x512x424,3,True,57a091e3,2,0.999999,30.795,3.242,2815
laptop_webgpu,lits_120,liver_vessels,-,512x512x424,3,True,93639e1c,0,1.0,30.961,3.242,2815
laptop_webgpu,lits_120,total,liver,512x512x424,3,True,6726bbb5,0,1.0,8.13,3.242,2815
laptop_webgpu,lits_129,liver_segments,-,512x512x338,3,True,57f21ccd,2,0.999999,48.606,2.494,2815
laptop_webgpu,lits_129,liver_vessels,-,512x512x338,3,True,ea149e6e,1,1.0,49.578,2.494,2815
laptop_webgpu,lits_129,total,liver,512x512x338,3,True,2dda7078,0,1.0,8.17,2.494,2815
laptop_webgpu,lits_139,liver_segments,-,512x512x147,3,True,ff6e8d46,0,1.0,28.366,0.825,2815
laptop_webgpu,lits_139,liver_vessels,-,512x512x147,3,True,ac32fe58,0,1.0,28.28,0.825,2815
laptop_webgpu,lits_139,total,liver,512x512x147,3,True,a305f58f,0,1.0,5.271,0.825,2815
laptop_webgpu,lits_143,liver_segments,-,512x512x84,3,True,5a178b62,0,1.0,12.72,0.517,2815
laptop_webgpu,lits_143,liver_vessels,-,512x512x84,3,True,cc4ab15d,0,1.0,12.666,0.517,2815
laptop_webgpu,lits_143,total,liver,512x512x84,3,True,4933d4ce,0,1.0,2.617,0.517,2815
laptop_webgpu,lits_144,liver_segments,-,512x512x267,3,True,9096c119,0,1.0,37.565,1.669,2815
laptop_webgpu,lits_144,liver_vessels,-,512x512x267,3,True,af8da062,0,1.0,37.516,1.669,2815
laptop_webgpu,lits_144,total,liver,512x512x267,3,True,3e00c934,0,1.0,9.018,1.669,2815
laptop_webgpu,lits_147,liver_segments,-,512x512x87,3,True,d6616a2a,0,1.0,16.672,0.537,2815
laptop_webgpu,lits_147,liver_vessels,-,512x512x87,3,True,7980352b,0,1.0,16.62,0.537,2815
laptop_webgpu,lits_147,total,liver,512x512x87,3,True,1c642614,0,1.0,7.844,0.537,2815
laptop_webgpu,lits_151,liver_segments,-,512x512x112,3,True,5366819b,1,0.999997,37.241,0.65,2815
laptop_webgpu,lits_151,liver_vessels,-,512x512x112,3,True,9a6373b6,0,1.0,37.017,0.65,2815
laptop_webgpu,lits_151,total,liver,512x512x112,3,True,2183b5d3,0,1.0,8.705,0.65,2815
laptop_webgpu,lits_152,liver_segments,-,512x512x89,3,True,4a96cea0,0,1.0,37.361,0.475,2815
laptop_webgpu,lits_152,liver_vessels,-,512x512x89,3,True,c205e6e2,0,1.0,37.134,0.475,2815
laptop_webgpu,lits_152,total,liver,512x512x89,3,True,8d387b6e,0,1.0,8.77,0.475,2815
laptop_webgpu,lits_163,liver_segments,-,512x512x472,3,True,96090cf2,0,1.0,36.841,3.779,2815
laptop_webgpu,lits_163,liver_vessels,-,512x512x472,3,True,497b3bea,0,1.0,36.989,3.779,2815
laptop_webgpu,lits_163,total,liver,512x512x472,3,True,0f49696a,0,1.0,8.255,3.779,2815
laptop_webgpu,lits_166,liver_segments,-,512x512x206,3,True,e3bb5546,0,1.0,16.72,1.315,2815
laptop_webgpu,lits_166,liver_vessels,-,512x512x206,3,True,c794f469,0,1.0,16.651,1.315,2815
laptop_webgpu,lits_166,total,liver,512x512x206,3,True,8dafff1a,0,1.0,2.673,1.315,2815
laptop_webgpu,lits_167,liver_segments,-,512x512x1026,3,True,c1f82952,0,1.0,13.264,8.683,2815
laptop_webgpu,lits_167,liver_vessels,-,512x512x1026,3,True,ec3fd67f,0,1.0,14.161,8.683,3196
laptop_webgpu,lits_167,total,liver,512x512x1026,3,True,465da92e,0,1.0,4.909,8.683,2815
laptop_webgpu,lits_169,liver_segments,-,512x512x42,3,True,bfbe94cf,0,1.0,24.537,0.307,3196
laptop_webgpu,lits_169,liver_vessels,-,512x512x42,3,True,f54cb560,0,1.0,24.413,0.307,3196
laptop_webgpu,lits_169,total,liver,512x512x42,3,True,cb63b13c,0,1.0,7.808,0.307,3196
laptop_webgpu,lits_185,liver_segments,-,512x512x629,3,True,6ecc2641,4,0.999995,37.756,4.851,3196
laptop_webgpu,lits_185,liver_vessels,-,512x512x629,3,True,90f82071,0,1.0,38.144,4.851,3196
laptop_webgpu,lits_185,total,liver,512x512x629,3,True,fc3b5862,0,1.0,9.053,4.851,3196
laptop_webgpu,lits_194,liver_segments,-,512x512x321,3,True,9e31b8d4,0,1.0,27.74,2.284,3196
laptop_webgpu,lits_194,liver_vessels,-,512x512x321,3,True,46d4fe85,0,1.0,27.884,2.284,3196
laptop_webgpu,lits_194,total,liver,512x512x321,3,True,9f00cd75,0,1.0,4.594,2.284,3196
