task03_file,record_id,split,slices,pixel_spacing_mm,slice_spacing_mm,group,sha256
liver_1.nii.gz,lits_001,Tr,123,0.676,5.0,thick,86931dc0e9559d28b626482bcbb74783f0452d08137e011644875db6e3bfab42
liver_2.nii.gz,lits_002,Tr,517,0.775,1.0,thin,f50ea0f51b7e5e79467362b3807761c8e59ce1391e21e7dc7ba303680d8094c5
liver_15.nii.gz,lits_015,Tr,565,0.654,1.0,thin,3d3f95b941e76b5794f83218e373d7e34fcf76cbd348d24abe1bb2a38d9278fb
liver_22.nii.gz,lits_022,Tr,247,0.977,3.27,thick,fb3dc26f604f94c3a8fa0249174ce9cd2fdd123baa94b6db4d5acf0a15f80deb
liver_23.nii.gz,lits_023,Tr,391,0.66,1.2,medium,d36aecad0b501d617dc72140a1c2ceb91aecd8b2ae6caadb62239b1e1841cc13
liver_48.nii.gz,lits_048,Tr,244,0.977,2.5,medium,a1071881c8110714c56685c15964a2d720d1951894e371c2d08212129eed877d
liver_54.nii.gz,lits_054,Tr,96,0.828,5.0,thick,029fa4d85222c665e45b43707254f82f23378964782aa3344fbfc90bfcfb205b
liver_62.nii.gz,lits_062,Tr,188,0.645,2.0,medium,23153919eef8d4f5f81e4cce1197bd57053b05ec7d8af2cd83d4834efdf20eea
liver_63.nii.gz,lits_063,Tr,104,0.74,5.0,thick,f2c78a19391a3e8e79bd36bdb4829846a65d8d2e192edfd4504c6eed94402aa3
liver_72.nii.gz,lits_072,Tr,93,0.678,2.5,medium,48e6ee63a54378a34221cb2745e5110510682164030f637989942e9eb19533e1
liver_80.nii.gz,lits_080,Tr,217,0.684,2.0,medium,99714d2f83d802d508fdd086c7824473f9f7b9e7ea2b25f35352070459597890
liver_84.nii.gz,lits_084,Tr,733,0.758,0.7,thin,ce1ed275c2a50efc75bd75067714354367e9f79fa90ccc8bc7d24ab6c48b689e
liver_87.nii.gz,lits_087,Tr,896,0.854,0.8,thin,d17769b3a16fc6b7b9e15b60f1e6543c9f7c18960b731db930d2be861be7a6f1
liver_92.nii.gz,lits_092,Tr,836,0.671,0.8,thin,b29e686d2577d15a64f3f1058e0a9165dde790ae8706c0e9d115bf3ccb0f1d2e
liver_102.nii.gz,lits_102,Tr,677,0.717,0.7,thin,57621678db73daeb8603b64b75636bb05811cdd4d5819e298775de50fe060432
liver_107.nii.gz,lits_107,Tr,771,0.782,0.8,thin,018508b0a7208ec2ce697d11c8c0bbb8b6e81410854e6426b096aee4d0f71e73
liver_120.nii.gz,lits_120,Tr,424,0.744,1.5,medium,12833da77807a10a859104b01f61fd6f6bce7a62c3d23e7933c1536555e6a955
liver_129.nii.gz,lits_129,Tr,338,0.705,0.7,thin,5f98bc19350512d6d4e007ecfa11132b0059f6300ca2a20b11b2233e615db005
liver_139.nii.gz,lits_139,Ts,147,0.801,3.0,thick,e88e964e7d26896465f50a2530d507248334aa0e13f531e727d5710f5ffb3174
liver_143.nii.gz,lits_143,Ts,84,0.617,5.0,thick,27966a03557ef195672c6a3cfc49f48471573aa4f14b96cbd0fbf2ceffa5e598
liver_144.nii.gz,lits_144,Ts,267,0.977,2.5,medium,e0fd02670628741a20229392aedb97ba3ececeddbfb4df680c605963223c9be5
liver_147.nii.gz,lits_147,Ts,87,0.598,5.0,thick,90f1b395b936d6f1fe5623724e95843b45ef47cfa453c56604a16cf45316e8dd
liver_151.nii.gz,lits_151,Ts,112,0.812,4.0,thick,f9f50864e5ea437a280634cfd14f59df0c6ee1582e2610b3c82184adf4423267
liver_152.nii.gz,lits_152,Ts,89,0.774,5.0,thick,1b0db9f2e687d15732ba24508f36675168bbecf65ba8c9970aae00b10126ec4d
liver_163.nii.gz,lits_163,Ts,472,0.701,1.5,medium,8bd95e864ea6f2326055940b19ecdbc43dd57aa6a4de71a16c43764c9b21a12a
liver_166.nii.gz,lits_166,Ts,206,0.742,2.5,medium,c9703fd343f317734673b88bfbc19e5ae3ce32460a4647ac51ed6b5710cafbb1
liver_167.nii.gz,lits_167,Ts,1026,0.684,0.45,thin,15a0868330efbea5d77e80e31be85ccfdfbad27ccb5aa1d16c353fbbcb30711a
liver_169.nii.gz,lits_169,Ts,42,0.605,5.0,thick,65ebfb07a1431280b9c5dc07ad768dd7e5b2ced1ee06123875dfcc911a8cd1af
liver_185.nii.gz,lits_185,Ts,629,0.895,0.8,thin,cfd1e7abe35631cea7a5c3ef7ea0b6cc6fc2745340d338a78306b4a28753c968
liver_194.nii.gz,lits_194,Ts,321,0.754,1.5,medium,2ad535fcf167ab5a1073b5d42693e4f54674337d093ed8ecb33b9723e19d5099
