path,case,task,roi,shape,runs,hash,diff_voxels_vs_reference,min_dice,seconds,heap_mib,record
webgpu,lits_001,liver_segments,-,512x512x123,3,741e004f,0,1.0,3.921,712,browser_lits_v11/lits_v11_chrome_webgpu/lits_001__liver_segments_all.json
webgpu,lits_001,liver_vessels,-,512x512x123,3,25ee5a0c,0,1.0,3.915,712,browser_lits_v11/lits_v11_chrome_webgpu/lits_001__liver_vessels_all.json
webgpu,lits_001,total,liver,512x512x123,3,00a14870,0,1.0,1.141,593,browser_lits_v11/lits_v11_chrome_webgpu/lits_001__total_liver.json
webgpu,lits_002,liver_segments,-,512x512x517,3,5e098e18,0,1.0,5.988,1756,browser_lits_v11/lits_v11_chrome_webgpu/lits_002__liver_segments_all.json
webgpu,lits_002,liver_vessels,-,512x512x517,3,98ce96bf,0,1.0,6.127,1924,browser_lits_v11/lits_v11_chrome_webgpu/lits_002__liver_vessels_all.json
webgpu,lits_002,total,liver,512x512x517,3,1bcf62a9,0,1.0,1.447,1651,browser_lits_v11/lits_v11_chrome_webgpu/lits_002__total_liver.json
webgpu,lits_015,liver_segments,-,512x512x565,3,fdb6bb88,3,0.999997,3.663,2037,browser_lits_v11/lits_v11_chrome_webgpu/lits_015__liver_segments_all.json
webgpu,lits_015,liver_vessels,-,512x512x565,3,57ee0b37,0,1.0,3.821,2037,browser_lits_v11/lits_v11_chrome_webgpu/lits_015__liver_vessels_all.json
webgpu,lits_015,total,liver,512x512x565,3,577fe8de,0,1.0,1.928,2037,browser_lits_v11/lits_v11_chrome_webgpu/lits_015__total_liver.json
webgpu,lits_022,liver_segments,-,512x512x247,3,2c37fe47,1,0.999989,3.223,2037,browser_lits_v11/lits_v11_chrome_webgpu/lits_022__liver_segments_all.json
webgpu,lits_022,liver_vessels,-,512x512x247,3,4677c388,0,1.0,3.149,2037,browser_lits_v11/lits_v11_chrome_webgpu/lits_022__liver_vessels_all.json
webgpu,lits_022,total,liver,512x512x247,3,0ad1c29f,0,1.0,1.558,2037,browser_lits_v11/lits_v11_chrome_webgpu/lits_022__total_liver.json
webgpu,lits_023,liver_segments,-,512x512x391,3,ad016d13,0,1.0,3.906,2037,browser_lits_v11/lits_v11_chrome_webgpu/lits_023__liver_segments_all.json
webgpu,lits_023,liver_vessels,-,512x512x391,3,d5181f13,0,1.0,3.999,2037,browser_lits_v11/lits_v11_chrome_webgpu/lits_023__liver_vessels_all.json
webgpu,lits_023,total,liver,512x512x391,3,a5ea7a0b,0,1.0,1.128,2037,browser_lits_v11/lits_v11_chrome_webgpu/lits_023__total_liver.json
webgpu,lits_048,liver_segments,-,512x512x244,3,0e29d62c,0,1.0,7.613,2037,browser_lits_v11/lits_v11_chrome_webgpu/lits_048__liver_segments_all.json
webgpu,lits_048,liver_vessels,-,512x512x244,3,8d4d0287,0,1.0,7.602,2037,browser_lits_v11/lits_v11_chrome_webgpu/lits_048__liver_vessels_all.json
webgpu,lits_048,total,liver,512x512x244,3,09dd4d67,0,1.0,2.114,2037,browser_lits_v11/lits_v11_chrome_webgpu/lits_048__total_liver.json
webgpu,lits_054,liver_segments,-,512x512x96,3,e1a40aca,0,1.0,5.796,2037,browser_lits_v11/lits_v11_chrome_webgpu/lits_054__liver_segments_all.json
webgpu,lits_054,liver_vessels,-,512x512x96,3,9d2314b7,0,1.0,5.747,2037,browser_lits_v11/lits_v11_chrome_webgpu/lits_054__liver_vessels_all.json
webgpu,lits_054,total,liver,512x512x96,3,93832328,0,1.0,1.324,2037,browser_lits_v11/lits_v11_chrome_webgpu/lits_054__total_liver.json
webgpu,lits_062,liver_segments,-,512x512x188,3,aac04c52,0,1.0,3.451,2037,browser_lits_v11/lits_v11_chrome_webgpu/lits_062__liver_segments_all.json
webgpu,lits_062,liver_vessels,-,512x512x188,3,0ada1d13,0,1.0,3.474,2037,browser_lits_v11/lits_v11_chrome_webgpu/lits_062__liver_vessels_all.json
webgpu,lits_062,total,liver,512x512x188,3,f8af27ab,0,1.0,1.082,2037,browser_lits_v11/lits_v11_chrome_webgpu/lits_062__total_liver.json
webgpu,lits_063,liver_segments,-,512x512x104,3,4a5a52f5,0,1.0,5.036,2037,browser_lits_v11/lits_v11_chrome_webgpu/lits_063__liver_segments_all.json
webgpu,lits_063,liver_vessels,-,512x512x104,3,60e94ee1,0,1.0,5.005,2037,browser_lits_v11/lits_v11_chrome_webgpu/lits_063__liver_vessels_all.json
webgpu,lits_063,total,liver,512x512x104,3,1662ff1c,0,1.0,1.801,2037,browser_lits_v11/lits_v11_chrome_webgpu/lits_063__total_liver.json
webgpu,lits_072,liver_segments,-,512x512x93,3,c0498692,0,1.0,5.61,2037,browser_lits_v11/lits_v11_chrome_webgpu/lits_072__liver_segments_all.json
webgpu,lits_072,liver_vessels,-,512x512x93,3,1b5d9bed,0,1.0,5.67,2037,browser_lits_v11/lits_v11_chrome_webgpu/lits_072__liver_vessels_all.json
webgpu,lits_072,total,liver,512x512x93,3,5311366c,0,1.0,1.08,2037,browser_lits_v11/lits_v11_chrome_webgpu/lits_072__total_liver.json
webgpu,lits_080,liver_segments,-,512x512x217,3,8e3e1eb7,0,1.0,3.963,2037,browser_lits_v11/lits_v11_chrome_webgpu/lits_080__liver_segments_all.json
webgpu,lits_080,liver_vessels,-,512x512x217,3,54d67d91,0,1.0,3.998,2037,browser_lits_v11/lits_v11_chrome_webgpu/lits_080__liver_vessels_all.json
webgpu,lits_080,total,liver,512x512x217,3,5c4fb1d9,0,1.0,0.798,2037,browser_lits_v11/lits_v11_chrome_webgpu/lits_080__total_liver.json
webgpu,lits_084,liver_segments,-,512x512x733,3,69ed450e,0,1.0,7.862,2431,browser_lits_v11/lits_v11_chrome_webgpu/lits_084__liver_segments_all.json
webgpu,lits_084,liver_vessels,-,512x512x733,3,aa4681c8,0,1.0,8.019,2739,browser_lits_v11/lits_v11_chrome_webgpu/lits_084__liver_vessels_all.json
webgpu,lits_084,total,liver,512x512x733,3,68170344,0,1.0,2.203,2431,browser_lits_v11/lits_v11_chrome_webgpu/lits_084__total_liver.json
webgpu,lits_087,liver_segments,-,512x512x896,3,18a0fd04,0,1.0,8.063,2739,browser_lits_v11/lits_v11_chrome_webgpu/lits_087__liver_segments_all.json
webgpu,lits_087,liver_vessels,-,512x512x896,3,4c85f610,0,1.0,8.215,2848,browser_lits_v11/lits_v11_chrome_webgpu/lits_087__liver_vessels_all.json
webgpu,lits_087,total,liver,512x512x896,3,bc8ce4d9,0,1.0,2.379,2739,browser_lits_v11/lits_v11_chrome_webgpu/lits_087__total_liver.json
webgpu,lits_092,liver_segments,-,512x512x836,3,252bec24,2,0.999998,4.099,2848,browser_lits_v11/lits_v11_chrome_webgpu/lits_092__liver_segments_all.json
webgpu,lits_092,liver_vessels,-,512x512x836,3,ed2c2fd2,0,1.0,4.321,2848,browser_lits_v11/lits_v11_chrome_webgpu/lits_092__liver_vessels_all.json
webgpu,lits_092,total,liver,512x512x836,3,d04aad44,8,0.999999,1.257,2848,browser_lits_v11/lits_v11_chrome_webgpu/lits_092__total_liver.json
webgpu,lits_102,liver_segments,-,512x512x677,3,c20cea3f,0,1.0,7.599,2848,browser_lits_v11/lits_v11_chrome_webgpu/lits_102__liver_segments_all.json
webgpu,lits_102,liver_vessels,-,512x512x677,3,9dbda8a3,0,1.0,7.934,2848,browser_lits_v11/lits_v11_chrome_webgpu/lits_102__liver_vessels_all.json
webgpu,lits_102,total,liver,512x512x677,3,c14907d5,0,1.0,1.968,2848,browser_lits_v11/lits_v11_chrome_webgpu/lits_102__total_liver.json
webgpu,lits_107,liver_segments,-,512x512x771,3,0fdf2817,2,0.999998,5.423,2848,browser_lits_v11/lits_v11_chrome_webgpu/lits_107__liver_segments_all.json
webgpu,lits_107,liver_vessels,-,512x512x771,3,56f23381,0,1.0,5.583,2848,browser_lits_v11/lits_v11_chrome_webgpu/lits_107__liver_vessels_all.json
webgpu,lits_107,total,liver,512x512x771,3,7f07aed5,0,1.0,2.169,2848,browser_lits_v11/lits_v11_chrome_webgpu/lits_107__total_liver.json
webgpu,lits_120,liver_segments,-,512x512x424,3,57a091e3,2,0.999999,6.275,2848,browser_lits_v11/lits_v11_chrome_webgpu/lits_120__liver_segments_all.json
webgpu,lits_120,liver_vessels,-,512x512x424,3,93639e1c,0,1.0,6.345,2848,browser_lits_v11/lits_v11_chrome_webgpu/lits_120__liver_vessels_all.json
webgpu,lits_120,total,liver,512x512x424,3,6726bbb5,0,1.0,1.889,2848,browser_lits_v11/lits_v11_chrome_webgpu/lits_120__total_liver.json
webgpu,lits_129,liver_segments,-,512x512x338,3,57f21ccd,2,0.999999,9.763,2848,browser_lits_v11/lits_v11_chrome_webgpu/lits_129__liver_segments_all.json
webgpu,lits_129,liver_vessels,-,512x512x338,3,ea149e6e,1,1.0,10.164,2848,browser_lits_v11/lits_v11_chrome_webgpu/lits_129__liver_vessels_all.json
webgpu,lits_129,total,liver,512x512x338,3,2dda7078,0,1.0,1.931,2848,browser_lits_v11/lits_v11_chrome_webgpu/lits_129__total_liver.json
webgpu,lits_139,liver_segments,-,512x512x147,3,ff6e8d46,0,1.0,5.855,2848,browser_lits_v11/lits_v11_chrome_webgpu/lits_139__liver_segments_all.json
webgpu,lits_139,liver_vessels,-,512x512x147,3,ac32fe58,0,1.0,5.81,2848,browser_lits_v11/lits_v11_chrome_webgpu/lits_139__liver_vessels_all.json
webgpu,lits_139,total,liver,512x512x147,3,a305f58f,0,1.0,1.346,2848,browser_lits_v11/lits_v11_chrome_webgpu/lits_139__total_liver.json
webgpu,lits_143,liver_segments,-,512x512x84,3,5a178b62,0,1.0,2.701,2848,browser_lits_v11/lits_v11_chrome_webgpu/lits_143__liver_segments_all.json
webgpu,lits_143,liver_vessels,-,512x512x84,3,cc4ab15d,0,1.0,2.694,2848,browser_lits_v11/lits_v11_chrome_webgpu/lits_143__liver_vessels_all.json
webgpu,lits_143,total,liver,512x512x84,3,4933d4ce,0,1.0,0.737,2848,browser_lits_v11/lits_v11_chrome_webgpu/lits_143__total_liver.json
webgpu,lits_144,liver_segments,-,512x512x267,3,9096c119,0,1.0,7.725,2848,browser_lits_v11/lits_v11_chrome_webgpu/lits_144__liver_segments_all.json
webgpu,lits_144,liver_vessels,-,512x512x267,3,af8da062,0,1.0,7.664,2848,browser_lits_v11/lits_v11_chrome_webgpu/lits_144__liver_vessels_all.json
webgpu,lits_144,total,liver,512x512x267,3,3e00c934,0,1.0,2.173,2848,browser_lits_v11/lits_v11_chrome_webgpu/lits_144__total_liver.json
webgpu,lits_147,liver_segments,-,512x512x87,3,d6616a2a,0,1.0,3.485,2848,browser_lits_v11/lits_v11_chrome_webgpu/lits_147__liver_segments_all.json
webgpu,lits_147,liver_vessels,-,512x512x87,3,7980352b,0,1.0,3.475,2848,browser_lits_v11/lits_v11_chrome_webgpu/lits_147__liver_vessels_all.json
webgpu,lits_147,total,liver,512x512x87,3,1c642614,0,1.0,1.776,2848,browser_lits_v11/lits_v11_chrome_webgpu/lits_147__total_liver.json
webgpu,lits_151,liver_segments,-,512x512x112,3,cfbb7dc3,0,1.0,7.541,2848,browser_lits_v11/lits_v11_chrome_webgpu/lits_151__liver_segments_all.json
webgpu,lits_151,liver_vessels,-,512x512x112,3,9a6373b6,0,1.0,7.628,2848,browser_lits_v11/lits_v11_chrome_webgpu/lits_151__liver_vessels_all.json
webgpu,lits_151,total,liver,512x512x112,3,2183b5d3,0,1.0,2.001,2848,browser_lits_v11/lits_v11_chrome_webgpu/lits_151__total_liver.json
webgpu,lits_152,liver_segments,-,512x512x89,3,4a96cea0,0,1.0,7.744,2848,browser_lits_v11/lits_v11_chrome_webgpu/lits_152__liver_segments_all.json
webgpu,lits_152,liver_vessels,-,512x512x89,3,c205e6e2,0,1.0,7.656,2848,browser_lits_v11/lits_v11_chrome_webgpu/lits_152__liver_vessels_all.json
webgpu,lits_152,total,liver,512x512x89,3,8d387b6e,0,1.0,2.088,2848,browser_lits_v11/lits_v11_chrome_webgpu/lits_152__total_liver.json
webgpu,lits_163,liver_segments,-,512x512x472,3,69ea87b1,1,0.999995,7.612,2848,browser_lits_v11/lits_v11_chrome_webgpu/lits_163__liver_segments_all.json
webgpu,lits_163,liver_vessels,-,512x512x472,3,497b3bea,0,1.0,7.692,2848,browser_lits_v11/lits_v11_chrome_webgpu/lits_163__liver_vessels_all.json
webgpu,lits_163,total,liver,512x512x472,3,0f49696a,0,1.0,1.974,2848,browser_lits_v11/lits_v11_chrome_webgpu/lits_163__total_liver.json
webgpu,lits_166,liver_segments,-,512x512x206,3,e3bb5546,0,1.0,3.541,2848,browser_lits_v11/lits_v11_chrome_webgpu/lits_166__liver_segments_all.json
webgpu,lits_166,liver_vessels,-,512x512x206,3,c794f469,0,1.0,3.525,2848,browser_lits_v11/lits_v11_chrome_webgpu/lits_166__liver_vessels_all.json
webgpu,lits_166,total,liver,512x512x206,3,8dafff1a,0,1.0,0.766,2848,browser_lits_v11/lits_v11_chrome_webgpu/lits_166__total_liver.json
webgpu,lits_167,liver_segments,-,512x512x1026,3,c1f82952,0,1.0,2.892,2848,browser_lits_v11/lits_v11_chrome_webgpu/lits_167__liver_segments_all.json
webgpu,lits_167,liver_vessels,-,512x512x1026,3,ec3fd67f,0,1.0,3.315,3228,browser_lits_v11/lits_v11_chrome_webgpu/lits_167__liver_vessels_all.json
webgpu,lits_167,total,liver,512x512x1026,3,465da92e,0,1.0,1.278,2848,browser_lits_v11/lits_v11_chrome_webgpu/lits_167__total_liver.json
webgpu,lits_169,liver_segments,-,512x512x42,3,bfbe94cf,0,1.0,5.079,3228,browser_lits_v11/lits_v11_chrome_webgpu/lits_169__liver_segments_all.json
webgpu,lits_169,liver_vessels,-,512x512x42,3,f54cb560,0,1.0,5.077,3228,browser_lits_v11/lits_v11_chrome_webgpu/lits_169__liver_vessels_all.json
webgpu,lits_169,total,liver,512x512x42,3,cb63b13c,0,1.0,1.743,3228,browser_lits_v11/lits_v11_chrome_webgpu/lits_169__total_liver.json
webgpu,lits_185,liver_segments,-,512x512x629,3,3de98d2f,2,0.999998,7.741,3228,browser_lits_v11/lits_v11_chrome_webgpu/lits_185__liver_segments_all.json
webgpu,lits_185,liver_vessels,-,512x512x629,3,90f82071,0,1.0,8.011,3228,browser_lits_v11/lits_v11_chrome_webgpu/lits_185__liver_vessels_all.json
webgpu,lits_185,total,liver,512x512x629,3,fc3b5862,0,1.0,2.175,3228,browser_lits_v11/lits_v11_chrome_webgpu/lits_185__total_liver.json
webgpu,lits_194,liver_segments,-,512x512x321,3,9e31b8d4,0,1.0,5.832,3228,browser_lits_v11/lits_v11_chrome_webgpu/lits_194__liver_segments_all.json
webgpu,lits_194,liver_vessels,-,512x512x321,3,46d4fe85,0,1.0,5.871,3228,browser_lits_v11/lits_v11_chrome_webgpu/lits_194__liver_vessels_all.json
webgpu,lits_194,total,liver,512x512x321,3,9f00cd75,0,1.0,1.214,3228,browser_lits_v11/lits_v11_chrome_webgpu/lits_194__total_liver.json
cpu,lits_001,liver_segments,-,512x512x123,1,741e004f,0,1.0,79.436,1956,browser_lits_v11/lits_v11_chrome_wasm_p3/lits_001__liver_segments_all.json
cpu,lits_001,liver_vessels,-,512x512x123,1,25ee5a0c,0,1.0,78.341,1956,browser_lits_v11/lits_v11_chrome_wasm_p3/lits_001__liver_vessels_all.json
cpu,lits_001,total,liver,512x512x123,1,00a14870,0,1.0,16.295,1554,browser_lits_v11/lits_v11_chrome_wasm_p3/lits_001__total_liver.json
cpu,lits_002,liver_segments,-,512x512x517,1,5e098e18,0,1.0,114.139,2840,browser_lits_v11/lits_v11_chrome_wasm_p1/lits_002__liver_segments_all.json
cpu,lits_002,liver_vessels,-,512x512x517,1,98ce96bf,0,1.0,115.91,2840,browser_lits_v11/lits_v11_chrome_wasm_p1/lits_002__liver_vessels_all.json
cpu,lits_002,total,liver,512x512x517,1,1bcf62a9,0,1.0,17.608,2444,browser_lits_v11/lits_v11_chrome_wasm_p1/lits_002__total_liver.json
cpu,lits_015,liver_segments,-,512x512x565,1,8eb49400,1,0.999997,65.56,3059,browser_lits_v11/lits_v11_chrome_wasm_p1/lits_015__liver_segments_all.json
cpu,lits_015,liver_vessels,-,512x512x565,1,57ee0b37,0,1.0,65.607,3059,browser_lits_v11/lits_v11_chrome_wasm_p1/lits_015__liver_vessels_all.json
cpu,lits_015,total,liver,512x512x565,1,577fe8de,0,1.0,30.275,2840,browser_lits_v11/lits_v11_chrome_wasm_p1/lits_015__total_liver.json
cpu,lits_022,liver_segments,-,512x512x247,1,84888523,0,1.0,57.162,2270,browser_lits_v11/lits_v11_chrome_wasm_p3/lits_022__liver_segments_all.json
cpu,lits_022,liver_vessels,-,512x512x247,1,4677c388,0,1.0,56.141,2270,browser_lits_v11/lits_v11_chrome_wasm_p3/lits_022__liver_vessels_all.json
cpu,lits_022,total,liver,512x512x247,1,0ad1c29f,0,1.0,22.025,2270,browser_lits_v11/lits_v11_chrome_wasm_p3/lits_022__total_liver.json
cpu,lits_023,liver_segments,-,512x512x391,1,ad016d13,0,1.0,77.622,2431,browser_lits_v11/lits_v11_chrome_wasm_p2/lits_023__liver_segments_all.json
cpu,lits_023,liver_vessels,-,512x512x391,1,d5181f13,0,1.0,77.889,2431,browser_lits_v11/lits_v11_chrome_wasm_p2/lits_023__liver_vessels_all.json
cpu,lits_023,total,liver,512x512x391,1,a5ea7a0b,0,1.0,15.594,2002,browser_lits_v11/lits_v11_chrome_wasm_p2/lits_023__total_liver.json
cpu,lits_048,liver_segments,-,512x512x244,1,0e29d62c,0,1.0,150.677,2431,browser_lits_v11/lits_v11_chrome_wasm_p2/lits_048__liver_segments_all.json
cpu,lits_048,liver_vessels,-,512x512x244,1,8d4d0287,0,1.0,150.351,2431,browser_lits_v11/lits_v11_chrome_wasm_p2/lits_048__liver_vessels_all.json
cpu,lits_048,total,liver,512x512x244,1,09dd4d67,0,1.0,35.119,2431,browser_lits_v11/lits_v11_chrome_wasm_p2/lits_048__total_liver.json
cpu,lits_054,liver_segments,-,512x512x96,1,e1a40aca,0,1.0,112.201,2270,browser_lits_v11/lits_v11_chrome_wasm_p3/lits_054__liver_segments_all.json
cpu,lits_054,liver_vessels,-,512x512x96,1,ba0c392e,1,0.999955,111.549,2270,browser_lits_v11/lits_v11_chrome_wasm_p3/lits_054__liver_vessels_all.json
cpu,lits_054,total,liver,512x512x96,1,93832328,0,1.0,18.907,2270,browser_lits_v11/lits_v11_chrome_wasm_p3/lits_054__total_liver.json
cpu,lits_062,liver_segments,-,512x512x188,1,aac04c52,0,1.0,64.989,2431,browser_lits_v11/lits_v11_chrome_wasm_p2/lits_062__liver_segments_all.json
cpu,lits_062,liver_vessels,-,512x512x188,1,0ada1d13,0,1.0,66.534,2431,browser_lits_v11/lits_v11_chrome_wasm_p2/lits_062__liver_vessels_all.json
cpu,lits_062,total,liver,512x512x188,1,f8af27ab,0,1.0,15.124,2431,browser_lits_v11/lits_v11_chrome_wasm_p2/lits_062__total_liver.json
cpu,lits_063,liver_segments,-,512x512x104,1,4a5a52f5,0,1.0,97.03,2270,browser_lits_v11/lits_v11_chrome_wasm_p3/lits_063__liver_segments_all.json
cpu,lits_063,liver_vessels,-,512x512x104,1,60e94ee1,0,1.0,101.907,2270,browser_lits_v11/lits_v11_chrome_wasm_p3/lits_063__liver_vessels_all.json
cpu,lits_063,total,liver,512x512x104,1,1662ff1c,0,1.0,30.241,2270,browser_lits_v11/lits_v11_chrome_wasm_p3/lits_063__total_liver.json
cpu,lits_072,liver_segments,-,512x512x93,1,c0498692,0,1.0,108.901,3059,browser_lits_v11/lits_v11_chrome_wasm_p1/lits_072__liver_segments_all.json
cpu,lits_072,liver_vessels,-,512x512x93,1,1b5d9bed,0,1.0,110.422,3059,browser_lits_v11/lits_v11_chrome_wasm_p1/lits_072__liver_vessels_all.json
cpu,lits_072,total,liver,512x512x93,1,5311366c,0,1.0,15.181,3059,browser_lits_v11/lits_v11_chrome_wasm_p1/lits_072__total_liver.json
cpu,lits_080,liver_segments,-,512x512x217,1,8e3e1eb7,0,1.0,75.545,2431,browser_lits_v11/lits_v11_chrome_wasm_p2/lits_080__liver_segments_all.json
cpu,lits_080,liver_vessels,-,512x512x217,1,54d67d91,0,1.0,73.07,2431,browser_lits_v11/lits_v11_chrome_wasm_p2/lits_080__liver_vessels_all.json
cpu,lits_080,total,liver,512x512x217,1,5c4fb1d9,0,1.0,8.454,2431,browser_lits_v11/lits_v11_chrome_wasm_p2/lits_080__total_liver.json
cpu,lits_084,liver_segments,-,512x512x733,1,69ed450e,0,1.0,154.678,3360,browser_lits_v11/lits_v11_chrome_wasm_p1/lits_084__liver_segments_all.json
cpu,lits_084,liver_vessels,-,512x512x733,1,aa4681c8,0,1.0,154.095,3360,browser_lits_v11/lits_v11_chrome_wasm_p1/lits_084__liver_vessels_all.json
cpu,lits_084,total,liver,512x512x733,1,68170344,0,1.0,33.781,3360,browser_lits_v11/lits_v11_chrome_wasm_p1/lits_084__total_liver.json
cpu,lits_087,liver_segments,-,512x512x896,1,18a0fd04,0,1.0,152.208,3870,browser_lits_v11/lits_v11_chrome_wasm_p1/lits_087__liver_segments_all.json
cpu,lits_087,liver_vessels,-,512x512x896,1,4c85f610,0,1.0,160.612,3870,browser_lits_v11/lits_v11_chrome_wasm_p1/lits_087__liver_vessels_all.json
cpu,lits_087,total,liver,512x512x896,1,bc8ce4d9,0,1.0,36.055,3744,browser_lits_v11/lits_v11_chrome_wasm_p1/lits_087__total_liver.json
cpu,lits_092,liver_segments,-,512x512x836,1,77f87cd8,0,1.0,78.326,3870,browser_lits_v11/lits_v11_chrome_wasm_p1/lits_092__liver_segments_all.json
cpu,lits_092,liver_vessels,-,512x512x836,1,ed2c2fd2,0,1.0,77.776,3870,browser_lits_v11/lits_v11_chrome_wasm_p1/lits_092__liver_vessels_all.json
cpu,lits_092,total,liver,512x512x836,1,d04aad44,8,0.999999,16.085,3870,browser_lits_v11/lits_v11_chrome_wasm_p1/lits_092__total_liver.json
cpu,lits_102,liver_segments,-,512x512x677,1,c20cea3f,0,1.0,154.614,3870,browser_lits_v11/lits_v11_chrome_wasm_p1/lits_102__liver_segments_all.json
cpu,lits_102,liver_vessels,-,512x512x677,1,9dbda8a3,0,1.0,154.696,3870,browser_lits_v11/lits_v11_chrome_wasm_p1/lits_102__liver_vessels_all.json
cpu,lits_102,total,liver,512x512x677,1,c14907d5,0,1.0,31.28,3870,browser_lits_v11/lits_v11_chrome_wasm_p1/lits_102__total_liver.json
cpu,lits_107,liver_segments,-,512x512x771,1,0fdf2817,2,0.999998,106.517,3870,browser_lits_v11/lits_v11_chrome_wasm_p1/lits_107__liver_segments_all.json
cpu,lits_107,liver_vessels,-,512x512x771,1,56f23381,0,1.0,106.652,3870,browser_lits_v11/lits_v11_chrome_wasm_p1/lits_107__liver_vessels_all.json
cpu,lits_107,total,liver,512x512x771,1,7f07aed5,0,1.0,34.322,3870,browser_lits_v11/lits_v11_chrome_wasm_p1/lits_107__total_liver.json
cpu,lits_120,liver_segments,-,512x512x424,1,57a091e3,2,0.999999,121.109,3056,browser_lits_v11/lits_v11_chrome_wasm_p2/lits_120__liver_segments_all.json
cpu,lits_120,liver_vessels,-,512x512x424,1,93639e1c,0,1.0,121.593,3056,browser_lits_v11/lits_v11_chrome_wasm_p2/lits_120__liver_vessels_all.json
cpu,lits_120,total,liver,512x512x424,1,6726bbb5,0,1.0,30.219,2704,browser_lits_v11/lits_v11_chrome_wasm_p2/lits_120__total_liver.json
cpu,lits_129,liver_segments,-,512x512x338,1,d50f3ced,4,0.999999,205.097,3870,browser_lits_v11/lits_v11_chrome_wasm_p1/lits_129__liver_segments_all.json
cpu,lits_129,liver_vessels,-,512x512x338,1,ea149e6e,1,1.0,205.244,3870,browser_lits_v11/lits_v11_chrome_wasm_p1/lits_129__liver_vessels_all.json
cpu,lits_129,total,liver,512x512x338,1,2dda7078,0,1.0,30.777,3870,browser_lits_v11/lits_v11_chrome_wasm_p1/lits_129__total_liver.json
cpu,lits_139,liver_segments,-,512x512x147,1,ff6e8d46,0,1.0,118.89,2388,browser_lits_v11/lits_v11_chrome_wasm_p3/lits_139__liver_segments_all.json
cpu,lits_139,liver_vessels,-,512x512x147,1,ac32fe58,0,1.0,118.805,2388,browser_lits_v11/lits_v11_chrome_wasm_p3/lits_139__liver_vessels_all.json
cpu,lits_139,total,liver,512x512x147,1,a305f58f,0,1.0,19.286,2270,browser_lits_v11/lits_v11_chrome_wasm_p3/lits_139__total_liver.json
cpu,lits_143,liver_segments,-,512x512x84,1,5a178b62,0,1.0,52.074,2388,browser_lits_v11/lits_v11_chrome_wasm_p3/lits_143__liver_segments_all.json
cpu,lits_143,liver_vessels,-,512x512x84,1,cc4ab15d,0,1.0,52.089,2388,browser_lits_v11/lits_v11_chrome_wasm_p3/lits_143__liver_vessels_all.json
cpu,lits_143,total,liver,512x512x84,1,4933d4ce,0,1.0,8.638,2388,browser_lits_v11/lits_v11_chrome_wasm_p3/lits_143__total_liver.json
cpu,lits_144,liver_segments,-,512x512x267,1,9096c119,0,1.0,148.273,3056,browser_lits_v11/lits_v11_chrome_wasm_p2/lits_144__liver_segments_all.json
cpu,lits_144,liver_vessels,-,512x512x267,1,af8da062,0,1.0,158.543,3056,browser_lits_v11/lits_v11_chrome_wasm_p2/lits_144__liver_vessels_all.json
cpu,lits_144,total,liver,512x512x267,1,3e00c934,0,1.0,33.438,3056,browser_lits_v11/lits_v11_chrome_wasm_p2/lits_144__total_liver.json
cpu,lits_147,liver_segments,-,512x512x87,1,d6616a2a,0,1.0,69.176,2388,browser_lits_v11/lits_v11_chrome_wasm_p3/lits_147__liver_segments_all.json
cpu,lits_147,liver_vessels,-,512x512x87,1,7980352b,0,1.0,69.165,2388,browser_lits_v11/lits_v11_chrome_wasm_p3/lits_147__liver_vessels_all.json
cpu,lits_147,total,liver,512x512x87,1,1c642614,0,1.0,31.445,2388,browser_lits_v11/lits_v11_chrome_wasm_p3/lits_147__total_liver.json
cpu,lits_151,liver_segments,-,512x512x112,1,cfbb7dc3,0,1.0,157.745,2388,browser_lits_v11/lits_v11_chrome_wasm_p3/lits_151__liver_segments_all.json
cpu,lits_151,liver_vessels,-,512x512x112,1,9a6373b6,0,1.0,158.126,2388,browser_lits_v11/lits_v11_chrome_wasm_p3/lits_151__liver_vessels_all.json
cpu,lits_151,total,liver,512x512x112,1,2183b5d3,0,1.0,34.524,2388,browser_lits_v11/lits_v11_chrome_wasm_p3/lits_151__total_liver.json
cpu,lits_152,liver_segments,-,512x512x89,1,4a96cea0,0,1.0,157.181,2388,browser_lits_v11/lits_v11_chrome_wasm_p3/lits_152__liver_segments_all.json
cpu,lits_152,liver_vessels,-,512x512x89,1,c205e6e2,0,1.0,157.644,2388,browser_lits_v11/lits_v11_chrome_wasm_p3/lits_152__liver_vessels_all.json
cpu,lits_152,total,liver,512x512x89,1,8d387b6e,0,1.0,34.732,2388,browser_lits_v11/lits_v11_chrome_wasm_p3/lits_152__total_liver.json
cpu,lits_163,liver_segments,-,512x512x472,1,69ea87b1,1,0.999995,155.677,3056,browser_lits_v11/lits_v11_chrome_wasm_p2/lits_163__liver_segments_all.json
cpu,lits_163,liver_vessels,-,512x512x472,1,497b3bea,0,1.0,154.684,3056,browser_lits_v11/lits_v11_chrome_wasm_p2/lits_163__liver_vessels_all.json
cpu,lits_163,total,liver,512x512x472,1,0f49696a,0,1.0,32.733,3056,browser_lits_v11/lits_v11_chrome_wasm_p2/lits_163__total_liver.json
cpu,lits_166,liver_segments,-,512x512x206,1,e3bb5546,0,1.0,68.971,3056,browser_lits_v11/lits_v11_chrome_wasm_p2/lits_166__liver_segments_all.json
cpu,lits_166,liver_vessels,-,512x512x206,1,c794f469,0,1.0,69.215,3056,browser_lits_v11/lits_v11_chrome_wasm_p2/lits_166__liver_vessels_all.json
cpu,lits_166,total,liver,512x512x206,1,8dafff1a,0,1.0,8.603,3056,browser_lits_v11/lits_v11_chrome_wasm_p2/lits_166__total_liver.json
cpu,lits_167,liver_segments,-,512x512x1026,1,c1f82952,0,1.0,52.31,3768,browser_lits_v11/lits_v11_chrome_wasm_167/lits_167__liver_segments_all.json
cpu,lits_167,liver_vessels,-,512x512x1026,1,ec3fd67f,0,1.0,52.299,3768,browser_lits_v11/lits_v11_chrome_wasm_167/lits_167__liver_vessels_all.json
cpu,lits_167,total,liver,512x512x1026,1,465da92e,0,1.0,15.351,3032,browser_lits_v11/lits_v11_chrome_wasm_167/lits_167__total_liver.json
cpu,lits_169,liver_segments,-,512x512x42,1,bfbe94cf,0,1.0,104.426,3056,browser_lits_v11/lits_v11_chrome_wasm_p2/lits_169__liver_segments_all.json
cpu,lits_169,liver_vessels,-,512x512x42,1,f54cb560,0,1.0,102.213,3056,browser_lits_v11/lits_v11_chrome_wasm_p2/lits_169__liver_vessels_all.json
cpu,lits_169,total,liver,512x512x42,1,cb63b13c,0,1.0,31.3,3056,browser_lits_v11/lits_v11_chrome_wasm_p2/lits_169__total_liver.json
cpu,lits_185,liver_segments,-,512x512x629,1,3de98d2f,2,0.999998,158.085,3870,browser_lits_v11/lits_v11_chrome_wasm_p1/lits_185__liver_segments_all.json
cpu,lits_185,liver_vessels,-,512x512x629,1,90f82071,0,1.0,157.952,3870,browser_lits_v11/lits_v11_chrome_wasm_p1/lits_185__liver_vessels_all.json
cpu,lits_185,total,liver,512x512x629,1,fc3b5862,0,1.0,34.513,3870,browser_lits_v11/lits_v11_chrome_wasm_p1/lits_185__total_liver.json
cpu,lits_194,liver_segments,-,512x512x321,1,9e31b8d4,0,1.0,115.832,3056,browser_lits_v11/lits_v11_chrome_wasm_p2/lits_194__liver_segments_all.json
cpu,lits_194,liver_vessels,-,512x512x321,1,46d4fe85,0,1.0,116.787,3056,browser_lits_v11/lits_v11_chrome_wasm_p2/lits_194__liver_vessels_all.json
cpu,lits_194,total,liver,512x512x321,1,9f00cd75,0,1.0,16.234,3056,browser_lits_v11/lits_v11_chrome_wasm_p2/lits_194__total_liver.json
