timestamp, utilization.gpu [%], memory.used [MiB]
2026/10/06 16:21:53.287, 1 %, 1156 MiB
2026/10/06 16:22:03.297, 100 %, 3092 MiB
2026/10/06 16:22:13.303, 100 %, 3197 MiB
2026/10/06 16:22:23.306, 100 %, 2813 MiB
2026/10/06 16:22:33.323, 0 %, 1943 MiB
2026/10/06 16:22:43.338, 100 %, 3403 MiB
2026/10/06 16:22:53.353, 100 %, 3403 MiB
2026/10/06 16:23:03.368, 100 %, 2888 MiB
2026/10/06 16:23:13.372, 100 %, 2888 MiB
2026/10/06 16:23:23.384, 100 %, 3092 MiB
2026/10/06 16:23:33.389, 61 %, 3214 MiB
2026/10/06 16:23:43.392, 100 %, 2823 MiB
2026/10/06 16:23:53.403, 50 %, 3011 MiB
2026/10/06 16:24:03.415, 9 %, 3108 MiB
2026/10/06 16:24:13.416, 0 %, 2788 MiB
2026/10/06 16:24:23.429, 100 %, 3154 MiB
2026/10/06 16:24:33.440, 100 %, 3159 MiB
2026/10/06 16:24:43.443, 0 %, 2808 MiB
2026/10/06 16:24:53.448, 64 %, 3236 MiB
2026/10/06 16:25:03.450, 54 %, 3397 MiB
2026/10/06 16:25:13.462, 100 %, 3403 MiB
2026/10/06 16:25:23.466, 100 %, 2895 MiB
2026/10/06 16:25:33.476, 100 %, 2895 MiB
2026/10/06 16:25:43.486, 100 %, 1979 MiB
2026/10/06 16:25:53.499, 0 %, 1980 MiB
2026/10/06 16:26:03.508, 100 %, 3320 MiB
2026/10/06 16:26:13.517, 100 %, 2868 MiB
2026/10/06 16:26:23.521, 0 %, 2867 MiB
2026/10/06 16:26:33.523, 100 %, 3128 MiB
2026/10/06 16:26:43.537, 100 %, 2799 MiB
2026/10/06 16:26:53.549, 100 %, 3173 MiB
2026/10/06 16:27:03.557, 100 %, 3320 MiB
2026/10/06 16:27:13.573, 100 %, 2868 MiB
2026/10/06 16:27:23.582, 100 %, 2867 MiB
2026/10/06 16:27:33.592, 100 %, 3273 MiB
2026/10/06 16:27:43.605, 100 %, 3275 MiB
2026/10/06 16:27:53.618, 0 %, 1886 MiB
2026/10/06 16:28:03.623, 100 %, 2851 MiB
2026/10/06 16:28:13.638, 11 %, 3170 MiB
2026/10/06 16:28:23.652, 100 %, 2813 MiB
2026/10/06 16:28:33.658, 0 %, 2813 MiB
2026/10/06 16:28:43.675, 100 %, 3325 MiB
2026/10/06 16:28:53.678, 100 %, 3506 MiB
2026/10/06 16:29:03.683, 9 %, 3248 MiB
2026/10/06 16:29:13.691, 100 %, 2933 MiB
2026/10/06 16:29:23.694, 100 %, 2933 MiB
2026/10/06 16:29:33.698, 100 %, 2932 MiB
2026/10/06 16:29:43.705, 100 %, 3364 MiB
2026/10/06 16:29:53.712, 100 %, 3553 MiB
2026/10/06 16:30:03.727, 100 %, 3557 MiB
2026/10/06 16:30:13.736, 100 %, 3558 MiB
2026/10/06 16:30:23.750, 100 %, 2947 MiB
2026/10/06 16:30:33.766, 0 %, 2138 MiB
2026/10/06 16:30:43.774, 0 %, 2946 MiB
2026/10/06 16:30:53.789, 100 %, 3209 MiB
2026/10/06 16:31:03.797, 100 %, 3215 MiB
2026/10/06 16:31:13.801, 100 %, 2828 MiB
2026/10/06 16:31:23.808, 1 %, 2827 MiB
2026/10/06 16:31:33.810, 100 %, 3473 MiB
2026/10/06 16:31:43.812, 100 %, 3478 MiB
2026/10/06 16:31:53.821, 100 %, 3479 MiB
2026/10/06 16:32:03.828, 17 %, 2921 MiB
2026/10/06 16:32:13.831, 100 %, 2834 MiB
2026/10/06 16:32:23.850, 0 %, 2919 MiB
2026/10/06 16:32:33.863, 36 %, 3409 MiB
2026/10/06 16:32:43.868, 100 %, 3413 MiB
2026/10/06 16:32:53.871, 100 %, 2898 MiB
2026/10/06 16:33:03.889, 80 %, 2819 MiB
2026/10/06 16:33:13.897, 69 %, 3204 MiB
2026/10/06 16:33:23.903, 100 %, 3353 MiB
2026/10/06 16:33:33.915, 100 %, 3356 MiB
2026/10/06 16:33:43.915, 100 %, 2879 MiB
2026/10/06 16:33:53.921, 100 %, 2878 MiB
2026/10/06 16:34:03.933, 100 %, 3486 MiB
2026/10/06 16:34:13.940, 100 %, 3699 MiB
2026/10/06 16:34:23.941, 100 %, 3704 MiB
2026/10/06 16:34:33.945, 100 %, 3704 MiB
2026/10/06 16:34:43.956, 100 %, 2997 MiB
2026/10/06 16:34:53.957, 100 %, 2996 MiB
2026/10/06 16:35:03.972, 100 %, 2996 MiB
2026/10/06 16:35:13.975, 100 %, 3377 MiB
2026/10/06 16:35:23.986, 100 %, 3377 MiB
2026/10/06 16:35:33.998, 100 %, 2889 MiB
2026/10/06 16:35:44.010, 100 %, 2889 MiB
2026/10/06 16:35:54.021, 100 %, 3115 MiB
2026/10/06 16:36:04.036, 100 %, 2793 MiB
2026/10/06 16:36:14.044, 100 %, 3367 MiB
2026/10/06 16:36:24.049, 100 %, 3562 MiB
2026/10/06 16:36:34.056, 100 %, 2222 MiB
2026/10/06 16:36:44.059, 100 %, 2949 MiB
2026/10/06 16:36:54.061, 100 %, 2949 MiB
2026/10/06 16:37:04.064, 100 %, 2949 MiB
2026/10/06 16:37:14.074, 100 %, 3165 MiB
2026/10/06 16:37:24.080, 100 %, 2808 MiB
2026/10/06 16:37:34.082, 67 %, 1943 MiB
2026/10/06 16:37:44.086, 100 %, 3368 MiB
2026/10/06 16:37:54.088, 100 %, 3373 MiB
2026/10/06 16:38:04.093, 100 %, 2810 MiB
2026/10/06 16:38:14.107, 100 %, 2885 MiB
2026/10/06 16:38:24.113, 100 %, 2884 MiB
2026/10/06 16:38:34.127, 100 %, 3279 MiB
2026/10/06 16:38:44.137, 100 %, 3564 MiB
2026/10/06 16:38:54.139, 100 %, 3564 MiB
2026/10/06 16:39:04.148, 0 %, 1925 MiB
2026/10/06 16:39:14.155, 100 %, 2947 MiB
2026/10/06 16:39:24.166, 100 %, 3200 MiB
2026/10/06 16:39:34.174, 100 %, 3348 MiB
2026/10/06 16:39:44.181, 100 %, 3352 MiB
2026/10/06 16:39:54.186, 100 %, 2806 MiB
2026/10/06 16:40:04.196, 100 %, 2877 MiB
2026/10/06 16:40:14.210, 100 %, 2877 MiB
2026/10/06 16:40:24.222, 0 %, 1937 MiB
2026/10/06 16:40:34.236, 100 %, 2786 MiB
2026/10/06 16:40:44.244, 0 %, 2786 MiB
2026/10/06 16:40:54.251, 100 %, 3069 MiB
2026/10/06 16:41:04.265, 100 %, 3151 MiB
2026/10/06 16:41:14.277, 0 %, 2806 MiB
2026/10/06 16:41:24.282, 100 %, 3309 MiB
2026/10/06 16:41:34.292, 100 %, 3314 MiB
2026/10/06 16:41:44.305, 100 %, 2864 MiB
2026/10/06 16:41:54.314, 0 %, 2863 MiB
2026/10/06 16:42:04.328, 100 %, 3424 MiB
2026/10/06 16:42:14.331, 0 %, 3324 MiB
2026/10/06 16:42:24.347, 100 %, 3628 MiB
2026/10/06 16:42:34.361, 100 %, 2971 MiB
2026/10/06 16:42:44.374, 100 %, 2971 MiB
2026/10/06 16:42:54.381, 10 %, 2971 MiB
2026/10/06 16:43:04.394, 100 %, 3402 MiB
2026/10/06 16:43:14.399, 100 %, 3404 MiB
2026/10/06 16:43:24.409, 100 %, 2894 MiB
2026/10/06 16:43:34.421, 100 %, 2895 MiB
2026/10/06 16:43:44.425, 0 %, 1164 MiB
2026/10/06 16:43:54.438, 1 %, 1855 MiB
2026/10/06 16:44:04.454, 1 %, 1156 MiB
2026/10/06 16:44:14.456, 1 %, 1156 MiB
2026/10/06 16:44:24.466, 1 %, 1156 MiB
2026/10/06 16:44:34.472, 1 %, 1156 MiB
2026/10/06 16:44:44.475, 1 %, 1156 MiB
2026/10/06 16:44:54.480, 1 %, 1156 MiB
2026/10/06 16:45:04.489, 0 %, 1156 MiB
2026/10/06 16:45:14.498, 1 %, 1156 MiB
2026/10/06 16:45:24.503, 2 %, 1211 MiB
2026/10/06 16:45:34.517, 1 %, 1855 MiB
2026/10/06 16:45:44.530, 0 %, 1338 MiB
2026/10/06 16:45:54.537, 100 %, 3094 MiB
2026/10/06 16:46:04.546, 7 %, 3114 MiB
2026/10/06 16:46:14.554, 52 %, 3050 MiB
2026/10/06 16:46:24.569, 77 %, 3090 MiB
2026/10/06 16:46:34.570, 19 %, 3090 MiB
2026/10/06 16:46:44.572, 83 %, 3114 MiB
2026/10/06 16:46:54.586, 1 %, 1156 MiB
2026/10/06 16:47:04.593, 0 %, 1156 MiB
2026/10/06 16:47:14.603, 100 %, 3094 MiB
2026/10/06 16:47:24.606, 100 %, 3095 MiB
2026/10/06 16:47:34.614, 100 %, 3115 MiB
2026/10/06 16:47:44.619, 100 %, 3114 MiB
2026/10/06 16:47:54.628, 100 %, 5999 MiB
2026/10/06 16:48:04.645, 100 %, 3101 MiB
2026/10/06 16:48:14.664, 0 %, 3101 MiB
2026/10/06 16:48:24.668, 53 %, 3125 MiB
2026/10/06 16:48:34.670, 1 %, 1156 MiB
2026/10/06 16:48:44.680, 1 %, 1156 MiB
2026/10/06 16:48:54.682, 1 %, 1156 MiB
2026/10/06 16:49:04.689, 1 %, 1156 MiB
2026/10/06 16:49:14.694, 1 %, 1156 MiB
2026/10/06 16:49:24.699, 2 %, 1156 MiB
2026/10/06 16:49:34.701, 1 %, 1156 MiB
2026/10/06 16:49:44.715, 1 %, 1156 MiB
2026/10/06 16:49:54.723, 1 %, 1156 MiB
2026/10/06 16:50:04.735, 2 %, 1156 MiB
2026/10/06 16:50:14.749, 2 %, 1156 MiB
2026/10/06 16:50:24.752, 0 %, 1156 MiB
2026/10/06 16:50:34.765, 2 %, 1156 MiB
2026/10/06 16:50:44.778, 1 %, 1156 MiB
2026/10/06 16:50:54.779, 0 %, 1156 MiB
2026/10/06 16:51:04.791, 1 %, 1156 MiB
2026/10/06 16:51:14.801, 0 %, 1156 MiB
2026/10/06 16:51:24.812, 1 %, 1156 MiB
2026/10/06 16:51:34.826, 96 %, 3509 MiB
2026/10/06 16:51:44.837, 1 %, 1481 MiB
2026/10/06 16:51:54.854, 1 %, 1481 MiB
2026/10/06 16:52:04.860, 1 %, 1481 MiB
2026/10/06 16:52:14.871, 1 %, 1481 MiB
2026/10/06 16:52:24.874, 0 %, 1667 MiB
2026/10/06 16:52:34.878, 2 %, 1481 MiB
2026/10/06 16:52:44.880, 1 %, 1481 MiB
2026/10/06 16:52:54.891, 1 %, 1481 MiB
2026/10/06 16:53:04.895, 0 %, 1481 MiB
2026/10/06 16:53:14.903, 5 %, 2877 MiB
2026/10/06 16:53:24.914, 4 %, 1481 MiB
2026/10/06 16:53:34.927, 1 %, 2987 MiB
2026/10/06 16:53:44.933, 0 %, 1481 MiB
2026/10/06 16:53:54.947, 0 %, 2547 MiB
2026/10/06 16:54:04.957, 1 %, 1481 MiB
2026/10/06 16:54:14.962, 0 %, 2821 MiB
2026/10/06 16:54:24.968, 1 %, 1481 MiB
2026/10/06 16:54:34.976, 0 %, 2987 MiB
2026/10/06 16:54:44.985, 0 %, 1481 MiB
2026/10/06 16:54:55.001, 1 %, 1481 MiB
2026/10/06 16:55:05.011, 1 %, 1156 MiB
2026/10/06 16:55:15.017, 4 %, 1156 MiB
2026/10/06 16:55:25.019, 3 %, 1156 MiB
2026/10/06 16:55:35.025, 2 %, 1156 MiB
2026/10/06 16:55:45.035, 0 %, 1781 MiB
2026/10/06 16:55:55.048, 2 %, 1481 MiB
2026/10/06 16:56:05.053, 3 %, 1481 MiB
2026/10/06 16:56:15.069, 4 %, 1481 MiB
2026/10/06 16:56:25.080, 6 %, 1481 MiB
2026/10/06 16:56:35.089, 6 %, 1156 MiB
2026/10/06 16:56:45.095, 5 %, 1156 MiB
2026/10/06 16:56:55.100, 3 %, 1156 MiB
2026/10/06 16:57:05.114, 3 %, 1156 MiB
2026/10/06 16:57:15.122, 5 %, 1156 MiB
2026/10/06 16:57:25.132, 4 %, 1156 MiB
2026/10/06 16:57:35.144, 3 %, 1156 MiB
2026/10/06 16:57:45.157, 2 %, 1156 MiB
2026/10/06 16:57:55.172, 3 %, 1156 MiB
2026/10/06 16:58:05.183, 1 %, 1156 MiB
2026/10/06 16:58:15.196, 2 %, 1156 MiB
2026/10/06 16:58:25.199, 4 %, 1156 MiB
2026/10/06 16:58:35.209, 1 %, 1156 MiB
2026/10/06 16:58:45.220, 2 %, 1156 MiB
2026/10/06 16:58:55.226, 3 %, 1156 MiB
2026/10/06 16:59:05.231, 4 %, 1156 MiB
2026/10/06 16:59:15.240, 1 %, 1156 MiB
2026/10/06 16:59:25.255, 3 %, 1156 MiB
2026/10/06 16:59:35.271, 3 %, 1156 MiB
2026/10/06 16:59:45.273, 1 %, 1156 MiB
2026/10/06 16:59:55.288, 2 %, 1156 MiB
2026/10/06 17:00:05.302, 6 %, 1156 MiB
2026/10/06 17:00:15.320, 3 %, 1156 MiB
2026/10/06 17:00:25.336, 4 %, 1156 MiB
2026/10/06 17:00:35.341, 3 %, 1156 MiB
2026/10/06 17:00:45.356, 3 %, 1156 MiB
2026/10/06 17:00:55.370, 2 %, 1156 MiB
2026/10/06 17:01:05.385, 2 %, 1156 MiB
2026/10/06 17:01:15.390, 3 %, 1156 MiB
2026/10/06 17:01:25.398, 3 %, 1156 MiB
2026/10/06 17:01:35.406, 0 %, 1156 MiB
2026/10/06 17:01:45.414, 3 %, 1156 MiB
2026/10/06 17:01:55.430, 2 %, 1156 MiB
2026/10/06 17:02:05.432, 2 %, 1156 MiB
2026/10/06 17:02:15.446, 3 %, 1156 MiB
2026/10/06 17:02:25.449, 2 %, 1156 MiB
2026/10/06 17:02:35.464, 3 %, 1156 MiB
2026/10/06 17:02:45.474, 2 %, 1156 MiB
2026/10/06 17:02:55.477, 3 %, 1156 MiB
2026/10/06 17:03:05.490, 3 %, 1156 MiB
2026/10/06 17:03:15.496, 0 %, 1156 MiB
2026/10/06 17:03:25.507, 2 %, 1156 MiB
2026/10/06 17:03:35.520, 2 %, 1156 MiB
2026/10/06 17:03:45.537, 0 %, 1156 MiB
2026/10/06 17:03:55.539, 2 %, 1156 MiB
2026/10/06 17:04:05.553, 3 %, 1156 MiB
2026/10/06 17:04:15.565, 0 %, 1156 MiB
2026/10/06 17:04:25.574, 2 %, 1156 MiB
2026/10/06 17:04:35.575, 1 %, 1156 MiB
2026/10/06 17:04:45.591, 0 %, 1156 MiB
2026/10/06 17:04:55.596, 1 %, 1156 MiB
2026/10/06 17:05:05.608, 1 %, 1156 MiB
2026/10/06 17:05:15.622, 1 %, 1156 MiB
2026/10/06 17:05:25.633, 0 %, 1148 MiB
2026/10/06 17:05:35.642, 1 %, 1148 MiB
2026/10/06 17:05:45.655, 0 %, 1148 MiB
2026/10/06 17:05:55.660, 0 %, 1148 MiB
2026/10/06 17:06:05.671, 1 %, 1148 MiB
2026/10/06 17:06:15.678, 1 %, 1148 MiB
2026/10/06 17:06:25.683, 1 %, 1148 MiB
